사고부문,사고번호,사고일시,요일,시군구,사고내용,사망자수,중상자수,경상자수,부상신고자수,사고유형,법규위반,노면상태,기상상태,도로형태,가해운전자 차종,가해운전자 성별,가해운전자 연령,가해운전자 상해정도,피해운전자 차종,피해운전자 성별,피해운전자 연령,피해운전자 상해정도
택시사고,2020020200100006,2020년 2월 2일 00시,일요일,부산광역시 사상구 모라동,경상사고,0,0,1,0,차대사람 - 기타,안전운전불이행,건조,맑음,교차로 - 교차로횡단보도내,승용,남,60세,상해없음,보행자,남,34세,경상
택시사고,2020020200100036,2020년 2월 2일 02시,일요일,부산광역시 중구 대청동3가,중상사고,0,1,0,0,차대차 - 측면충돌,신호위반,건조,맑음,교차로 - 교차로안,승용,남,51세,상해없음,승용,남,71세,중상
택시사고,2020020200100366,2020년 2월 2일 21시,일요일,부산광역시 사상구 괘법동,경상사고,0,0,2,0,차대차 - 측면충돌,직진우회전진행방해,건조,맑음,교차로 - 교차로안,승용,남,54세,경상,이륜,남,32세,경상
택시사고,2020020200100392,2020년 2월 2일 23시,일요일,부산광역시 사상구 엄궁동,경상사고,0,0,1,0,차대차 - 추돌,안전운전불이행,건조,맑음,단일로 - 기타,승용,남,59세,상해없음,승용,남,50세,상해없음
택시사고,2020020300100079,2020년 2월 3일 08시,월요일,부산광역시 서구 부민동1가,경상사고,0,0,2,0,차량단독 - 기타,안전운전불이행,건조,맑음,단일로 - 기타,승용,남,75세,상해없음,,,,
택시사고,2.02002E+15,2020년 2월 3일 18시,월요일,부산광역시 연제구 연산동,경상사고,0,0,1,1,차대차 - 기타,기타,건조,맑음,단일로 - 지하차도(도로)내,승용,남,61세,경상,이륜,남,23세,부상신고
택시사고,2020020300100571,2020년 2월 3일 22시,월요일,부산광역시 동래구 안락동,경상사고,0,0,1,0,차대차 - 기타,안전운전불이행,건조,맑음,단일로 - 기타,승용,남,58세,상해없음,승용,남,67세,경상
택시사고,2020020400100092,2020년 2월 4일 08시,화요일,부산광역시 서구 동대신동3가,경상사고,0,0,2,0,차대차 - 측면충돌,안전거리미확보,건조,맑음,교차로 - 교차로부근,승용,남,71세,상해없음,승용,남,59세,경상
택시사고,2020020400100096,2020년 2월 4일 08시,화요일,부산광역시 사상구 괘법동,경상사고,0,0,1,0,차대사람 - 길가장자리구역통행중,안전운전불이행,건조,맑음,기타 - 기타,승용,남,70세,상해없음,보행자,여,36세,경상
택시사고,2020020400100222,2020년 2월 4일 12시,화요일,부산광역시 연제구 연산동,경상사고,0,0,1,0,차대사람 - 횡단중,안전운전불이행,건조,맑음,단일로 - 기타,승용,남,73세,상해없음,보행자,여,21세,경상
택시사고,2020020400100311,2020년 2월 4일 15시,화요일,부산광역시 수영구 광안동,경상사고,0,0,1,0,차대차 - 기타,안전운전불이행,건조,맑음,단일로 - 기타,승용,남,74세,상해없음,승용,여,29세,경상
택시사고,2020020500100027,2020년 2월 5일 02시,수요일,부산광역시 부산진구 부전동,중상사고,0,1,0,0,차대차 - 기타,안전운전불이행,건조,맑음,교차로 - 교차로부근,승용,남,65세,상해없음,이륜,남,61세,중상
택시사고,2.02002E+15,2020년 2월 5일 10시,수요일,부산광역시 사상구 모라동,경상사고,0,0,1,0,차대차 - 기타,안전거리미확보,건조,맑음,단일로 - 기타,승용,남,72세,기타불명,승용,여,52세,경상
택시사고,2020020500100208,2020년 2월 5일 11시,수요일,부산광역시 북구 만덕동,경상사고,0,0,1,0,차대차 - 측면충돌,안전운전불이행,건조,맑음,교차로 - 교차로안,승용,남,69세,상해없음,승용,여,71세,상해없음
택시사고,2020020500100247,2020년 2월 5일 12시,수요일,부산광역시 부산진구 부암동,경상사고,0,0,3,1,차대차 - 측면충돌,신호위반,건조,기타,교차로 - 교차로안,승용,남,46세,기타불명,승용,여,52세,경상
택시사고,2020020500100346,2020년 2월 5일 15시,수요일,부산광역시 부산진구 개금동,경상사고,0,0,2,0,차대차 - 측면충돌,안전운전불이행,건조,맑음,교차로 - 교차로안,승용,남,71세,상해없음,승합,남,36세,경상
택시사고,2020020500100347,2020년 2월 5일 15시,수요일,부산광역시 부산진구 전포동,경상사고,0,0,2,0,차대차 - 추돌,안전운전불이행,건조,맑음,교차로 - 교차로부근,승용,남,73세,기타불명,승용,여,51세,경상
택시사고,2020020500100348,2020년 2월 5일 15시,수요일,부산광역시 부산진구 부전동,경상사고,0,0,2,0,차대차 - 측면충돌,직진우회전진행방해,건조,맑음,교차로 - 교차로안,승용,남,61세,상해없음,승용,남,31세,경상
택시사고,2020020500100613,2020년 2월 5일 21시,수요일,부산광역시 연제구 거제동,중상사고,0,1,0,0,차대사람 - 기타,신호위반,건조,맑음,교차로 - 교차로횡단보도내,승용,남,66세,상해없음,보행자,여,44세,중상
택시사고,2.02002E+15,2020년 2월 5일 22시,수요일,부산광역시 금정구 부곡동,중상사고,0,1,0,0,차대차 - 측면충돌,교차로운행방법위반,건조,맑음,교차로 - 교차로안,승용,남,55세,상해없음,이륜,남,27세,중상
택시사고,2020020500100665,2020년 2월 5일 23시,수요일,부산광역시 부산진구 부전동,중상사고,0,1,0,0,차대사람 - 기타,안전운전불이행,건조,맑음,단일로 - 기타,승용,남,67세,상해없음,보행자,여,19세,중상
택시사고,2.02002E+15,2020년 2월 6일 05시,목요일,부산광역시 부산진구 전포동,중상사고,0,1,2,0,차대차 - 측면충돌,신호위반,건조,맑음,교차로 - 교차로안,승용,남,38세,상해없음,승용,남,68세,경상
택시사고,2020020600100216,2020년 2월 6일 11시,목요일,부산광역시 수영구 광안동,경상사고,0,0,1,0,차대차 - 후진중충돌,안전운전불이행,건조,맑음,단일로 - 기타,승용,남,54세,상해없음,이륜,남,24세,경상
택시사고,2020020600100258,2020년 2월 6일 12시,목요일,부산광역시 사상구 덕포동,중상사고,0,1,0,0,차대차 - 기타,직진우회전진행방해,건조,맑음,교차로 - 교차로안,승용,남,64세,상해없음,화물,남,57세,상해없음
택시사고,2.02002E+15,2020년 2월 7일 23시,금요일,부산광역시 북구 구포동,중상사고,0,1,0,0,차대사람 - 횡단중,안전운전불이행,건조,맑음,단일로 - 기타,승용,남,70세,상해없음,보행자,여,50세,중상
택시사고,2020020800100043,2020년 2월 8일 02시,토요일,부산광역시 수영구 수영동,경상사고,0,0,1,0,차대차 - 기타,안전거리미확보,건조,맑음,단일로 - 기타,승용,남,44세,상해없음,승용,남,33세,경상
택시사고,2020020800100211,2020년 2월 8일 12시,토요일,부산광역시 남구 대연동,경상사고,0,0,1,0,차대차 - 측면충돌,안전운전불이행,건조,맑음,단일로 - 기타,승용,남,60세,상해없음,승용,여,41세,경상
택시사고,2.02002E+15,2020년 2월 8일 14시,토요일,부산광역시 해운대구 재송동,중상사고,0,1,0,0,차대사람 - 기타,안전운전불이행,건조,맑음,기타 - 기타,승용,남,62세,상해없음,보행자,여,45세,중상
택시사고,2020020800100305,2020년 2월 8일 15시,토요일,부산광역시 사상구 학장동,경상사고,0,0,1,0,차대차 - 기타,안전운전불이행,건조,맑음,교차로 - 교차로안,승용,남,63세,상해없음,이륜,남,42세,경상
택시사고,2020020900100022,2020년 2월 9일 01시,일요일,부산광역시 수영구 민락동,중상사고,0,1,0,0,차대차 - 기타,신호위반,건조,맑음,교차로 - 교차로안,승용,남,54세,상해없음,이륜,여,30세,중상
택시사고,2020020900100179,2020년 2월 9일 13시,일요일,부산광역시 남구 문현동,경상사고,0,0,3,0,차대차 - 추돌,안전운전불이행,건조,맑음,교차로 - 교차로안,승용,남,63세,상해없음,승용,여,63세,경상
택시사고,2020020900100183,2020년 2월 9일 13시,일요일,부산광역시 기장군 기장읍,중상사고,0,1,0,0,차대사람 - 기타,보행자보호의무위반,건조,맑음,교차로 - 교차로횡단보도내,승용,남,65세,상해없음,보행자,여,56세,중상
택시사고,2020020900100251,2020년 2월 9일 16시,일요일,부산광역시 동래구 명장동,경상사고,0,0,1,0,차대차 - 추돌,안전거리미확보,건조,맑음,단일로 - 기타,승용,남,63세,기타불명,승용,여,49세,경상
택시사고,2020020900100337,2020년 2월 9일 19시,일요일,부산광역시 사하구 신평동,경상사고,0,0,2,0,차대차 - 정면충돌,안전운전불이행,건조,맑음,교차로 - 교차로안,승용,남,51세,상해없음,승용,남,56세,경상
택시사고,2020020900100442,2020년 2월 9일 23시,일요일,부산광역시 동래구 사직동,경상사고,0,0,2,0,차대차 - 기타,신호위반,건조,맑음,교차로 - 교차로안,승용,남,57세,상해없음,승용,여,47세,경상
택시사고,2020021000100006,2020년 2월 10일 00시,월요일,부산광역시 동래구 명륜동,경상사고,0,0,2,0,차대차 - 추돌,안전거리미확보,건조,맑음,단일로 - 기타,승용,남,61세,상해없음,승용,남,57세,경상
택시사고,2020021000100121,2020년 2월 10일 08시,월요일,부산광역시 부산진구 부암동,중상사고,0,1,2,0,차대차 - 기타,안전운전불이행,건조,맑음,교차로 - 교차로안,승용,남,68세,상해없음,승용,남,62세,경상
택시사고,2020021000100302,2020년 2월 10일 13시,월요일,부산광역시 남구 용당동,중상사고,0,2,0,0,차대차 - 기타,교차로운행방법위반,건조,맑음,단일로 - 기타,승용,남,76세,기타불명,승용,남,35세,중상
택시사고,2020021000100303,2020년 2월 10일 13시,월요일,부산광역시 북구 화명동,경상사고,0,0,1,0,차량단독 - 기타,안전운전불이행,건조,맑음,교차로 - 교차로안,승용,남,64세,상해없음,,,,
택시사고,2020021000100305,2020년 2월 10일 13시,월요일,부산광역시 사상구 삼락동,중상사고,0,1,0,0,차대차 - 기타,안전운전불이행,건조,맑음,기타 - 기타,승용,남,68세,상해없음,승합,남,25세,중상
택시사고,2020021100100037,2020년 2월 11일 03시,화요일,부산광역시 사상구 학장동,중상사고,0,1,0,0,차대차 - 측면충돌,신호위반,건조,맑음,교차로 - 교차로안,승용,남,62세,기타불명,이륜,남,24세,중상
택시사고,2020021100100197,2020년 2월 11일 11시,화요일,부산광역시 해운대구 반여동,중상사고,0,1,0,0,차대사람 - 기타,안전운전불이행,건조,맑음,단일로 - 기타,승용,남,53세,상해없음,보행자,여,73세,중상
택시사고,2020021100100442,2020년 2월 11일 18시,화요일,부산광역시 금정구 금사동,경상사고,0,0,1,0,차대차 - 기타,차로위반,건조,맑음,교차로 - 교차로안,승용,여,68세,상해없음,승합,남,33세,상해없음
택시사고,2020021100100588,2020년 2월 11일 22시,화요일,부산광역시 남구 대연동,경상사고,0,0,1,0,차대사람 - 기타,안전운전불이행,건조,맑음,교차로 - 교차로부근,승용,남,59세,기타불명,보행자,남,47세,경상
택시사고,2020021200100425,2020년 2월 12일 18시,수요일,부산광역시 사상구 모라동,경상사고,0,0,1,0,차대차 - 기타,안전거리미확보,젖음/습기,비,단일로 - 기타,승용,남,44세,상해없음,승용,남,69세,경상
택시사고,2020021200100487,2020년 2월 12일 19시,수요일,부산광역시 남구 대연동,부상신고사고,0,0,0,1,차대차 - 측면충돌,기타,건조,기타,단일로 - 기타,승용,남,57세,상해없음,원동기,남,19세,부상신고
택시사고,2020021200100488,2020년 2월 12일 19시,수요일,부산광역시 동래구 사직동,중상사고,0,1,2,0,차대차 - 측면충돌,신호위반,건조,맑음,교차로 - 교차로안,승용,남,59세,상해없음,승용,여,43세,중상
택시사고,2020021300100044,2020년 2월 13일 06시,목요일,부산광역시 부산진구 양정동,경상사고,0,0,2,0,차대차 - 기타,차로위반,건조,맑음,단일로 - 기타,승용,남,72세,상해없음,화물,남,75세,경상
택시사고,2020021300100062,2020년 2월 13일 07시,목요일,부산광역시 부산진구 당감동,경상사고,0,0,2,0,차대차 - 측면충돌,안전운전불이행,건조,맑음,교차로 - 교차로안,승용,남,68세,상해없음,승용,남,39세,경상
택시사고,2020021300100183,2020년 2월 13일 11시,목요일,부산광역시 동구 좌천동,경상사고,0,0,1,0,차대사람 - 차도통행중,안전운전불이행,건조,맑음,단일로 - 기타,승용,남,72세,상해없음,보행자,남,30세,경상
택시사고,2.02002E+15,2020년 2월 13일 15시,목요일,부산광역시 강서구 명지동,경상사고,0,0,1,0,차대사람 - 기타,보행자보호의무위반,건조,맑음,교차로 - 교차로부근,승용,남,71세,상해없음,보행자,남,7세,경상
택시사고,2020021300100508,2020년 2월 13일 20시,목요일,부산광역시 영도구 동삼동,중상사고,0,1,0,0,차대사람 - 횡단중,안전운전불이행,건조,맑음,단일로 - 기타,승용,남,66세,상해없음,보행자,남,71세,중상
택시사고,2020021300100589,2020년 2월 13일 22시,목요일,부산광역시 동래구 온천동,경상사고,0,0,1,0,차대사람 - 횡단중,안전운전불이행,건조,맑음,단일로 - 기타,승용,남,61세,상해없음,보행자,여,59세,경상
택시사고,2020021400100001,2020년 2월 14일 00시,금요일,부산광역시 해운대구 재송동,경상사고,0,0,1,0,차량단독 - 기타,안전운전불이행,건조,맑음,교차로 - 교차로안,승용,남,49세,상해없음,,,,
택시사고,2020021400100139,2020년 2월 14일 09시,금요일,부산광역시 남구 우암동,경상사고,0,0,1,0,차대사람 - 횡단중,안전운전불이행,건조,맑음,교차로 - 교차로횡단보도내,승용,남,64세,상해없음,보행자,남,24세,경상
택시사고,2020021400100373,2020년 2월 14일 16시,금요일,부산광역시 해운대구 우동,경상사고,0,0,1,0,차대사람 - 보도통행중,보행자보호의무위반,건조,맑음,단일로 - 기타,승용,남,70세,상해없음,보행자,남,30세,경상
택시사고,2020021400100452,2020년 2월 14일 18시,금요일,부산광역시 동구 범일동,경상사고,0,0,1,0,차대차 - 추돌,안전운전불이행,건조,맑음,단일로 - 기타,승용,남,68세,상해없음,승용,여,40세,경상
택시사고,2020021400100455,2020년 2월 14일 18시,금요일,부산광역시 동래구 명장동,경상사고,0,0,1,0,차대차 - 추돌,안전운전불이행,건조,맑음,교차로 - 교차로부근,승용,남,59세,기타불명,승용,여,32세,경상
택시사고,2020021500100031,2020년 2월 15일 01시,토요일,부산광역시 수영구 광안동,경상사고,0,0,4,0,차대차 - 추돌,안전운전불이행,건조,맑음,단일로 - 기타,승용,남,56세,상해없음,승용,남,53세,상해없음
택시사고,2020021500100145,2020년 2월 15일 10시,토요일,부산광역시 기장군 기장읍,경상사고,0,0,1,0,차대차 - 측면충돌,직진우회전진행방해,건조,맑음,교차로 - 교차로안,승용,남,78세,상해없음,승용,남,62세,경상
택시사고,2020021500100273,2020년 2월 15일 14시,토요일,부산광역시 사하구 장림동,중상사고,0,2,1,0,차대차 - 기타,안전운전불이행,건조,맑음,교차로 - 교차로부근,승용,남,65세,경상,화물,남,63세,중상
택시사고,2020021500100274,2020년 2월 15일 14시,토요일,부산광역시 연제구 거제동,중상사고,0,1,0,0,차대사람 - 차도통행중,보행자보호의무위반,건조,맑음,교차로 - 교차로안,승용,남,67세,상해없음,보행자,남,73세,중상
택시사고,2020021500100368,2020년 2월 15일 17시,토요일,부산광역시 금정구 서동,중상사고,0,1,0,0,차대차 - 기타,안전운전불이행,건조,맑음,단일로 - 기타,승용,남,73세,상해없음,이륜,남,38세,중상
택시사고,2020021500100482,2020년 2월 15일 20시,토요일,부산광역시 중구 남포동6가,중상사고,0,1,0,0,차대사람 - 차도통행중,안전운전불이행,건조,맑음,교차로 - 교차로부근,승용,남,57세,상해없음,보행자,남,73세,중상
택시사고,2020021500100519,2020년 2월 15일 21시,토요일,부산광역시 중구 부평동2가,경상사고,0,0,1,0,차대차 - 측면충돌,안전운전불이행,건조,맑음,단일로 - 기타,승용,남,70세,상해없음,이륜,남,21세,경상
택시사고,2020021600100009,2020년 2월 16일 00시,일요일,부산광역시 사상구 모라동,경상사고,0,0,1,0,차대차 - 측면충돌,신호위반,건조,맑음,단일로 - 기타,승용,남,66세,상해없음,이륜,남,52세,경상
택시사고,2020021600100299,2020년 2월 16일 16시,일요일,부산광역시 동구 초량동,경상사고,0,0,3,0,차대차 - 기타,교차로운행방법위반,건조,맑음,교차로 - 교차로안,승용,남,64세,상해없음,화물,남,54세,경상
택시사고,2020021600100301,2020년 2월 16일 16시,일요일,부산광역시 사상구 주례동,경상사고,0,0,1,0,차대사람 - 길가장자리구역통행중,안전운전불이행,건조,맑음,단일로 - 기타,승용,남,64세,상해없음,보행자,남,59세,경상
택시사고,2020021700100198,2020년 2월 17일 11시,월요일,부산광역시 동래구 명장동,경상사고,0,0,1,0,차대사람 - 횡단중,보행자보호의무위반,건조,맑음,교차로 - 교차로횡단보도내,승용,남,66세,상해없음,보행자,여,55세,경상
택시사고,2020021700100354,2020년 2월 17일 15시,월요일,부산광역시 수영구 민락동,경상사고,0,0,2,0,차대차 - 기타,신호위반,건조,맑음,교차로 - 교차로안,승용,남,52세,상해없음,승용,여,67세,경상
택시사고,2020021700100432,2020년 2월 17일 17시,월요일,부산광역시 연제구 거제동,중상사고,0,1,2,0,차대차 - 측면충돌,기타,건조,맑음,교차로 - 교차로안,승용,남,59세,중상,승용,남,63세,상해없음
택시사고,2020021700100653,2020년 2월 17일 22시,월요일,부산광역시 기장군 장안읍,경상사고,0,0,2,0,차대차 - 기타,중앙선침범,건조,맑음,단일로 - 기타,승용,남,57세,상해없음,승용,남,60세,상해없음
택시사고,2020021700100684,2020년 2월 17일 23시,월요일,부산광역시 부산진구 부전동,경상사고,0,0,1,0,차대차 - 측면충돌,안전운전불이행,건조,맑음,단일로 - 기타,승용,남,52세,상해없음,이륜,여,25세,경상
택시사고,2020021800100057,2020년 2월 18일 06시,화요일,부산광역시 부산진구 당감동,중상사고,0,1,1,0,차대차 - 기타,안전운전불이행,건조,맑음,교차로 - 교차로안,승용,남,63세,상해없음,화물,남,70세,상해없음
택시사고,2020021800100464,2020년 2월 18일 17시,화요일,부산광역시 중구 중앙동2가,경상사고,0,0,1,0,차대차 - 측면충돌,교차로운행방법위반,건조,맑음,교차로 - 교차로안,승용,남,69세,상해없음,승용,남,58세,경상
택시사고,2020021800100654,2020년 2월 18일 20시,화요일,부산광역시 해운대구 우동,경상사고,0,0,1,0,차대차 - 측면충돌,안전운전불이행,건조,맑음,교차로 - 교차로부근,승용,남,72세,상해없음,승용,여,31세,경상
택시사고,2020021800100723,2020년 2월 18일 22시,화요일,부산광역시 남구 대연동,중상사고,0,1,0,0,차대차 - 측면충돌,신호위반,건조,맑음,교차로 - 교차로부근,승용,남,65세,상해없음,원동기,남,33세,중상
택시사고,2020021900100033,2020년 2월 19일 02시,수요일,부산광역시 동래구 명장동,경상사고,0,0,1,0,차대차 - 기타,안전운전불이행,건조,맑음,교차로 - 교차로안,승용,남,58세,상해없음,승용,남,58세,상해없음
택시사고,2020021900100316,2020년 2월 19일 14시,수요일,부산광역시 해운대구 반송동,경상사고,0,0,1,0,차대차 - 기타,기타,건조,맑음,교차로 - 교차로안,승용,남,60세,상해없음,승합,남,43세,상해없음
택시사고,2020021900100448,2020년 2월 19일 17시,수요일,부산광역시 부산진구 당감동,중상사고,0,1,0,0,차대사람 - 기타,안전운전불이행,건조,맑음,단일로 - 기타,승용,남,58세,상해없음,보행자,여,86세,중상
택시사고,2020022000100323,2020년 2월 20일 14시,목요일,부산광역시 부산진구 부전동,경상사고,0,0,1,0,차대사람 - 기타,안전운전불이행,건조,맑음,단일로 - 기타,승용,남,67세,상해없음,보행자,남,45세,경상
택시사고,2020022000100636,2020년 2월 20일 21시,목요일,부산광역시 사하구 괴정동,경상사고,0,0,1,0,차대사람 - 기타,안전운전불이행,건조,맑음,단일로 - 지하차도(도로)내,승용,남,58세,상해없음,보행자,남,51세,경상
택시사고,2020022000100692,2020년 2월 20일 23시,목요일,부산광역시 북구 구포동,경상사고,0,0,1,0,차대사람 - 횡단중,보행자보호의무위반,건조,맑음,교차로 - 교차로횡단보도내,승용,남,65세,기타불명,보행자,남,38세,경상
택시사고,2020022100100038,2020년 2월 21일 02시,금요일,부산광역시 부산진구 전포동,경상사고,0,0,3,0,차대차 - 추돌,안전운전불이행,건조,맑음,단일로 - 기타,승용,남,49세,상해없음,승용,남,66세,상해없음
택시사고,2020022100100174,2020년 2월 21일 09시,금요일,부산광역시 부산진구 부전동,경상사고,0,0,3,0,차대차 - 측면충돌,안전거리미확보,건조,맑음,기타 - 기타,승용,남,65세,상해없음,승용,남,61세,경상
택시사고,2020022200100349,2020년 2월 22일 17시,토요일,부산광역시 중구 창선동1가,부상신고사고,0,0,0,1,차대사람 - 차도통행중,안전운전불이행,건조,맑음,단일로 - 기타,승용,남,63세,상해없음,보행자,남,35세,부상신고
택시사고,2020022300100005,2020년 2월 23일 00시,일요일,부산광역시 동래구 안락동,경상사고,0,0,1,0,차대사람 - 길가장자리구역통행중,안전운전불이행,건조,맑음,단일로 - 기타,승용,남,51세,상해없음,보행자,여,18세,경상
택시사고,2020022300100006,2020년 2월 23일 00시,일요일,부산광역시 영도구 대교동2가,중상사고,0,1,0,0,차대사람 - 횡단중,안전운전불이행,건조,맑음,단일로 - 기타,승용,남,55세,상해없음,보행자,남,58세,중상
택시사고,2020022300100014,2020년 2월 23일 01시,일요일,부산광역시 동래구 안락동,경상사고,0,0,1,0,차대사람 - 기타,안전운전불이행,건조,맑음,교차로 - 교차로안,승용,남,56세,상해없음,보행자,여,18세,경상
택시사고,2020022300100072,2020년 2월 23일 09시,일요일,부산광역시 중구 중앙동4가,경상사고,0,0,1,0,차대차 - 측면충돌,안전운전불이행,건조,맑음,교차로 - 교차로부근,승용,남,72세,상해없음,특수,남,38세,상해없음
택시사고,2020022300100322,2020년 2월 23일 21시,일요일,부산광역시 사하구 하단동,경상사고,0,0,1,0,차대차 - 측면충돌,중앙선침범,건조,맑음,단일로 - 기타,승용,남,57세,상해없음,이륜,남,27세,경상
택시사고,2020022300100341,2020년 2월 23일 22시,일요일,부산광역시 수영구 광안동,경상사고,0,0,1,0,차대차 - 측면충돌,안전운전불이행,건조,맑음,교차로 - 교차로안,승용,남,55세,상해없음,이륜,남,28세,경상
택시사고,2020022300100355,2020년 2월 23일 23시,일요일,부산광역시 사하구 구평동,경상사고,0,0,1,0,차대차 - 측면충돌,신호위반,건조,맑음,단일로 - 기타,승용,남,63세,상해없음,자전거,남,18세,경상
택시사고,2020022400100038,2020년 2월 24일 06시,월요일,부산광역시 사하구 괴정동,중상사고,0,1,0,0,차대사람 - 횡단중,안전운전불이행,건조,맑음,단일로 - 기타,승용,남,62세,상해없음,보행자,여,87세,중상
택시사고,2020022400100374,2020년 2월 24일 18시,월요일,부산광역시 사하구 감천동,경상사고,0,0,1,0,차대차 - 추돌,안전운전불이행,건조,맑음,단일로 - 기타,승용,남,65세,상해없음,승용,여,32세,경상
택시사고,2020022400100411,2020년 2월 24일 19시,월요일,부산광역시 사하구 감천동,경상사고,0,0,1,0,차량단독 - 기타,기타,건조,맑음,단일로 - 기타,승용,남,62세,상해없음,,,,
택시사고,2020022400100506,2020년 2월 24일 23시,월요일,부산광역시 영도구 봉래동5가,경상사고,0,0,1,0,차대사람 - 길가장자리구역통행중,안전운전불이행,건조,맑음,교차로 - 교차로안,승용,남,53세,상해없음,보행자,남,48세,경상
택시사고,2020022400100507,2020년 2월 24일 23시,월요일,부산광역시 사상구 학장동,중상사고,0,1,0,0,차대사람 - 차도통행중,안전운전불이행,젖음/습기,비,교차로 - 교차로횡단보도내,승용,남,68세,상해없음,보행자,남,56세,중상
택시사고,2020022500100168,2020년 2월 25일 11시,화요일,부산광역시 해운대구 우동,경상사고,0,0,3,0,차대차 - 측면충돌,안전운전불이행,젖음/습기,비,교차로 - 교차로부근,승용,남,64세,상해없음,승용,남,44세,경상
택시사고,2020022500100369,2020년 2월 25일 19시,화요일,부산광역시 해운대구 좌동,경상사고,0,0,1,0,차대차 - 측면충돌,안전운전불이행,젖음/습기,비,단일로 - 기타,승용,남,64세,상해없음,이륜,남,59세,경상
택시사고,2020022700100223,2020년 2월 27일 14시,목요일,부산광역시 금정구 서동,경상사고,0,0,1,0,차대사람 - 기타,안전운전불이행,건조,맑음,단일로 - 기타,승용,남,58세,상해없음,보행자,남,73세,경상
택시사고,2020022800100431,2020년 2월 28일 22시,금요일,부산광역시 영도구 봉래동4가,중상사고,0,1,0,0,차대사람 - 횡단중,안전운전불이행,건조,맑음,단일로 - 기타,승용,남,47세,상해없음,보행자,남,55세,중상
택시사고,2020022900100005,2020년 2월 29일 00시,토요일,부산광역시 사하구 감천동,경상사고,0,0,1,0,차대차 - 측면충돌,신호위반,건조,맑음,교차로 - 교차로안,승용,남,55세,상해없음,이륜,남,23세,경상
택시사고,2020030100100022,2020년 3월 1일 02시,일요일,부산광역시 부산진구 개금동,경상사고,0,0,2,0,차대차 - 추돌,차로위반,건조,맑음,단일로 - 기타,승용,남,62세,경상,승용,남,25세,경상
택시사고,2020030100100109,2020년 3월 1일 13시,일요일,부산광역시 동래구 칠산동,중상사고,0,1,0,0,차대차 - 측면충돌,교차로운행방법위반,건조,맑음,교차로 - 교차로안,승용,남,61세,상해없음,이륜,남,23세,중상
택시사고,2020030100100196,2020년 3월 1일 18시,일요일,부산광역시 중구 중앙동4가,중상사고,0,1,1,0,차대차 - 기타,안전운전불이행,건조,맑음,단일로 - 기타,승용,남,33세,상해없음,승합,남,64세,상해없음
택시사고,2020030200100006,2020년 3월 2일 01시,월요일,부산광역시 부산진구 부전동,중상사고,0,1,0,0,차대사람 - 기타,안전운전불이행,건조,맑음,단일로 - 기타,승용,남,59세,상해없음,보행자,여,18세,중상
택시사고,2020030200100007,2020년 3월 2일 01시,월요일,부산광역시 사상구 주례동,중상사고,0,1,1,0,차대차 - 측면충돌,차로위반,건조,맑음,교차로 - 교차로안,승용,남,69세,상해없음,이륜,남,33세,중상
택시사고,2020030200100364,2020년 3월 2일 19시,월요일,부산광역시 부산진구 개금동,경상사고,0,0,1,0,차대차 - 측면충돌,신호위반,건조,맑음,교차로 - 교차로부근,승용,남,65세,상해없음,이륜,남,32세,경상
택시사고,2020030500100091,2020년 3월 5일 08시,목요일,부산광역시 서구 동대신동1가,경상사고,0,0,1,1,차대차 - 측면충돌,차로위반,건조,맑음,교차로 - 교차로부근,승용,남,68세,부상신고,승용,여,38세,경상
택시사고,2020030500100232,2020년 3월 5일 14시,목요일,부산광역시 부산진구 초읍동,경상사고,0,0,1,0,차대차 - 추돌,안전운전불이행,건조,맑음,교차로 - 교차로부근,승용,남,64세,상해없음,승용,여,71세,경상
택시사고,2020030600100153,2020년 3월 6일 10시,금요일,부산광역시 영도구 봉래동1가,중상사고,0,1,0,0,차대차 - 측면충돌,직진우회전진행방해,건조,맑음,교차로 - 교차로안,승용,남,78세,상해없음,승용,여,49세,상해없음
택시사고,2020030600100495,2020년 3월 6일 20시,금요일,부산광역시 연제구 연산동,경상사고,0,0,1,0,차대사람 - 횡단중,보행자보호의무위반,건조,맑음,교차로 - 교차로부근,승용,남,60세,상해없음,보행자,여,47세,경상
택시사고,2020030700100065,2020년 3월 7일 06시,토요일,부산광역시 사상구 모라동,경상사고,0,0,1,0,차대차 - 측면충돌,교차로운행방법위반,건조,맑음,교차로 - 교차로안,승용,남,68세,상해없음,승용,남,34세,경상
택시사고,2020030700100409,2020년 3월 7일 22시,토요일,부산광역시 영도구 영선동4가,경상사고,0,0,1,0,차량단독 - 공작물충돌,안전운전불이행,젖음/습기,비,단일로 - 기타,승용,남,59세,기타불명,,,,
택시사고,2020030800100058,2020년 3월 8일 06시,일요일,부산광역시 동래구 안락동,중상사고,0,1,0,0,차대차 - 측면충돌,교차로운행방법위반,건조,맑음,교차로 - 교차로안,승용,남,65세,상해없음,화물,남,76세,중상
택시사고,2020030800100323,2020년 3월 8일 20시,일요일,부산광역시 남구 대연동,경상사고,0,0,1,0,차대차 - 측면충돌,안전운전불이행,건조,맑음,단일로 - 기타,승용,남,63세,상해없음,화물,남,44세,경상
택시사고,2020030900100037,2020년 3월 9일 06시,월요일,부산광역시 강서구 명지동,경상사고,0,0,1,0,차대차 - 측면충돌,신호위반,건조,맑음,교차로 - 교차로안,승용,남,68세,상해없음,승용,여,58세,경상