사고부문,사고번호,사고일시,요일,시군구,사고내용,사망자수,중상자수,경상자수,부상신고자수,사고유형,법규위반,노면상태,기상상태,도로형태,가해운전자 차종,가해운전자 성별,가해운전자 연령,가해운전자 상해정도,피해운전자 차종,피해운전자 성별,피해운전자 연령,피해운전자 상해정도
택시사고,2.02003E+15,2020년 3월 9일 08시,월요일,부산광역시 사하구 감천동,경상사고,0,0,1,0,차대사람 - 길가장자리구역통행중,안전운전불이행,건조,맑음,단일로 - 기타,승용,남,53세,상해없음,보행자,여,16세,경상
택시사고,2020030900100148,2020년 3월 9일 10시,월요일,부산광역시 중구 남포동5가,중상사고,0,1,0,0,차대차 - 기타,안전운전불이행,건조,맑음,단일로 - 기타,승용,남,49세,상해없음,이륜,남,64세,중상
택시사고,2020030900100371,2020년 3월 9일 18시,월요일,부산광역시 사하구 하단동,경상사고,0,0,3,0,차대차 - 측면충돌,교차로운행방법위반,건조,맑음,교차로 - 교차로안,승용,남,59세,경상,승용,남,24세,경상
택시사고,2020030900100472,2020년 3월 9일 21시,월요일,부산광역시 사하구 괴정동,경상사고,0,0,1,0,차대사람 - 횡단중,신호위반,젖음/습기,비,교차로 - 교차로횡단보도내,승용,남,63세,상해없음,보행자,남,18세,경상
택시사고,2020030900100504,2020년 3월 9일 22시,월요일,부산광역시 중구 부평동3가,경상사고,0,0,1,0,차대사람 - 횡단중,안전운전불이행,젖음/습기,비,교차로 - 교차로안,승용,남,43세,상해없음,보행자,남,69세,경상
택시사고,2020031000100236,2020년 3월 10일 14시,화요일,부산광역시 사하구 감천동,경상사고,0,0,1,0,차대차 - 정면충돌,교차로운행방법위반,젖음/습기,비,교차로 - 교차로안,승용,남,63세,상해없음,이륜,남,25세,경상
택시사고,2020031100100388,2020년 3월 11일 18시,수요일,부산광역시 연제구 연산동,경상사고,0,0,1,0,차대차 - 추돌,안전운전불이행,건조,맑음,교차로 - 교차로부근,승용,남,75세,상해없음,이륜,남,38세,경상
택시사고,2020031200100035,2020년 3월 12일 04시,목요일,부산광역시 해운대구 좌동,경상사고,0,0,5,0,차대차 - 측면충돌,신호위반,건조,맑음,교차로 - 교차로안,승용,남,68세,상해없음,승용,남,18세,경상
택시사고,2020031200100562,2020년 3월 12일 23시,목요일,부산광역시 부산진구 부전동,경상사고,0,0,1,0,차대차 - 기타,신호위반,건조,기타,교차로 - 교차로부근,승용,남,70세,상해없음,승용,남,59세,경상
택시사고,2020031300100091,2020년 3월 13일 09시,금요일,부산광역시 연제구 연산동,경상사고,0,0,2,0,차대차 - 추돌,안전운전불이행,건조,맑음,교차로 - 교차로부근,승용,남,70세,기타불명,승용,남,55세,경상
택시사고,2020031300100493,2020년 3월 13일 22시,금요일,부산광역시 사상구 덕포동,경상사고,0,0,1,0,차대사람 - 횡단중,안전운전불이행,건조,맑음,교차로 - 교차로안,승용,남,65세,상해없음,보행자,남,50세,경상
택시사고,2020031400100269,2020년 3월 14일 14시,토요일,부산광역시 사상구 감전동,중상사고,0,1,0,0,차대사람 - 횡단중,보행자보호의무위반,건조,맑음,교차로 - 교차로횡단보도내,승용,남,63세,상해없음,보행자,남,57세,중상
택시사고,2020031400100298,2020년 3월 14일 15시,토요일,부산광역시 금정구 부곡동,경상사고,0,0,1,0,차대차 - 측면충돌,신호위반,건조,맑음,교차로 - 교차로안,승용,남,78세,상해없음,이륜,남,36세,경상
택시사고,2020031400100427,2020년 3월 14일 19시,토요일,부산광역시 사상구 주례동,경상사고,0,0,2,0,차대차 - 추돌,안전운전불이행,건조,맑음,단일로 - 기타,승용,남,57세,경상,승용,여,60세,경상
택시사고,2020031500100007,2020년 3월 15일 00시,일요일,부산광역시 연제구 연산동,경상사고,0,0,1,0,차대차 - 기타,안전운전불이행,건조,맑음,단일로 - 기타,승용,남,60세,상해없음,이륜,남,21세,경상
택시사고,2020031500100008,2020년 3월 15일 00시,일요일,부산광역시 연제구 연산동,경상사고,0,0,1,0,차대사람 - 기타,안전운전불이행,건조,맑음,단일로 - 기타,승용,남,59세,상해없음,보행자,남,29세,경상
택시사고,2020031500100315,2020년 3월 15일 21시,일요일,부산광역시 연제구 연산동,경상사고,0,0,2,0,차대차 - 측면충돌,안전운전불이행,건조,맑음,교차로 - 교차로안,승용,남,50세,상해없음,승용,남,22세,경상
택시사고,2020031600100438,2020년 3월 16일 19시,월요일,부산광역시 사상구 덕포동,경상사고,0,0,1,0,차량단독 - 도로외이탈 - 추락,안전운전불이행,건조,맑음,단일로 - 기타,승용,남,58세,상해없음,,,,
택시사고,2020031600100505,2020년 3월 16일 21시,월요일,부산광역시 연제구 연산동,경상사고,0,0,1,0,차대차 - 기타,안전운전불이행,건조,맑음,단일로 - 기타,승용,남,69세,상해없음,이륜,남,27세,경상
택시사고,2020031700100333,2020년 3월 17일 18시,화요일,부산광역시 서구 남부민동,경상사고,0,0,1,0,차대차 - 측면충돌,기타,건조,맑음,교차로 - 교차로부근,승용,남,58세,상해없음,이륜,남,19세,경상
택시사고,2020031800100156,2020년 3월 18일 11시,수요일,부산광역시 북구 구포동,중상사고,0,1,0,0,차대차 - 기타,안전운전불이행,건조,맑음,단일로 - 기타,승용,남,61세,상해없음,승용,여,48세,중상
택시사고,2020031800100376,2020년 3월 18일 18시,수요일,부산광역시 동래구 온천동,경상사고,0,0,1,0,차대사람 - 횡단중,보행자보호의무위반,건조,맑음,교차로 - 교차로부근,승용,남,53세,상해없음,보행자,여,40세,경상
택시사고,2020031800100377,2020년 3월 18일 18시,수요일,부산광역시 동래구 사직동,경상사고,0,0,1,0,차대차 - 측면충돌,신호위반,건조,맑음,교차로 - 교차로안,승용,남,62세,상해없음,승용,여,31세,경상
택시사고,2020031900100014,2020년 3월 19일 01시,목요일,부산광역시 금정구 금사동,경상사고,0,0,3,0,차대차 - 기타,안전운전불이행,건조,맑음,교차로 - 교차로안,승용,남,67세,기타불명,승용,남,63세,경상
택시사고,2020031900100373,2020년 3월 19일 19시,목요일,부산광역시 부산진구 부전동,중상사고,0,1,0,0,차대차 - 추돌,기타,건조,맑음,단일로 - 기타,승용,남,63세,상해없음,이륜,남,34세,중상
택시사고,2020032100100314,2020년 3월 21일 15시,토요일,부산광역시 사상구 감전동,경상사고,0,0,1,0,차대차 - 추돌,안전운전불이행,건조,맑음,단일로 - 기타,승용,남,64세,상해없음,승용,남,19세,경상
택시사고,2020032200100007,2020년 3월 22일 00시,일요일,부산광역시 수영구 광안동,경상사고,0,0,1,0,차대차 - 추돌,안전운전불이행,건조,맑음,교차로 - 교차로안,승용,남,59세,상해없음,승용,남,67세,경상
택시사고,2020032200100027,2020년 3월 22일 01시,일요일,부산광역시 부산진구 개금동,경상사고,0,0,1,0,차대사람 - 기타,보행자보호의무위반,건조,맑음,교차로 - 교차로안,승용,남,63세,상해없음,보행자,여,50세,경상
택시사고,2020032200100121,2020년 3월 22일 11시,일요일,부산광역시 기장군 기장읍,경상사고,0,0,3,0,차대차 - 측면충돌,안전거리미확보,건조,맑음,단일로 - 기타,승용,남,64세,상해없음,승용,남,30세,경상
택시사고,2020032200100195,2020년 3월 22일 14시,일요일,부산광역시 동래구 온천동,경상사고,0,0,2,0,차대사람 - 횡단중,보행자보호의무위반,건조,맑음,교차로 - 교차로부근,승용,남,65세,상해없음,보행자,여,73세,경상
택시사고,2020032300100309,2020년 3월 23일 15시,월요일,부산광역시 서구 아미동2가,경상사고,0,0,2,1,차대차 - 추돌,안전운전불이행,건조,맑음,단일로 - 기타,승용,남,53세,상해없음,승용,남,62세,경상
택시사고,2020032300100311,2020년 3월 23일 15시,월요일,부산광역시 사상구 덕포동,경상사고,0,0,1,0,차대사람 - 길가장자리구역통행중,안전운전불이행,건조,맑음,미분류 - 미분류,승용,남,48세,상해없음,보행자,여,59세,경상
택시사고,2020032300100406,2020년 3월 23일 18시,월요일,부산광역시 사상구 주례동,경상사고,0,0,1,0,차대차 - 측면충돌,안전운전불이행,건조,맑음,단일로 - 지하차도(도로)내,승용,남,63세,상해없음,이륜,남,30세,경상
택시사고,2020032400100143,2020년 3월 24일 10시,화요일,부산광역시 동구 초량동,중상사고,0,1,0,0,차대차 - 기타,차로위반,건조,맑음,단일로 - 기타,승용,남,73세,상해없음,승용,남,24세,중상
택시사고,2020032600100002,2020년 3월 26일 00시,목요일,부산광역시 동구 수정동,중상사고,0,1,0,0,차대차 - 기타,중앙선침범,건조,맑음,단일로 - 기타,승용,남,46세,상해없음,이륜,남,17세,중상
택시사고,2020032600100067,2020년 3월 26일 07시,목요일,부산광역시 강서구 신호동,경상사고,0,0,2,0,차대차 - 추돌,중앙선침범,건조,맑음,단일로 - 기타,승용,남,74세,상해없음,승용,남,48세,경상
택시사고,2020032600100388,2020년 3월 26일 19시,목요일,부산광역시 동래구 사직동,경상사고,0,0,1,0,차대차 - 기타,안전운전불이행,젖음/습기,비,단일로 - 기타,승용,남,60세,상해없음,이륜,남,19세,경상
택시사고,2020032600100471,2020년 3월 26일 21시,목요일,부산광역시 서구 동대신동1가,중상사고,0,1,0,0,차대사람 - 횡단중,안전운전불이행,젖음/습기,비,교차로 - 교차로부근,승용,남,55세,상해없음,보행자,여,39세,중상
택시사고,2020032700100004,2020년 3월 27일 00시,금요일,부산광역시 부산진구 개금동,경상사고,0,0,2,0,차대차 - 측면충돌,신호위반,건조,기타,교차로 - 교차로안,승용,남,53세,기타불명,승용,여,38세,경상
택시사고,2020032700100398,2020년 3월 27일 18시,금요일,부산광역시 남구 문현동,경상사고,0,0,1,0,차대차 - 측면충돌,안전운전불이행,젖음/습기,비,단일로 - 기타,승용,남,62세,상해없음,이륜,남,22세,경상
택시사고,2020032800100186,2020년 3월 28일 12시,토요일,부산광역시 동래구 복천동,경상사고,0,0,2,0,차대차 - 측면충돌,안전운전불이행,건조,맑음,교차로 - 교차로안,승용,남,62세,경상,승용,남,53세,경상
택시사고,2020032800100462,2020년 3월 28일 21시,토요일,부산광역시 연제구 연산동,경상사고,0,0,1,0,차대차 - 추돌,안전거리미확보,건조,맑음,교차로 - 교차로안,승용,남,60세,상해없음,이륜,남,33세,경상
택시사고,2020032900100061,2020년 3월 29일 05시,일요일,부산광역시 부산진구 범천동,중상사고,0,1,0,0,차대차 - 측면충돌,신호위반,건조,맑음,교차로 - 교차로안,승용,남,66세,상해없음,이륜,남,58세,중상
택시사고,2020032900100285,2020년 3월 29일 18시,일요일,부산광역시 서구 아미동2가,중상사고,0,1,0,0,차대차 - 측면충돌,안전운전불이행,건조,맑음,교차로 - 교차로부근,승용,남,64세,상해없음,승용,남,74세,상해없음
택시사고,2020033000100073,2020년 3월 30일 08시,월요일,부산광역시 동래구 온천동,경상사고,0,0,1,0,차대차 - 추돌,안전거리미확보,건조,맑음,단일로 - 터널,승용,남,65세,상해없음,승용,여,29세,경상
택시사고,2020033000100112,2020년 3월 30일 09시,월요일,부산광역시 동래구 온천동,부상신고사고,0,0,0,1,차대차 - 측면충돌,안전운전불이행,건조,맑음,교차로 - 교차로안,승용,남,71세,상해없음,승용,남,32세,상해없음
택시사고,2020033100100431,2020년 3월 31일 19시,화요일,부산광역시 동구 수정동,경상사고,0,0,1,0,차대사람 - 기타,안전운전불이행,건조,맑음,단일로 - 기타,승용,남,57세,상해없음,보행자,남,27세,경상
택시사고,2020033100100526,2020년 3월 31일 23시,화요일,부산광역시 수영구 광안동,중상사고,0,1,0,0,차대차 - 기타,안전운전불이행,건조,맑음,단일로 - 기타,승용,남,69세,상해없음,이륜,남,22세,중상
택시사고,2020040100100038,2020년 4월 1일 04시,수요일,부산광역시 부산진구 가야동,사망사고,1,0,0,0,차대사람 - 차도통행중,과속,젖음/습기,비,단일로 - 기타,승용,남,67세,상해없음,보행자,남,79세,사망
택시사고,2020040100100479,2020년 4월 1일 21시,수요일,부산광역시 부산진구 부전동,경상사고,0,0,1,0,차대사람 - 횡단중,보행자보호의무위반,건조,맑음,교차로 - 교차로부근,승용,남,63세,상해없음,보행자,남,26세,경상
택시사고,2020040200100423,2020년 4월 2일 18시,목요일,부산광역시 수영구 광안동,경상사고,0,0,1,0,차대차 - 측면충돌,안전거리미확보,건조,맑음,단일로 - 기타,승용,남,66세,상해없음,승용,남,70세,경상
택시사고,2020040200100467,2020년 4월 2일 19시,목요일,부산광역시 부산진구 부전동,경상사고,0,0,2,0,차대차 - 측면충돌,안전거리미확보,건조,맑음,교차로 - 교차로부근,승용,남,49세,상해없음,승용,여,38세,경상
택시사고,2020040200100468,2020년 4월 2일 19시,목요일,부산광역시 사하구 괴정동,중상사고,0,1,0,0,차대사람 - 기타,안전운전불이행,건조,맑음,교차로 - 교차로안,승용,남,70세,상해없음,보행자,여,56세,중상
택시사고,2020040200100577,2020년 4월 2일 23시,목요일,부산광역시 남구 대연동,경상사고,0,0,1,0,차대차 - 기타,안전운전불이행,건조,맑음,단일로 - 기타,승용,남,59세,상해없음,이륜,남,24세,경상
택시사고,2020040300100215,2020년 4월 3일 13시,금요일,부산광역시 동래구 명륜동,중상사고,0,1,0,0,차대사람 - 횡단중,신호위반,건조,맑음,교차로 - 교차로횡단보도내,승용,남,70세,상해없음,보행자,여,60세,중상
택시사고,2020040300100272,2020년 4월 3일 15시,금요일,부산광역시 수영구 광안동,중상사고,0,1,0,0,차대차 - 측면충돌,기타,건조,맑음,단일로 - 기타,승용,남,62세,상해없음,원동기,남,64세,중상
택시사고,2020040300100312,2020년 4월 3일 16시,금요일,부산광역시 사상구 괘법동,경상사고,0,0,1,0,차대사람 - 길가장자리구역통행중,안전운전불이행,건조,맑음,단일로 - 기타,승용,남,64세,상해없음,보행자,남,47세,경상
택시사고,2020040300100401,2020년 4월 3일 18시,금요일,부산광역시 부산진구 양정동,경상사고,0,0,1,0,차대차 - 측면충돌,안전거리미확보,건조,맑음,교차로 - 교차로안,승용,남,73세,상해없음,승용,여,28세,경상
택시사고,2.02004E+15,2020년 4월 4일 07시,토요일,부산광역시 수영구 남천동,경상사고,0,0,2,0,차대차 - 추돌,안전거리미확보,건조,맑음,단일로 - 기타,승용,남,73세,상해없음,건설기계,남,55세,경상
택시사고,2020040400100537,2020년 4월 4일 21시,토요일,부산광역시 부산진구 양정동,경상사고,0,0,7,0,차대차 - 추돌,안전운전불이행,건조,맑음,단일로 - 기타,승용,남,63세,상해없음,승용,남,62세,경상
택시사고,2020040400100559,2020년 4월 4일 22시,토요일,부산광역시 동구 초량동,경상사고,0,0,1,0,차대사람 - 기타,안전운전불이행,건조,맑음,단일로 - 기타,승용,남,62세,상해없음,보행자,남,37세,경상
택시사고,2020040500100022,2020년 4월 5일 01시,일요일,부산광역시 금정구 금사동,중상사고,0,1,0,0,차대차 - 측면충돌,기타,건조,맑음,교차로 - 교차로안,승용,남,68세,상해없음,승용,남,62세,중상
택시사고,2020040600100002,2020년 4월 6일 00시,월요일,부산광역시 부산진구 부전동,경상사고,0,0,1,0,차대차 - 기타,교차로운행방법위반,건조,맑음,교차로 - 교차로안,승용,남,63세,상해없음,승용,남,61세,상해없음
택시사고,2.02004E+15,2020년 4월 6일 18시,월요일,부산광역시 동래구 온천동,경상사고,0,0,1,0,차대차 - 측면충돌,안전운전불이행,건조,맑음,단일로 - 기타,승용,남,77세,상해없음,승용,남,40세,경상
택시사고,2020040700100227,2020년 4월 7일 13시,화요일,부산광역시 북구 구포동,중상사고,0,1,0,0,차대차 - 기타,신호위반,건조,맑음,교차로 - 교차로안,승용,남,64세,상해없음,이륜,남,24세,중상
택시사고,2020040700100499,2020년 4월 7일 21시,화요일,부산광역시 남구 감만동,경상사고,0,0,1,0,차대차 - 기타,신호위반,건조,맑음,교차로 - 교차로안,승용,남,57세,상해없음,승용,남,34세,경상
택시사고,2.02004E+15,2020년 4월 8일 05시,수요일,부산광역시 연제구 거제동,중상사고,0,1,0,0,차대사람 - 횡단중,보행자보호의무위반,건조,맑음,교차로 - 교차로안,승용,남,64세,상해없음,보행자,남,77세,중상
택시사고,2020040800100377,2020년 4월 8일 17시,수요일,부산광역시 동구 초량동,중상사고,0,1,0,0,차대사람 - 횡단중,안전운전불이행,건조,맑음,교차로 - 교차로안,승용,남,49세,상해없음,보행자,남,66세,중상
택시사고,2020040800100425,2020년 4월 8일 18시,수요일,부산광역시 북구 덕천동,경상사고,0,0,1,0,차대사람 - 기타,안전운전불이행,건조,맑음,단일로 - 지하차도(도로)내,승용,남,67세,상해없음,보행자,남,36세,경상
택시사고,2020040800100459,2020년 4월 8일 19시,수요일,부산광역시 남구 문현동,경상사고,0,0,2,0,차대차 - 측면충돌,신호위반,건조,맑음,단일로 - 기타,승용,남,57세,상해없음,이륜,남,21세,경상
택시사고,2020040900100277,2020년 4월 9일 14시,목요일,부산광역시 부산진구 전포동,중상사고,0,1,0,0,차대사람 - 길가장자리구역통행중,안전운전불이행,건조,맑음,단일로 - 기타,승용,남,57세,상해없음,보행자,여,39세,중상
택시사고,2020040900100479,2020년 4월 9일 19시,목요일,부산광역시 북구 덕천동,경상사고,0,0,1,0,차대차 - 정면충돌,안전운전불이행,건조,맑음,교차로 - 교차로안,승용,남,60세,상해없음,승용,여,48세,경상
택시사고,2020040900100536,2020년 4월 9일 21시,목요일,부산광역시 부산진구 가야동,경상사고,0,0,1,0,차대차 - 기타,안전거리미확보,건조,기타,단일로 - 기타,승용,남,63세,상해없음,승합,남,62세,상해없음
택시사고,2020041000100175,2020년 4월 10일 11시,금요일,부산광역시 부산진구 부전동,경상사고,0,0,1,0,차대차 - 측면충돌,기타,건조,맑음,단일로 - 기타,승용,남,60세,상해없음,이륜,남,37세,경상
택시사고,2020041000100354,2020년 4월 10일 16시,금요일,부산광역시 해운대구 우동,중상사고,0,1,0,1,차대차 - 정면충돌,신호위반,건조,맑음,교차로 - 교차로안,승용,남,66세,상해없음,승용,남,74세,중상
택시사고,2020041100100015,2020년 4월 11일 01시,토요일,부산광역시 부산진구 전포동,경상사고,0,0,1,0,차대차 - 측면충돌,교차로운행방법위반,건조,맑음,교차로 - 교차로안,승용,남,56세,상해없음,이륜,남,22세,경상
택시사고,2020041100100051,2020년 4월 11일 03시,토요일,부산광역시 강서구 대저2동,경상사고,0,0,1,0,차대차 - 후진중충돌,불법유턴,건조,맑음,단일로 - 기타,승용,남,57세,상해없음,승용,남,55세,경상
택시사고,2020041100100454,2020년 4월 11일 19시,토요일,부산광역시 사상구 괘법동,경상사고,0,0,1,0,차대차 - 추돌,안전운전불이행,건조,맑음,단일로 - 기타,승용,남,75세,상해없음,이륜,남,18세,경상
택시사고,2.02004E+15,2020년 4월 11일 21시,토요일,부산광역시 부산진구 당감동,중상사고,0,1,0,0,차대사람 - 기타,안전운전불이행,젖음/습기,비,주차장 - 주차장,승용,남,64세,상해없음,보행자,여,72세,중상
택시사고,2020041100100563,2020년 4월 11일 23시,토요일,부산광역시 남구 용당동,부상신고사고,0,0,0,4,차대차 - 측면충돌,안전운전불이행,건조,맑음,교차로 - 교차로안,승용,남,62세,상해없음,승용,남,38세,부상신고
택시사고,2020041200100037,2020년 4월 12일 02시,일요일,부산광역시 사상구 덕포동,경상사고,0,0,1,0,차대차 - 추돌,안전운전불이행,젖음/습기,비,교차로 - 교차로부근,승용,남,61세,상해없음,승용,남,65세,경상
택시사고,2020041200100053,2020년 4월 12일 04시,일요일,부산광역시 남구 문현동,중상사고,0,1,1,0,차대차 - 측면충돌,안전운전불이행,젖음/습기,비,단일로 - 기타,승용,남,60세,상해없음,승용,남,60세,상해없음
택시사고,2020041200100055,2020년 4월 12일 04시,일요일,부산광역시 사상구 괘법동,경상사고,0,0,2,0,차대차 - 기타,신호위반,젖음/습기,비,교차로 - 교차로횡단보도내,승용,남,50세,상해없음,승용,남,60세,경상
택시사고,2020041200100085,2020년 4월 12일 08시,일요일,부산광역시 수영구 광안동,경상사고,0,0,2,0,차대차 - 측면충돌,신호위반,젖음/습기,비,교차로 - 교차로부근,승용,남,55세,경상,승용,남,32세,경상
택시사고,2020041200100134,2020년 4월 12일 11시,일요일,부산광역시 동구 범일동,경상사고,0,0,3,0,차대차 - 추돌,안전운전불이행,젖음/습기,흐림,단일로 - 기타,승용,남,71세,상해없음,승용,여,46세,경상
택시사고,2020041200100424,2020년 4월 12일 23시,일요일,부산광역시 동래구 낙민동,경상사고,0,0,1,0,차대차 - 추돌,안전운전불이행,젖음/습기,흐림,단일로 - 기타,승용,남,58세,상해없음,이륜,남,25세,경상
택시사고,2020041300100265,2020년 4월 13일 14시,월요일,부산광역시 연제구 연산동,경상사고,0,0,2,0,차대차 - 기타,안전거리미확보,건조,맑음,단일로 - 기타,승용,남,67세,상해없음,승용,남,42세,경상
택시사고,2020041300100293,2020년 4월 13일 15시,월요일,부산광역시 연제구 연산동,경상사고,0,0,1,0,차대차 - 측면충돌,직진우회전진행방해,건조,맑음,교차로 - 교차로안,승용,남,47세,기타불명,이륜,남,49세,경상
택시사고,2020041300100423,2020년 4월 13일 18시,월요일,부산광역시 부산진구 부암동,경상사고,0,0,1,0,차대차 - 측면충돌,교차로운행방법위반,건조,맑음,교차로 - 교차로안,승용,남,62세,상해없음,이륜,남,20세,경상
택시사고,2020041400100002,2020년 4월 14일 00시,화요일,부산광역시 동래구 수안동,사망사고,1,0,0,0,차대사람 - 횡단중,안전운전불이행,건조,맑음,교차로 - 교차로부근,승용,남,65세,상해없음,보행자,남,47세,사망
택시사고,2.02004E+15,2020년 4월 14일 01시,화요일,부산광역시 북구 구포동,경상사고,0,0,1,0,차대차 - 측면충돌,교차로운행방법위반,건조,맑음,단일로 - 지하차도(도로)내,승용,남,62세,상해없음,이륜,남,17세,경상
택시사고,2020041400100051,2020년 4월 14일 06시,화요일,부산광역시 강서구 명지동,경상사고,0,0,2,0,차대차 - 측면충돌,안전거리미확보,건조,맑음,단일로 - 지하차도(도로)내,승용,남,66세,상해없음,승용,남,51세,경상
택시사고,2020041400100586,2020년 4월 14일 23시,화요일,부산광역시 영도구 동삼동,중상사고,0,1,0,0,차대사람 - 횡단중,안전운전불이행,건조,맑음,단일로 - 기타,승용,남,70세,상해없음,보행자,남,59세,중상
택시사고,2020041500100002,2020년 4월 15일 00시,수요일,부산광역시 부산진구 범천동,경상사고,0,0,1,0,차대차 - 기타,안전운전불이행,건조,맑음,교차로 - 교차로안,승용,남,49세,상해없음,승용,남,51세,상해없음
택시사고,2020041500100023,2020년 4월 15일 01시,수요일,부산광역시 금정구 장전동,경상사고,0,0,1,0,차대차 - 추돌,안전운전불이행,건조,맑음,단일로 - 기타,승용,남,67세,기타불명,승용,남,44세,상해없음
택시사고,2020041700100035,2020년 4월 17일 04시,금요일,부산광역시 부산진구 전포동,경상사고,0,0,1,0,차대차 - 측면충돌,신호위반,건조,기타,교차로 - 교차로안,승용,남,70세,기타불명,승용,남,47세,경상
택시사고,2020041700100345,2020년 4월 17일 17시,금요일,부산광역시 사상구 엄궁동,경상사고,0,0,2,0,차대차 - 기타,차로위반,건조,맑음,교차로 - 교차로부근,승용,남,67세,상해없음,승합,남,55세,상해없음
택시사고,2020041700100446,2020년 4월 17일 20시,금요일,부산광역시 부산진구 전포동,중상사고,0,1,0,0,차대차 - 기타,차로위반,젖음/습기,비,단일로 - 기타,승용,남,50세,상해없음,이륜,남,37세,중상
택시사고,2020041800100039,2020년 4월 18일 03시,토요일,부산광역시 연제구 연산동,중상사고,0,1,0,0,차대차 - 추돌,안전거리미확보,건조,맑음,단일로 - 기타,승용,남,56세,상해없음,승용,남,65세,상해없음
택시사고,2020041800100167,2020년 4월 18일 11시,토요일,부산광역시 사상구 삼락동,중상사고,0,1,1,0,차대차 - 측면충돌,신호위반,건조,맑음,교차로 - 교차로안,승용,남,64세,상해없음,승용,남,39세,경상
택시사고,2020041800100236,2020년 4월 18일 13시,토요일,부산광역시 동래구 명장동,경상사고,0,0,1,0,차대사람 - 횡단중,신호위반,건조,맑음,교차로 - 교차로횡단보도내,승용,남,51세,상해없음,보행자,남,26세,경상
택시사고,2020041800100377,2020년 4월 18일 17시,토요일,부산광역시 부산진구 부전동,경상사고,0,0,1,0,차대차 - 기타,기타,건조,맑음,단일로 - 기타,승용,남,63세,상해없음,이륜,남,41세,경상
택시사고,2020042000100009,2020년 4월 20일 01시,월요일,부산광역시 수영구 망미동,경상사고,0,0,1,0,차대사람 - 차도통행중,안전운전불이행,젖음/습기,흐림,교차로 - 교차로부근,승용,남,62세,상해없음,보행자,남,58세,경상
택시사고,2020042000100159,2020년 4월 20일 11시,월요일,부산광역시 영도구 영선동2가,경상사고,0,0,1,0,차대사람 - 기타,안전운전불이행,건조,맑음,단일로 - 기타,승용,남,55세,상해없음,보행자,남,77세,경상
택시사고,2020042000100228,2020년 4월 20일 13시,월요일,부산광역시 부산진구 부전동,중상사고,0,1,0,0,차대사람 - 길가장자리구역통행중,안전운전불이행,건조,맑음,단일로 - 기타,승용,남,63세,상해없음,보행자,여,37세,중상
택시사고,2020042000100304,2020년 4월 20일 15시,월요일,부산광역시 부산진구 부전동,중상사고,0,1,0,0,차대차 - 기타,안전운전불이행,건조,맑음,단일로 - 기타,승용,남,64세,상해없음,이륜,남,52세,중상
택시사고,2020042000100427,2020년 4월 20일 19시,월요일,부산광역시 동래구 명장동,중상사고,0,1,0,0,차대차 - 측면충돌,안전거리미확보,건조,맑음,교차로 - 교차로횡단보도내,승용,남,72세,상해없음,이륜,남,38세,중상
택시사고,2020042100100186,2020년 4월 21일 12시,화요일,부산광역시 사상구 덕포동,경상사고,0,0,4,0,차대차 - 측면충돌,교차로운행방법위반,건조,맑음,교차로 - 교차로안,승용,남,65세,상해없음,승용,남,37세,경상
택시사고,2020042100100346,2020년 4월 21일 17시,화요일,부산광역시 금정구 남산동,경상사고,0,0,1,0,차대사람 - 기타,안전운전불이행,건조,맑음,단일로 - 기타,승용,남,59세,상해없음,보행자,여,15세,경상
택시사고,2020042200100093,2020년 4월 22일 08시,수요일,부산광역시 연제구 거제동,경상사고,0,0,1,0,차대차 - 기타,기타,건조,맑음,단일로 - 기타,승용,남,61세,상해없음,자전거,여,69세,경상
택시사고,2020042200100122,2020년 4월 22일 09시,수요일,부산광역시 연제구 연산동,경상사고,0,0,1,0,차대차 - 측면충돌,신호위반,건조,맑음,교차로 - 교차로안,승용,남,71세,상해없음,이륜,남,72세,경상
택시사고,2020042200100291,2020년 4월 22일 15시,수요일,부산광역시 동구 수정동,경상사고,0,0,1,0,차대사람 - 횡단중,안전운전불이행,건조,맑음,단일로 - 기타,승용,남,62세,상해없음,보행자,여,70세,경상
택시사고,2020042200100293,2020년 4월 22일 15시,수요일,부산광역시 금정구 장전동,경상사고,0,0,1,0,차대차 - 기타,신호위반,건조,맑음,교차로 - 교차로부근,승용,남,69세,상해없음,화물,남,50세,경상
택시사고,2020042200100435,2020년 4월 22일 19시,수요일,부산광역시 중구 남포동4가,중상사고,0,1,1,0,차대차 - 측면충돌,차로위반,건조,맑음,단일로 - 기타,승용,남,73세,상해없음,승합,남,59세,상해없음
택시사고,2020042200100479,2020년 4월 22일 21시,수요일,부산광역시 남구 용호동,중상사고,0,1,0,0,차대사람 - 기타,안전운전불이행,건조,맑음,단일로 - 기타,승용,남,62세,상해없음,보행자,여,53세,중상
택시사고,2020042300100204,2020년 4월 23일 12시,목요일,부산광역시 서구 아미동1가,경상사고,0,0,1,0,차대차 - 측면충돌,안전거리미확보,건조,맑음,단일로 - 기타,승용,남,75세,상해없음,승용,남,66세,경상
택시사고,2020042300100475,2020년 4월 23일 20시,목요일,부산광역시 강서구 명지동,중상사고,0,1,0,0,차량단독 - 전도전복 - 전복,안전운전불이행,건조,맑음,단일로 - 기타,승용,남,65세,상해없음,,,,
택시사고,2020042400100044,2020년 4월 24일 04시,금요일,부산광역시 금정구 부곡동,경상사고,0,0,1,0,차대차 - 측면충돌,안전운전불이행,건조,맑음,교차로 - 교차로안,승용,남,60세,상해없음,이륜,남,23세,경상