사고부문,사고번호,사고일시,요일,시군구,사고내용,사망자수,중상자수,경상자수,부상신고자수,사고유형,법규위반,노면상태,기상상태,도로형태,가해운전자 차종,가해운전자 성별,가해운전자 연령,가해운전자 상해정도,피해운전자 차종,피해운전자 성별,피해운전자 연령,피해운전자 상해정도
택시사고,2020042400100157,2020년 4월 24일 10시,금요일,부산광역시 동래구 수안동,경상사고,0,0,1,0,차대차 - 기타,교차로운행방법위반,건조,맑음,교차로 - 교차로안,승용,남,49세,상해없음,승용,남,25세,경상
택시사고,2020042400100583,2020년 4월 24일 21시,금요일,부산광역시 해운대구 송정동,부상신고사고,0,0,0,2,차대차 - 측면충돌,안전운전불이행,건조,맑음,단일로 - 기타,승용,남,64세,상해없음,승용,여,18세,부상신고
택시사고,2020042400100633,2020년 4월 24일 23시,금요일,부산광역시 사하구 장림동,경상사고,0,0,1,0,차대사람 - 차도통행중,안전운전불이행,건조,맑음,교차로 - 교차로안,승용,남,56세,상해없음,보행자,남,54세,경상
택시사고,2020042500100036,2020년 4월 25일 02시,토요일,부산광역시 부산진구 부전동,경상사고,0,0,6,0,차대차 - 추돌,안전운전불이행,건조,맑음,단일로 - 기타,승용,남,55세,상해없음,승용,남,62세,경상
택시사고,2020042500100049,2020년 4월 25일 03시,토요일,부산광역시 연제구 연산동,중상사고,0,1,0,1,차대사람 - 차도통행중,과속,건조,맑음,교차로 - 교차로횡단보도내,승용,남,60세,상해없음,보행자,남,40세,중상
택시사고,2020042500100495,2020년 4월 25일 20시,토요일,부산광역시 사상구 엄궁동,중상사고,0,1,0,0,차대차 - 기타,안전운전불이행,건조,맑음,단일로 - 기타,승용,남,65세,상해없음,승용,남,32세,중상
택시사고,2.02004E+15,2020년 4월 25일 23시,토요일,부산광역시 영도구 청학동,경상사고,0,0,2,0,차대차 - 측면충돌,안전운전불이행,건조,맑음,교차로 - 교차로안,승용,남,70세,상해없음,승용,남,51세,상해없음
택시사고,2020042600100238,2020년 4월 26일 15시,일요일,부산광역시 서구 아미동2가,경상사고,0,0,2,0,차대차 - 추돌,안전거리미확보,건조,맑음,교차로 - 교차로부근,승용,남,67세,상해없음,승용,남,63세,경상
택시사고,2020042600100373,2020년 4월 26일 19시,일요일,부산광역시 중구 창선동1가,경상사고,0,0,1,0,차대사람 - 기타,안전운전불이행,건조,맑음,단일로 - 기타,승용,남,71세,상해없음,보행자,여,26세,경상
택시사고,2020042600100374,2020년 4월 26일 19시,일요일,부산광역시 해운대구 중동,중상사고,0,2,1,0,차대차 - 측면충돌,안전거리미확보,건조,맑음,교차로 - 교차로부근,승용,남,60세,상해없음,승용,남,27세,중상
택시사고,2020042700100011,2020년 4월 27일 01시,월요일,부산광역시 남구 용호동,중상사고,0,1,0,0,차대차 - 추돌,안전운전불이행,건조,맑음,단일로 - 기타,승용,남,57세,상해없음,승용,남,22세,중상
택시사고,2020042700100174,2020년 4월 27일 11시,월요일,부산광역시 서구 서대신동3가,경상사고,0,0,1,0,차대차 - 추돌,중앙선침범,건조,맑음,교차로 - 교차로안,승용,남,64세,상해없음,승합,남,47세,경상
택시사고,2020042700100287,2020년 4월 27일 14시,월요일,부산광역시 남구 대연동,중상사고,0,1,0,0,차대차 - 추돌,안전운전불이행,건조,맑음,교차로 - 교차로안,승용,남,59세,상해없음,승용,여,66세,중상
택시사고,2.02004E+15,2020년 4월 27일 15시,월요일,부산광역시 부산진구 당감동,경상사고,0,0,3,0,차대차 - 정면충돌,안전운전불이행,건조,맑음,교차로 - 교차로부근,승용,남,65세,상해없음,승합,남,55세,상해없음
택시사고,2.02004E+15,2020년 4월 27일 18시,월요일,부산광역시 영도구 대교동2가,중상사고,0,1,1,0,차대차 - 기타,기타,건조,맑음,단일로 - 기타,승용,남,68세,상해없음,이륜,남,38세,중상
택시사고,2020042800100128,2020년 4월 28일 09시,화요일,부산광역시 영도구 영선동2가,경상사고,0,0,3,0,차대차 - 기타,교차로운행방법위반,건조,맑음,교차로 - 교차로안,승용,남,64세,상해없음,승용,남,74세,경상
택시사고,2.02004E+15,2020년 4월 28일 09시,화요일,부산광역시 사상구 괘법동,중상사고,0,1,1,0,차대차 - 추돌,신호위반,건조,맑음,교차로 - 교차로부근,승용,남,58세,경상,승합,남,49세,상해없음
택시사고,2020042900100003,2020년 4월 29일 00시,수요일,부산광역시 수영구 민락동,경상사고,0,0,2,0,차대차 - 측면충돌,안전운전불이행,건조,맑음,단일로 - 기타,승용,남,65세,경상,승용,여,27세,경상
택시사고,2020042900100037,2020년 4월 29일 04시,수요일,부산광역시 중구 중앙동5가,경상사고,0,0,3,0,차대차 - 정면충돌,신호위반,건조,맑음,교차로 - 교차로안,승용,남,68세,상해없음,승용,남,59세,경상
택시사고,2020042900100109,2020년 4월 29일 09시,수요일,부산광역시 해운대구 반송동,사망사고,1,0,0,0,차대사람 - 횡단중,안전운전불이행,건조,맑음,교차로 - 교차로안,승용,남,69세,기타불명,보행자,여,70세,사망
택시사고,2020042900100413,2020년 4월 29일 17시,수요일,부산광역시 사하구 괴정동,중상사고,0,1,2,1,차대차 - 기타,안전운전불이행,건조,맑음,단일로 - 지하차도(도로)내,승용,남,63세,부상신고,승용,남,51세,기타불명
택시사고,2020042900100609,2020년 4월 29일 21시,수요일,부산광역시 사상구 주례동,부상신고사고,0,0,0,1,차량단독 - 기타,안전운전불이행,건조,맑음,단일로 - 기타,승용,남,68세,상해없음,,,,
택시사고,2020042900100639,2020년 4월 29일 22시,수요일,부산광역시 남구 문현동,경상사고,0,0,1,0,차대차 - 기타,안전운전불이행,건조,맑음,단일로 - 기타,승용,남,63세,상해없음,원동기,남,20세,경상
택시사고,2020043000100018,2020년 4월 30일 01시,목요일,부산광역시 수영구 광안동,경상사고,0,0,2,0,차대차 - 측면충돌,교차로운행방법위반,건조,맑음,교차로 - 교차로안,승용,남,60세,상해없음,승용,남,66세,경상
택시사고,2020043000100342,2020년 4월 30일 15시,목요일,부산광역시 부산진구 부전동,경상사고,0,0,1,0,차대차 - 기타,안전거리미확보,건조,맑음,단일로 - 기타,승용,남,62세,상해없음,승용,여,35세,상해없음
택시사고,2020043000100343,2020년 4월 30일 15시,목요일,부산광역시 사하구 신평동,중상사고,0,1,0,0,차대차 - 추돌,안전운전불이행,건조,맑음,단일로 - 기타,승용,남,62세,상해없음,승용,남,50세,중상
택시사고,2020050100100307,2020년 5월 1일 15시,금요일,부산광역시 연제구 연산동,중상사고,0,1,0,0,차대사람 - 기타,기타,건조,맑음,단일로 - 기타,승용,남,56세,상해없음,보행자,여,4세,중상
택시사고,2020050200100009,2020년 5월 2일 00시,토요일,부산광역시 중구 영주동,경상사고,0,0,1,0,차대차 - 기타,안전운전불이행,건조,맑음,단일로 - 기타,승용,남,54세,상해없음,승용,여,28세,경상
택시사고,2020050200100011,2020년 5월 2일 00시,토요일,부산광역시 동래구 명륜동,경상사고,0,0,1,0,차대사람 - 기타,안전운전불이행,건조,맑음,교차로 - 교차로안,승용,남,68세,상해없음,보행자,남,37세,경상
택시사고,2020050200100013,2020년 5월 2일 00시,토요일,부산광역시 부산진구 당감동,경상사고,0,0,1,0,차대사람 - 차도통행중,안전운전불이행,건조,맑음,단일로 - 기타,승용,남,63세,상해없음,보행자,남,52세,경상
택시사고,2020050200100046,2020년 5월 2일 03시,토요일,부산광역시 연제구 연산동,경상사고,0,0,1,0,차대차 - 기타,안전거리미확보,건조,맑음,교차로 - 교차로부근,승용,남,65세,상해없음,원동기,남,17세,경상
택시사고,2020050200100196,2020년 5월 2일 12시,토요일,부산광역시 부산진구 개금동,중상사고,0,1,0,0,차대사람 - 보도통행중,신호위반,건조,맑음,교차로 - 교차로횡단보도내,승용,남,66세,상해없음,보행자,여,56세,중상
택시사고,2020050200100198,2020년 5월 2일 12시,토요일,부산광역시 연제구 연산동,중상사고,0,1,0,0,차대차 - 기타,교차로운행방법위반,건조,맑음,교차로 - 교차로안,승용,남,67세,상해없음,이륜,남,30세,중상
택시사고,2020050200100462,2020년 5월 2일 20시,토요일,부산광역시 중구 남포동6가,중상사고,0,1,0,0,차대사람 - 기타,안전운전불이행,건조,맑음,교차로 - 교차로부근,승용,남,68세,상해없음,보행자,여,60세,중상
택시사고,2020050200100503,2020년 5월 2일 21시,토요일,부산광역시 금정구 서동,경상사고,0,0,1,0,차대사람 - 차도통행중,안전운전불이행,건조,맑음,교차로 - 교차로안,승용,남,63세,상해없음,보행자,여,56세,경상
택시사고,2020050300100016,2020년 5월 3일 01시,일요일,부산광역시 금정구 구서동,경상사고,0,0,3,0,차대차 - 기타,교차로운행방법위반,젖음/습기,맑음,교차로 - 교차로안,승용,남,65세,상해없음,승용,남,26세,경상
택시사고,2020050400100005,2020년 5월 4일 00시,월요일,부산광역시 서구 초장동,부상신고사고,0,0,0,1,차량단독 - 기타,안전운전불이행,건조,맑음,단일로 - 기타,승용,남,72세,상해없음,,,,
택시사고,2020050400100006,2020년 5월 4일 00시,월요일,부산광역시 금정구 부곡동,중상사고,0,1,2,0,차대사람 - 기타,안전운전불이행,건조,맑음,단일로 - 기타,승용,남,56세,상해없음,보행자,남,18세,중상
택시사고,2.02005E+15,2020년 5월 4일 15시,월요일,부산광역시 부산진구 범전동,중상사고,0,1,2,0,차대차 - 측면충돌,신호위반,건조,맑음,교차로 - 교차로안,승용,남,80세,상해없음,승용,남,51세,경상
택시사고,2020050500100006,2020년 5월 5일 00시,화요일,부산광역시 동래구 수안동,경상사고,0,0,1,0,차대차 - 측면충돌,신호위반,건조,맑음,교차로 - 교차로안,승용,남,63세,상해없음,승합,남,55세,경상
택시사고,2020050500100033,2020년 5월 5일 02시,화요일,부산광역시 부산진구 부전동,중상사고,0,1,0,0,차대사람 - 기타,안전운전불이행,건조,맑음,단일로 - 기타,승용,남,60세,상해없음,보행자,남,43세,중상
택시사고,2.02005E+15,2020년 5월 5일 14시,화요일,부산광역시 영도구 대교동2가,경상사고,0,0,1,0,차대차 - 추돌,안전운전불이행,건조,맑음,단일로 - 기타,승용,남,68세,상해없음,승용,남,66세,경상
택시사고,2020050500100337,2020년 5월 5일 19시,화요일,부산광역시 연제구 연산동,부상신고사고,0,0,0,1,차대사람 - 횡단중,안전운전불이행,건조,맑음,교차로 - 교차로횡단보도내,승용,남,69세,상해없음,보행자,여,32세,부상신고
택시사고,2020050500100368,2020년 5월 5일 20시,화요일,부산광역시 연제구 연산동,중상사고,0,1,0,0,차대차 - 후진중충돌,안전운전불이행,건조,맑음,단일로 - 기타,승용,여,64세,상해없음,이륜,남,28세,중상
택시사고,2020050500100437,2020년 5월 5일 23시,화요일,부산광역시 사상구 덕포동,중상사고,0,1,0,0,차대사람 - 기타,안전운전불이행,건조,맑음,단일로 - 기타,승용,남,68세,상해없음,보행자,남,59세,중상
택시사고,2.02005E+15,2020년 5월 6일 10시,수요일,부산광역시 부산진구 개금동,경상사고,0,0,1,0,차대사람 - 길가장자리구역통행중,안전운전불이행,건조,맑음,단일로 - 기타,승용,남,76세,상해없음,보행자,여,60세,경상
택시사고,2020050600100219,2020년 5월 6일 12시,수요일,부산광역시 사상구 학장동,경상사고,0,0,1,0,차대차 - 측면충돌,차로위반,건조,맑음,단일로 - 기타,승용,남,64세,상해없음,이륜,남,42세,경상
택시사고,2020050600100266,2020년 5월 6일 13시,수요일,부산광역시 부산진구 부전동,중상사고,0,1,1,0,차대차 - 기타,신호위반,건조,맑음,교차로 - 교차로안,승용,남,73세,상해없음,이륜,남,42세,중상
택시사고,2020050600100562,2020년 5월 6일 19시,수요일,부산광역시 해운대구 우동,부상신고사고,0,0,0,1,차대차 - 기타,안전거리미확보,건조,맑음,단일로 - 기타,승용,남,63세,상해없음,승용,남,26세,상해없음
택시사고,2020050700100079,2020년 5월 7일 07시,목요일,부산광역시 사상구 모라동,경상사고,0,0,1,0,차대사람 - 기타,안전운전불이행,건조,맑음,단일로 - 기타,승용,남,52세,상해없음,보행자,여,20세,경상
택시사고,2020050700100229,2020년 5월 7일 11시,목요일,부산광역시 사하구 괴정동,중상사고,0,1,0,0,차대차 - 기타,불법유턴,건조,맑음,단일로 - 지하차도(도로)내,승용,남,70세,상해없음,이륜,남,39세,중상
택시사고,2.02005E+15,2020년 5월 7일 11시,목요일,부산광역시 사하구 하단동,부상신고사고,0,0,0,2,차대차 - 측면충돌,교차로운행방법위반,건조,맑음,교차로 - 교차로안,승용,남,70세,부상신고,화물,남,46세,부상신고
택시사고,2020050800100034,2020년 5월 8일 04시,금요일,부산광역시 동구 범일동,중상사고,0,1,1,0,차대차 - 측면충돌,중앙선침범,건조,맑음,단일로 - 기타,승용,남,58세,상해없음,승용,남,63세,경상
택시사고,2020050800100565,2020년 5월 8일 20시,금요일,부산광역시 동래구 안락동,중상사고,0,1,0,0,차대차 - 측면충돌,중앙선침범,건조,맑음,단일로 - 기타,승용,남,58세,상해없음,이륜,남,30세,중상
택시사고,2020050900100501,2020년 5월 9일 20시,토요일,부산광역시 동래구 명장동,중상사고,0,1,2,0,차대차 - 정면충돌,중앙선침범,젖음/습기,흐림,단일로 - 기타,승용,남,66세,상해없음,승용,남,63세,경상
택시사고,2020051000100025,2020년 5월 10일 01시,일요일,부산광역시 남구 문현동,사망사고,1,0,0,0,차대사람 - 횡단중,안전운전불이행,기타,기타,단일로 - 기타,승용,남,54세,상해없음,보행자,남,59세,사망
택시사고,2020051000100068,2020년 5월 10일 05시,일요일,부산광역시 수영구 광안동,중상사고,0,4,0,0,차대차 - 측면충돌,안전거리미확보,건조,맑음,단일로 - 기타,승용,남,71세,기타불명,승용,남,64세,중상
택시사고,2020051000100164,2020년 5월 10일 13시,일요일,부산광역시 기장군 기장읍,경상사고,0,0,2,0,차대차 - 후진중충돌,안전운전불이행,건조,맑음,교차로 - 교차로안,승용,남,56세,상해없음,승용,남,63세,경상
택시사고,2020051100100057,2020년 5월 11일 06시,월요일,부산광역시 북구 만덕동,중상사고,0,1,1,0,차량단독 - 공작물충돌,안전운전불이행,건조,맑음,단일로 - 터널,승용,남,66세,경상,,,,
택시사고,2020051100100106,2020년 5월 11일 08시,월요일,부산광역시 사하구 하단동,경상사고,0,0,1,0,차대차 - 측면충돌,안전운전불이행,건조,맑음,교차로 - 교차로안,승용,남,69세,상해없음,승용,여,28세,경상
택시사고,2020051100100433,2020년 5월 11일 16시,월요일,부산광역시 서구 동대신동3가,중상사고,0,1,0,0,차대사람 - 보도통행중,기타,건조,맑음,단일로 - 기타,승용,남,60세,상해없음,보행자,여,82세,중상
택시사고,2020051100100661,2020년 5월 11일 23시,월요일,부산광역시 사하구 하단동,중상사고,0,1,0,0,차대차 - 측면충돌,안전거리미확보,건조,기타,교차로 - 교차로부근,승용,남,71세,상해없음,승용,남,22세,상해없음
택시사고,2020051200100038,2020년 5월 12일 03시,화요일,부산광역시 사하구 하단동,경상사고,0,0,1,0,차대사람 - 기타,안전운전불이행,건조,맑음,단일로 - 기타,승용,남,63세,상해없음,보행자,남,50세,경상
택시사고,2020051200100362,2020년 5월 12일 16시,화요일,부산광역시 동래구 안락동,경상사고,0,0,1,0,차대차 - 기타,안전운전불이행,건조,맑음,교차로 - 교차로안,승용,남,73세,상해없음,승용,여,63세,경상
택시사고,2020051200100496,2020년 5월 12일 19시,화요일,부산광역시 수영구 망미동,경상사고,0,0,1,0,차대차 - 추돌,안전거리미확보,건조,맑음,교차로 - 교차로부근,승용,남,73세,상해없음,승용,남,36세,경상
택시사고,2020051200100568,2020년 5월 12일 22시,화요일,부산광역시 남구 용호동,경상사고,0,0,1,0,차대차 - 기타,신호위반,건조,맑음,교차로 - 교차로부근,승용,남,60세,상해없음,자전거,남,34세,경상
택시사고,2020051300100314,2020년 5월 13일 14시,수요일,부산광역시 금정구 부곡동,경상사고,0,0,1,1,차대차 - 추돌,안전거리미확보,건조,맑음,교차로 - 교차로부근,승용,남,56세,상해없음,승용,여,44세,경상
택시사고,2020051300100639,2020년 5월 13일 23시,수요일,부산광역시 수영구 광안동,경상사고,0,0,1,0,차대차 - 측면충돌,안전운전불이행,건조,맑음,단일로 - 기타,승용,남,51세,경상,승용,여,49세,상해없음
택시사고,2020051400100326,2020년 5월 14일 15시,목요일,부산광역시 강서구 대저1동,경상사고,0,0,3,0,차대차 - 측면충돌,안전운전불이행,건조,맑음,교차로 - 교차로안,승용,남,61세,상해없음,승용,여,51세,경상
택시사고,2020051400100495,2020년 5월 14일 19시,목요일,부산광역시 남구 용호동,경상사고,0,0,1,0,차대사람 - 기타,안전운전불이행,건조,맑음,단일로 - 기타,승용,남,70세,상해없음,보행자,남,46세,경상
택시사고,2020051500100043,2020년 5월 15일 03시,금요일,부산광역시 동구 초량동,부상신고사고,0,0,0,1,차대사람 - 기타,안전운전불이행,건조,맑음,단일로 - 기타,승용,남,56세,상해없음,보행자,남,55세,부상신고
택시사고,2020051500100051,2020년 5월 15일 05시,금요일,부산광역시 부산진구 부전동,경상사고,0,0,2,0,차대차 - 기타,기타,건조,맑음,교차로 - 교차로안,승용,남,65세,상해없음,승용,남,57세,경상
택시사고,2020051500100074,2020년 5월 15일 07시,금요일,부산광역시 해운대구 우동,경상사고,0,0,1,0,차대차 - 측면충돌,신호위반,건조,맑음,교차로 - 교차로안,승용,남,60세,상해없음,승합,남,65세,경상
택시사고,2020051500100281,2020년 5월 15일 14시,금요일,부산광역시 동래구 안락동,경상사고,0,0,1,0,차대사람 - 횡단중,안전운전불이행,건조,맑음,단일로 - 기타,승용,남,60세,상해없음,보행자,남,22세,경상
택시사고,2020051500100362,2020년 5월 15일 16시,금요일,부산광역시 남구 대연동,중상사고,0,1,0,0,차대차 - 측면충돌,교차로운행방법위반,젖음/습기,비,교차로 - 교차로안,승용,남,57세,상해없음,이륜,남,60세,중상
택시사고,2020051500100532,2020년 5월 15일 20시,금요일,부산광역시 서구 남부민동,경상사고,0,0,1,0,차대차 - 정면충돌,중앙선침범,젖음/습기,흐림,교차로 - 교차로안,승용,남,58세,상해없음,이륜,남,26세,경상
택시사고,2020051500100627,2020년 5월 15일 22시,금요일,부산광역시 남구 감만동,중상사고,0,1,0,0,차대차 - 측면충돌,안전운전불이행,젖음/습기,흐림,교차로 - 교차로부근,승용,남,63세,상해없음,이륜,남,26세,중상
택시사고,2020051500100629,2020년 5월 15일 22시,금요일,부산광역시 부산진구 전포동,경상사고,0,0,2,0,차대차 - 측면충돌,신호위반,건조,맑음,교차로 - 교차로안,승용,남,65세,상해없음,승용,남,54세,상해없음
택시사고,2020051600100171,2020년 5월 16일 11시,토요일,부산광역시 중구 중앙동4가,경상사고,0,0,1,0,차대차 - 측면충돌,안전운전불이행,건조,맑음,단일로 - 기타,승용,남,68세,상해없음,승용,남,40세,경상
택시사고,2020051600100208,2020년 5월 16일 12시,토요일,부산광역시 동래구 안락동,경상사고,0,0,1,0,차대차 - 측면충돌,안전운전불이행,건조,맑음,교차로 - 교차로부근,승용,남,67세,상해없음,승용,남,28세,경상
택시사고,2020051600100304,2020년 5월 16일 15시,토요일,부산광역시 동구 좌천동,경상사고,0,0,2,0,차대차 - 추돌,안전거리미확보,건조,맑음,단일로 - 기타,승용,남,70세,상해없음,승용,남,32세,경상
택시사고,2020051600100397,2020년 5월 16일 18시,토요일,부산광역시 중구 대청동3가,경상사고,0,0,1,0,차대차 - 측면충돌,안전운전불이행,건조,맑음,단일로 - 기타,승용,남,64세,상해없음,이륜,남,35세,경상
택시사고,2020051600100431,2020년 5월 16일 19시,토요일,부산광역시 사상구 모라동,중상사고,0,1,0,0,차대차 - 정면충돌,신호위반,건조,맑음,교차로 - 교차로안,승용,남,63세,상해없음,이륜,남,26세,중상
택시사고,2020051700100053,2020년 5월 17일 04시,일요일,부산광역시 수영구 민락동,중상사고,0,1,0,1,차대차 - 측면충돌,안전운전불이행,건조,맑음,단일로 - 기타,승용,남,62세,기타불명,승용,남,71세,중상
택시사고,2020051800100164,2020년 5월 18일 11시,월요일,부산광역시 중구 중앙동4가,경상사고,0,0,2,0,차대차 - 기타,교차로운행방법위반,건조,흐림,교차로 - 교차로안,승용,남,49세,상해없음,승용,여,42세,경상
택시사고,2020051800100166,2020년 5월 18일 11시,월요일,부산광역시 사하구 괴정동,중상사고,0,1,0,0,차대차 - 기타,중앙선침범,젖음/습기,비,단일로 - 지하차도(도로)내,승용,남,56세,상해없음,이륜,남,28세,중상
택시사고,2020051900100076,2020년 5월 19일 08시,화요일,부산광역시 부산진구 범천동,중상사고,0,1,0,0,차대사람 - 횡단중,안전운전불이행,건조,맑음,교차로 - 교차로안,승용,남,58세,상해없음,보행자,남,60세,중상
택시사고,2020051900100158,2020년 5월 19일 11시,화요일,부산광역시 중구 남포동1가,경상사고,0,0,1,0,차대차 - 추돌,안전운전불이행,건조,맑음,단일로 - 교량,승용,남,62세,상해없음,승용,남,70세,상해없음
택시사고,2020051900100187,2020년 5월 19일 12시,화요일,부산광역시 수영구 망미동,경상사고,0,0,1,0,차대차 - 추돌,안전운전불이행,건조,맑음,교차로 - 교차로부근,승용,남,54세,상해없음,승용,여,67세,경상
택시사고,2020051900100502,2020년 5월 19일 21시,화요일,부산광역시 부산진구 부암동,중상사고,0,1,0,0,차대사람 - 차도통행중,안전운전불이행,건조,맑음,교차로 - 교차로안,승용,남,70세,상해없음,보행자,여,66세,중상
택시사고,2020052000100027,2020년 5월 20일 02시,수요일,부산광역시 동래구 사직동,부상신고사고,0,0,0,1,차대사람 - 기타,안전운전불이행,건조,맑음,단일로 - 기타,승용,남,57세,상해없음,보행자,남,25세,부상신고
택시사고,2020052000100095,2020년 5월 20일 08시,수요일,부산광역시 북구 화명동,중상사고,0,1,0,0,차대차 - 기타,신호위반,건조,맑음,단일로 - 기타,승용,남,76세,상해없음,자전거,여,20세,중상
택시사고,2020052000100526,2020년 5월 20일 18시,수요일,부산광역시 금정구 부곡동,경상사고,0,0,1,0,차대차 - 측면충돌,안전거리미확보,건조,맑음,단일로 - 기타,승용,남,62세,상해없음,승용,여,34세,경상
택시사고,2020052100100084,2020년 5월 21일 08시,목요일,부산광역시 동래구 명장동,경상사고,0,0,2,0,차대차 - 측면충돌,안전거리미확보,건조,맑음,단일로 - 기타,승용,남,68세,상해없음,승용,남,48세,경상
택시사고,2020052100100234,2020년 5월 21일 12시,목요일,부산광역시 연제구 거제동,중상사고,0,1,0,0,차대차 - 측면충돌,차로위반,건조,맑음,단일로 - 기타,승용,남,66세,상해없음,이륜,남,45세,중상
택시사고,2020052200100008,2020년 5월 22일 00시,금요일,부산광역시 부산진구 양정동,경상사고,0,0,1,0,차대차 - 측면충돌,안전거리미확보,건조,맑음,단일로 - 기타,승용,남,74세,상해없음,승용,남,52세,경상
택시사고,2.02005E+15,2020년 5월 22일 08시,금요일,부산광역시 해운대구 재송동,중상사고,0,1,0,0,차대차 - 정면충돌,신호위반,건조,맑음,교차로 - 교차로안,승용,남,72세,상해없음,이륜,남,23세,중상
택시사고,2020052200100437,2020년 5월 22일 17시,금요일,부산광역시 금정구 장전동,경상사고,0,0,1,0,차대차 - 측면충돌,신호위반,건조,맑음,교차로 - 교차로안,승용,남,71세,상해없음,자전거,남,22세,경상
택시사고,2020052200100543,2020년 5월 22일 19시,금요일,부산광역시 부산진구 전포동,경상사고,0,0,1,0,차대사람 - 횡단중,보행자보호의무위반,건조,맑음,단일로 - 기타,승용,남,51세,상해없음,보행자,남,28세,경상
택시사고,2020052300100104,2020년 5월 23일 09시,토요일,부산광역시 동구 초량동,경상사고,0,0,1,0,차대차 - 추돌,안전거리미확보,건조,맑음,단일로 - 기타,승용,남,68세,상해없음,승용,남,57세,경상
택시사고,2020052300100139,2020년 5월 23일 10시,토요일,부산광역시 동래구 복천동,중상사고,0,1,0,0,차대사람 - 기타,안전운전불이행,건조,맑음,단일로 - 기타,승용,남,61세,상해없음,보행자,남,22세,중상
택시사고,2020052300100552,2020년 5월 23일 21시,토요일,부산광역시 서구 암남동,경상사고,0,0,3,0,차대차 - 후진중충돌,안전운전불이행,건조,맑음,단일로 - 기타,승용,남,62세,상해없음,승용,남,43세,상해없음
택시사고,2020052300100597,2020년 5월 23일 23시,토요일,부산광역시 사하구 하단동,경상사고,0,0,1,0,차대차 - 추돌,안전거리미확보,건조,맑음,단일로 - 기타,승용,남,59세,상해없음,승용,남,59세,경상
택시사고,2020052400100061,2020년 5월 24일 03시,일요일,부산광역시 부산진구 전포동,경상사고,0,0,1,0,차대사람 - 횡단중,보행자보호의무위반,건조,맑음,교차로 - 교차로횡단보도내,승용,남,59세,상해없음,보행자,남,29세,경상
택시사고,2020052400100079,2020년 5월 24일 06시,일요일,부산광역시 부산진구 가야동,중상사고,0,1,1,0,차대사람 - 횡단중,신호위반,건조,맑음,교차로 - 교차로횡단보도내,승용,남,73세,상해없음,보행자,남,65세,경상
택시사고,2020052400100261,2020년 5월 24일 15시,일요일,부산광역시 해운대구 중동,경상사고,0,0,2,0,차대차 - 후진중충돌,안전운전불이행,건조,맑음,교차로 - 교차로안,승용,남,59세,상해없음,승용,남,26세,경상
택시사고,2020052400100345,2020년 5월 24일 18시,일요일,부산광역시 연제구 거제동,경상사고,0,0,2,0,차대차 - 기타,교차로운행방법위반,건조,맑음,교차로 - 교차로안,승용,남,68세,경상,승용,남,57세,경상
택시사고,2.02005E+15,2020년 5월 24일 23시,일요일,부산광역시 영도구 청학동,중상사고,0,1,0,0,차량단독 - 기타,안전운전불이행,건조,맑음,단일로 - 기타,승용,남,55세,상해없음,,,,
택시사고,2020052500100028,2020년 5월 25일 04시,월요일,부산광역시 사하구 괴정동,경상사고,0,0,1,0,차대사람 - 기타,안전운전불이행,건조,맑음,단일로 - 기타,승용,남,63세,상해없음,보행자,여,61세,경상
택시사고,2020052500100569,2020년 5월 25일 22시,월요일,부산광역시 부산진구 가야동,중상사고,0,1,0,0,차대사람 - 차도통행중,안전운전불이행,건조,맑음,교차로 - 교차로안,승용,남,64세,상해없음,보행자,남,72세,중상
택시사고,2020052600100007,2020년 5월 26일 00시,화요일,부산광역시 동래구 사직동,경상사고,0,0,1,0,차대차 - 기타,안전운전불이행,건조,맑음,교차로 - 교차로횡단보도내,승용,남,68세,상해없음,자전거,남,14세,경상
택시사고,2020052600100592,2020년 5월 26일 23시,화요일,부산광역시 동래구 안락동,부상신고사고,0,0,0,1,차대사람 - 기타,안전운전불이행,건조,맑음,교차로 - 교차로부근,승용,남,55세,상해없음,보행자,남,18세,부상신고
택시사고,2020052700100059,2020년 5월 27일 07시,수요일,부산광역시 동구 초량동,경상사고,0,0,1,0,차대차 - 기타,기타,건조,맑음,단일로 - 기타,승용,남,65세,상해없음,이륜,남,34세,경상
택시사고,2020052700100314,2020년 5월 27일 14시,수요일,부산광역시 부산진구 가야동,중상사고,0,1,0,0,차대차 - 측면충돌,안전거리미확보,건조,맑음,단일로 - 기타,승용,남,51세,상해없음,이륜,남,49세,중상
택시사고,2020052700100448,2020년 5월 27일 17시,수요일,부산광역시 영도구 동삼동,경상사고,0,0,1,0,차대차 - 측면충돌,안전운전불이행,건조,맑음,단일로 - 기타,승용,남,62세,상해없음,이륜,남,48세,경상
택시사고,2020052700100449,2020년 5월 27일 17시,수요일,부산광역시 부산진구 부전동,경상사고,0,0,1,0,차대사람 - 차도통행중,안전운전불이행,건조,맑음,단일로 - 기타,승용,남,62세,상해없음,보행자,여,65세,경상
택시사고,2020052700100511,2020년 5월 27일 18시,수요일,부산광역시 북구 덕천동,중상사고,0,1,0,0,차대차 - 기타,안전거리미확보,건조,맑음,단일로 - 기타,승용,남,57세,상해없음,승용,남,39세,중상
택시사고,2020052800100039,2020년 5월 28일 04시,목요일,부산광역시 영도구 청학동,경상사고,0,0,1,0,차대사람 - 기타,안전운전불이행,건조,맑음,교차로 - 교차로안,승용,남,81세,상해없음,보행자,남,36세,경상