사고부문,사고번호,사고일시,요일,시군구,사고내용,사망자수,중상자수,경상자수,부상신고자수,사고유형,법규위반,노면상태,기상상태,도로형태,가해운전자 차종,가해운전자 성별,가해운전자 연령,가해운전자 상해정도,피해운전자 차종,피해운전자 성별,피해운전자 연령,피해운전자 상해정도
택시사고,2020052800100098,2020년 5월 28일 08시,목요일,부산광역시 부산진구 개금동,경상사고,0,0,1,0,차대차 - 기타,직진우회전진행방해,건조,맑음,교차로 - 교차로안,승용,남,72세,상해없음,승용,여,39세,경상
택시사고,2.02005E+15,2020년 5월 28일 15시,목요일,부산광역시 금정구 부곡동,경상사고,0,0,1,0,차대차 - 측면충돌,안전운전불이행,건조,맑음,단일로 - 기타,승용,남,67세,상해없음,원동기,남,17세,경상
택시사고,2020052800100388,2020년 5월 28일 16시,목요일,부산광역시 동구 범일동,경상사고,0,0,5,0,차대차 - 측면충돌,신호위반,건조,맑음,교차로 - 교차로안,승용,남,58세,상해없음,승용,남,30세,경상
택시사고,2020052800100533,2020년 5월 28일 20시,목요일,부산광역시 동래구 안락동,경상사고,0,0,1,0,차대차 - 추돌,안전거리미확보,건조,맑음,단일로 - 교량,승용,남,58세,상해없음,승용,남,43세,상해없음
택시사고,2020052800100565,2020년 5월 28일 21시,목요일,부산광역시 사상구 엄궁동,경상사고,0,0,1,0,차대차 - 후진중충돌,안전운전불이행,건조,맑음,단일로 - 기타,승용,여,59세,상해없음,승용,남,58세,상해없음
택시사고,2020052900100474,2020년 5월 29일 17시,금요일,부산광역시 중구 중앙동3가,중상사고,0,1,0,0,차대차 - 기타,안전운전불이행,건조,맑음,단일로 - 기타,승용,남,62세,상해없음,이륜,남,31세,중상
택시사고,2020053000100425,2020년 5월 30일 16시,토요일,부산광역시 해운대구 좌동,중상사고,0,1,0,0,차대차 - 측면충돌,안전거리미확보,건조,흐림,단일로 - 기타,승용,남,50세,상해없음,승용,남,57세,중상
택시사고,2020053000100568,2020년 5월 30일 20시,토요일,부산광역시 북구 덕천동,중상사고,0,1,0,0,차대사람 - 기타,안전운전불이행,건조,맑음,단일로 - 지하차도(도로)내,승용,남,68세,상해없음,보행자,남,68세,중상
택시사고,2020053100100017,2020년 5월 31일 01시,일요일,부산광역시 수영구 광안동,경상사고,0,0,1,0,차대차 - 기타,중앙선침범,건조,맑음,단일로 - 기타,승용,남,60세,상해없음,이륜,남,33세,경상
택시사고,2020053100100018,2020년 5월 31일 01시,일요일,부산광역시 연제구 연산동,경상사고,0,0,1,0,차대차 - 정면충돌,안전운전불이행,건조,맑음,교차로 - 교차로안,승용,남,61세,상해없음,원동기,남,37세,경상
택시사고,2020053100100435,2020년 5월 31일 21시,일요일,부산광역시 연제구 연산동,중상사고,0,1,1,0,차대차 - 추돌,안전운전불이행,건조,맑음,교차로 - 교차로안,승용,남,58세,상해없음,이륜,남,23세,중상
택시사고,2020060200100241,2020년 6월 2일 12시,화요일,부산광역시 해운대구 석대동,경상사고,0,0,1,0,차대차 - 측면충돌,신호위반,건조,맑음,교차로 - 교차로안,승용,남,62세,상해없음,화물,남,37세,경상
택시사고,2020060200100588,2020년 6월 2일 22시,화요일,부산광역시 사상구 모라동,경상사고,0,0,1,0,차대차 - 측면충돌,교차로운행방법위반,건조,맑음,교차로 - 교차로안,승용,남,57세,상해없음,화물,남,27세,경상
택시사고,2020060300100319,2020년 6월 3일 15시,수요일,부산광역시 강서구 명지동,경상사고,0,0,2,0,차대차 - 측면충돌,안전운전불이행,건조,맑음,단일로 - 기타,승용,남,70세,상해없음,승용,여,37세,경상
택시사고,2020060300100401,2020년 6월 3일 17시,수요일,부산광역시 수영구 망미동,경상사고,0,0,3,0,차대차 - 추돌,안전거리미확보,건조,맑음,교차로 - 교차로부근,승용,남,67세,상해없음,승용,남,66세,경상
택시사고,2020060400100334,2020년 6월 4일 15시,목요일,부산광역시 동구 초량동,경상사고,0,0,2,0,차대차 - 추돌,안전운전불이행,건조,맑음,단일로 - 기타,승용,남,69세,상해없음,승용,여,33세,경상
택시사고,2020060400100372,2020년 6월 4일 16시,목요일,부산광역시 금정구 구서동,경상사고,0,0,1,0,차대차 - 측면충돌,신호위반,건조,맑음,교차로 - 교차로안,승용,남,70세,상해없음,승합,남,63세,경상
택시사고,2020060400100612,2020년 6월 4일 22시,목요일,부산광역시 해운대구 반송동,경상사고,0,0,3,0,차대차 - 기타,안전운전불이행,건조,맑음,교차로 - 교차로부근,승용,남,68세,상해없음,승용,남,26세,경상
택시사고,2.02006E+15,2020년 6월 4일 23시,목요일,부산광역시 남구 문현동,경상사고,0,0,1,0,차대차 - 측면충돌,안전거리미확보,건조,맑음,단일로 - 기타,승용,남,67세,상해없음,승용,남,34세,경상
택시사고,2.02006E+15,2020년 6월 5일 13시,금요일,부산광역시 중구 부평동2가,경상사고,0,0,1,0,차대차 - 추돌,안전운전불이행,건조,맑음,단일로 - 기타,승용,남,67세,상해없음,승용,남,46세,상해없음
택시사고,2020060500100366,2020년 6월 5일 15시,금요일,부산광역시 부산진구 범천동,경상사고,0,0,1,0,차대차 - 측면충돌,신호위반,건조,맑음,교차로 - 교차로안,승용,남,66세,상해없음,이륜,남,36세,경상
택시사고,2020060500100367,2020년 6월 5일 15시,금요일,부산광역시 금정구 부곡동,중상사고,0,1,0,0,차대사람 - 횡단중,안전운전불이행,건조,맑음,교차로 - 교차로안,승용,남,56세,상해없음,보행자,여,79세,중상
택시사고,2020060500100552,2020년 6월 5일 19시,금요일,부산광역시 동구 초량동,중상사고,0,1,0,0,차대사람 - 기타,안전운전불이행,건조,맑음,단일로 - 기타,승용,남,55세,상해없음,보행자,여,30세,중상
택시사고,2020060500100644,2020년 6월 5일 21시,금요일,부산광역시 사상구 괘법동,경상사고,0,0,1,0,차대사람 - 횡단중,안전운전불이행,건조,맑음,단일로 - 기타,승용,남,69세,상해없음,보행자,남,54세,경상
택시사고,2020060500100679,2020년 6월 5일 22시,금요일,부산광역시 남구 대연동,부상신고사고,0,0,0,1,차대차 - 기타,교차로운행방법위반,건조,맑음,교차로 - 교차로안,승용,남,60세,상해없음,이륜,여,21세,부상신고
택시사고,2020060600100006,2020년 6월 6일 00시,토요일,부산광역시 사하구 하단동,경상사고,0,0,3,0,차대차 - 추돌,안전운전불이행,건조,맑음,교차로 - 교차로부근,승용,남,68세,기타불명,승용,남,22세,경상
택시사고,2020060600100407,2020년 6월 6일 17시,토요일,부산광역시 영도구 청학동,경상사고,0,0,3,0,차대차 - 정면충돌,중앙선침범,건조,맑음,교차로 - 교차로부근,승용,남,67세,경상,승용,남,22세,경상
택시사고,2020060600100549,2020년 6월 6일 21시,토요일,부산광역시 해운대구 우동,경상사고,0,0,1,0,차대사람 - 횡단중,보행자보호의무위반,건조,맑음,교차로 - 교차로횡단보도내,승용,남,63세,상해없음,보행자,남,22세,경상
택시사고,2020060700100003,2020년 6월 7일 00시,일요일,부산광역시 부산진구 전포동,중상사고,0,1,0,0,차대차 - 추돌,중앙선침범,건조,맑음,단일로 - 기타,승용,남,52세,상해없음,이륜,남,29세,중상
택시사고,2020060700100051,2020년 6월 7일 03시,일요일,부산광역시 부산진구 전포동,중상사고,0,1,1,0,차대차 - 측면충돌,신호위반,건조,맑음,교차로 - 교차로안,승용,남,66세,상해없음,승용,남,67세,중상
택시사고,2.02006E+15,2020년 6월 7일 10시,일요일,부산광역시 동구 수정동,중상사고,0,1,0,0,차대차 - 기타,안전운전불이행,건조,맑음,교차로 - 교차로안,승용,남,65세,상해없음,승용,여,48세,중상
택시사고,2020060700100246,2020년 6월 7일 14시,일요일,부산광역시 북구 구포동,중상사고,0,1,0,0,차대사람 - 길가장자리구역통행중,안전운전불이행,건조,맑음,단일로 - 지하차도(도로)내,승용,남,71세,상해없음,보행자,여,67세,중상
택시사고,2020060700100478,2020년 6월 7일 21시,일요일,부산광역시 중구 대청동2가,경상사고,0,0,1,0,차대사람 - 기타,안전운전불이행,건조,맑음,단일로 - 기타,승용,남,43세,상해없음,보행자,남,40세,경상
택시사고,2020060900100014,2020년 6월 9일 01시,화요일,부산광역시 부산진구 부전동,경상사고,0,0,1,0,차대사람 - 기타,안전운전불이행,건조,맑음,단일로 - 기타,승용,남,61세,상해없음,보행자,남,36세,경상
택시사고,2.02006E+15,2020년 6월 9일 04시,화요일,부산광역시 사하구 신평동,경상사고,0,0,1,0,차대차 - 추돌,신호위반,건조,맑음,교차로 - 교차로안,승용,남,67세,상해없음,승용,남,68세,경상
택시사고,2.02006E+15,2020년 6월 9일 08시,화요일,부산광역시 서구 아미동2가,경상사고,0,0,1,0,차대사람 - 횡단중,보행자보호의무위반,건조,맑음,단일로 - 기타,승용,남,63세,상해없음,보행자,여,77세,경상
택시사고,2020060900100101,2020년 6월 9일 08시,화요일,부산광역시 부산진구 양정동,중상사고,0,1,0,0,차대차 - 측면충돌,교차로운행방법위반,건조,맑음,교차로 - 교차로안,승용,남,62세,상해없음,승용,남,64세,중상
택시사고,2020060900100226,2020년 6월 9일 11시,화요일,부산광역시 연제구 연산동,경상사고,0,0,1,0,차대차 - 측면충돌,기타,건조,맑음,단일로 - 기타,승용,남,70세,상해없음,이륜,남,42세,경상
택시사고,2020060900100519,2020년 6월 9일 18시,화요일,부산광역시 수영구 광안동,경상사고,0,0,2,0,차대차 - 측면충돌,교차로운행방법위반,건조,맑음,교차로 - 교차로안,승용,남,55세,상해없음,승용,남,44세,경상
택시사고,2020061000100005,2020년 6월 10일 00시,수요일,부산광역시 금정구 노포동,경상사고,0,0,1,0,차량단독 - 기타,안전운전불이행,건조,맑음,교차로 - 교차로안,승용,남,75세,기타불명,,,,
택시사고,2020061000100314,2020년 6월 10일 14시,수요일,부산광역시 서구 아미동2가,경상사고,0,0,1,1,차대차 - 측면충돌,안전거리미확보,건조,맑음,교차로 - 교차로안,승용,남,73세,부상신고,승용,남,22세,경상
택시사고,2020061000100433,2020년 6월 10일 17시,수요일,부산광역시 서구 암남동,경상사고,0,0,1,0,차대차 - 측면충돌,불법유턴,건조,맑음,교차로 - 교차로부근,승용,남,69세,상해없음,이륜,남,19세,경상
택시사고,2020061000100435,2020년 6월 10일 17시,수요일,부산광역시 부산진구 부전동,중상사고,0,1,0,0,차대차 - 기타,기타,건조,맑음,단일로 - 기타,승용,남,63세,상해없음,이륜,남,49세,중상
택시사고,2.02006E+15,2020년 6월 10일 20시,수요일,부산광역시 수영구 광안동,경상사고,0,0,1,0,차대차 - 측면충돌,안전운전불이행,건조,맑음,단일로 - 기타,승용,남,47세,상해없음,승용,남,34세,상해없음
택시사고,2020061000100649,2020년 6월 10일 21시,수요일,부산광역시 연제구 연산동,중상사고,0,1,2,0,차대차 - 측면충돌,과속,건조,맑음,교차로 - 교차로안,승용,남,59세,기타불명,승용,여,53세,경상
택시사고,2020061000100706,2020년 6월 10일 22시,수요일,부산광역시 연제구 연산동,부상신고사고,0,0,0,1,차대사람 - 기타,안전운전불이행,건조,맑음,교차로 - 교차로부근,승용,남,60세,상해없음,보행자,남,58세,부상신고
택시사고,2020061100100277,2020년 6월 11일 13시,목요일,부산광역시 영도구 청학동,경상사고,0,0,1,0,차대사람 - 횡단중,보행자보호의무위반,건조,맑음,단일로 - 기타,승용,남,70세,상해없음,보행자,남,7세,경상
택시사고,2020061100100581,2020년 6월 11일 21시,목요일,부산광역시 서구 서대신동3가,부상신고사고,0,0,0,1,차대사람 - 길가장자리구역통행중,안전운전불이행,건조,맑음,단일로 - 기타,승용,남,53세,상해없음,보행자,여,27세,부상신고
택시사고,2020061100100614,2020년 6월 11일 22시,목요일,부산광역시 북구 화명동,경상사고,0,0,3,0,차대차 - 측면충돌,안전거리미확보,건조,맑음,단일로 - 기타,승용,남,55세,상해없음,승용,남,36세,경상
택시사고,2020061200100215,2020년 6월 12일 11시,금요일,부산광역시 연제구 거제동,경상사고,0,0,2,0,차대차 - 추돌,안전운전불이행,건조,맑음,단일로 - 기타,승용,남,56세,상해없음,승용,남,67세,상해없음
택시사고,2020061200100258,2020년 6월 12일 12시,금요일,부산광역시 부산진구 부전동,부상신고사고,0,0,0,1,차대차 - 측면충돌,기타,건조,맑음,교차로 - 교차로부근,승용,남,73세,상해없음,이륜,남,39세,부상신고
택시사고,2020061200100326,2020년 6월 12일 14시,금요일,부산광역시 해운대구 우동,중상사고,0,1,0,0,차대차 - 기타,기타,건조,맑음,단일로 - 기타,승용,남,64세,상해없음,자전거,남,78세,중상
택시사고,2020061200100361,2020년 6월 12일 15시,금요일,부산광역시 영도구 청학동,경상사고,0,0,1,0,차대차 - 측면충돌,안전운전불이행,건조,맑음,단일로 - 기타,승용,남,76세,상해없음,승용,여,42세,경상
택시사고,2020061200100595,2020년 6월 12일 20시,금요일,부산광역시 해운대구 우동,경상사고,0,0,2,0,차대차 - 측면충돌,안전거리미확보,건조,맑음,단일로 - 기타,승용,남,63세,상해없음,승용,남,42세,경상
택시사고,2020061200100596,2020년 6월 12일 20시,금요일,부산광역시 부산진구 범천동,경상사고,0,0,1,0,차대사람 - 기타,안전운전불이행,건조,맑음,단일로 - 기타,승용,남,64세,상해없음,보행자,남,35세,경상
택시사고,2020061200100674,2020년 6월 12일 22시,금요일,부산광역시 부산진구 양정동,경상사고,0,0,1,0,차대차 - 측면충돌,신호위반,건조,맑음,교차로 - 교차로안,승용,남,62세,상해없음,원동기,남,41세,경상
택시사고,2020061200100722,2020년 6월 12일 23시,금요일,부산광역시 남구 대연동,경상사고,0,0,2,0,차대차 - 측면충돌,안전운전불이행,건조,흐림,교차로 - 교차로안,승용,남,51세,기타불명,승합,남,41세,경상
택시사고,2020061300100055,2020년 6월 13일 02시,토요일,부산광역시 동래구 온천동,경상사고,0,0,1,1,차대차 - 측면충돌,신호위반,젖음/습기,비,교차로 - 교차로안,승용,남,57세,기타불명,승용,남,70세,부상신고
택시사고,2.02006E+15,2020년 6월 13일 03시,토요일,부산광역시 동구 초량동,경상사고,0,0,2,1,차대차 - 추돌,차로위반,젖음/습기,비,단일로 - 기타,승용,남,55세,상해없음,승용,남,66세,경상
택시사고,2020061300100071,2020년 6월 13일 03시,토요일,부산광역시 수영구 망미동,경상사고,0,0,1,0,차량단독 - 전도전복 - 전복,안전운전불이행,젖음/습기,비,단일로 - 고가도로위,승용,남,62세,상해없음,,,,
택시사고,2020061300100082,2020년 6월 13일 04시,토요일,부산광역시 동래구 수안동,중상사고,0,1,0,0,차대사람 - 기타,안전운전불이행,젖음/습기,맑음,단일로 - 기타,승용,남,54세,상해없음,보행자,남,45세,중상
택시사고,2020061300100111,2020년 6월 13일 07시,토요일,부산광역시 금정구 부곡동,중상사고,0,1,0,0,차대차 - 추돌,안전운전불이행,건조,맑음,교차로 - 교차로안,승용,남,71세,상해없음,화물,남,63세,중상
택시사고,2020061300100296,2020년 6월 13일 13시,토요일,부산광역시 동구 초량동,중상사고,0,1,1,0,차대차 - 측면충돌,안전운전불이행,젖음/습기,흐림,단일로 - 기타,승용,남,60세,상해없음,이륜,남,64세,중상
택시사고,2020061300100559,2020년 6월 13일 20시,토요일,부산광역시 연제구 거제동,경상사고,0,0,4,0,차대차 - 측면충돌,안전거리미확보,젖음/습기,비,단일로 - 기타,승용,남,57세,상해없음,승용,여,36세,경상
택시사고,2020061300100594,2020년 6월 13일 21시,토요일,부산광역시 남구 용당동,경상사고,0,0,1,0,차대차 - 추돌,신호위반,젖음/습기,비,교차로 - 교차로안,승용,남,62세,상해없음,승용,남,43세,상해없음
택시사고,2020061400100045,2020년 6월 14일 02시,일요일,부산광역시 부산진구 전포동,경상사고,0,0,3,0,차대차 - 정면충돌,신호위반,젖음/습기,맑음,교차로 - 교차로안,승용,남,64세,상해없음,승용,남,46세,경상
택시사고,2020061400100307,2020년 6월 14일 16시,일요일,부산광역시 북구 화명동,경상사고,0,0,1,0,차대차 - 측면충돌,안전운전불이행,건조,맑음,교차로 - 교차로안,승용,남,65세,상해없음,원동기,남,42세,경상
택시사고,2020061500100692,2020년 6월 15일 23시,월요일,부산광역시 남구 대연동,중상사고,0,1,1,0,차대사람 - 차도통행중,안전운전불이행,건조,맑음,교차로 - 교차로부근,승용,남,66세,상해없음,보행자,남,24세,중상
택시사고,2020061600100003,2020년 6월 16일 00시,화요일,부산광역시 연제구 연산동,중상사고,0,1,0,0,차대차 - 기타,차로위반,건조,맑음,단일로 - 기타,승용,남,63세,상해없음,화물,남,47세,중상
택시사고,2020061600100018,2020년 6월 16일 02시,화요일,부산광역시 중구 광복동1가,경상사고,0,0,1,0,차대차 - 측면충돌,신호위반,건조,맑음,교차로 - 교차로안,승용,남,53세,상해없음,승용,남,22세,경상
택시사고,2.02006E+15,2020년 6월 16일 08시,화요일,부산광역시 연제구 거제동,경상사고,0,0,1,0,차대사람 - 기타,기타,건조,맑음,단일로 - 기타,승용,남,74세,상해없음,보행자,여,28세,경상
택시사고,2020061600100311,2020년 6월 16일 14시,화요일,부산광역시 부산진구 범천동,경상사고,0,0,1,0,차량단독 - 공작물충돌,안전운전불이행,건조,맑음,단일로 - 기타,승용,남,53세,상해없음,,,,
택시사고,2020061600100349,2020년 6월 16일 15시,화요일,부산광역시 남구 대연동,경상사고,0,0,1,0,차대차 - 추돌,안전거리미확보,건조,맑음,단일로 - 기타,승용,남,53세,상해없음,승용,남,62세,경상
택시사고,2020061700100198,2020년 6월 17일 11시,수요일,부산광역시 금정구 부곡동,경상사고,0,0,1,0,차대차 - 측면충돌,신호위반,건조,맑음,교차로 - 교차로안,승용,남,68세,상해없음,이륜,남,24세,경상
택시사고,2020061700100273,2020년 6월 17일 13시,수요일,부산광역시 영도구 대교동1가,중상사고,0,1,0,0,차대사람 - 기타,보행자보호의무위반,건조,맑음,교차로 - 교차로안,승용,남,64세,상해없음,보행자,여,76세,중상
택시사고,2020061700100594,2020년 6월 17일 22시,수요일,부산광역시 남구 문현동,중상사고,0,1,1,0,차대차 - 추돌,차로위반,건조,맑음,기타 - 기타,승용,남,50세,상해없음,승용,남,67세,경상
택시사고,2.02006E+15,2020년 6월 18일 02시,목요일,부산광역시 사하구 괴정동,경상사고,0,0,1,0,차대사람 - 차도통행중,안전운전불이행,젖음/습기,비,교차로 - 교차로안,승용,남,46세,상해없음,보행자,남,62세,경상
택시사고,2020061900100543,2020년 6월 19일 18시,금요일,부산광역시 연제구 거제동,경상사고,0,0,1,0,차대차 - 측면충돌,교차로운행방법위반,건조,맑음,교차로 - 교차로안,승용,남,52세,기타불명,화물,남,38세,경상
택시사고,2020062000100419,2020년 6월 20일 16시,토요일,부산광역시 부산진구 범천동,경상사고,0,0,2,0,차대차 - 측면충돌,신호위반,건조,맑음,교차로 - 교차로안,승용,남,63세,상해없음,이륜,남,28세,경상
택시사고,2020062100100004,2020년 6월 21일 00시,일요일,부산광역시 동래구 명장동,경상사고,0,0,1,0,차대차 - 기타,기타,건조,맑음,단일로 - 기타,승용,남,55세,상해없음,이륜,남,16세,경상
택시사고,2020062100100073,2020년 6월 21일 05시,일요일,부산광역시 기장군 기장읍,경상사고,0,0,1,0,차량단독 - 공작물충돌,안전운전불이행,건조,맑음,교차로 - 교차로부근,승용,남,68세,상해없음,,,,
택시사고,2020062100100275,2020년 6월 21일 15시,일요일,부산광역시 남구 문현동,경상사고,0,0,1,0,차대사람 - 기타,안전운전불이행,건조,맑음,단일로 - 기타,승용,남,62세,상해없음,보행자,여,51세,경상
택시사고,2020062100100387,2020년 6월 21일 18시,일요일,부산광역시 수영구 남천동,경상사고,0,0,1,0,차량단독 - 기타,안전운전불이행,건조,맑음,교차로 - 교차로부근,승용,남,58세,상해없음,,,,
택시사고,2020062100100436,2020년 6월 21일 20시,일요일,부산광역시 부산진구 범전동,중상사고,0,1,0,1,차대차 - 기타,중앙선침범,건조,맑음,기타 - 기타,승용,남,61세,부상신고,이륜,남,24세,중상
택시사고,2.02006E+15,2020년 6월 21일 23시,일요일,부산광역시 부산진구 전포동,중상사고,0,1,1,0,차대차 - 측면충돌,신호위반,건조,맑음,교차로 - 교차로안,승용,남,64세,상해없음,승용,여,26세,중상
택시사고,2020062200100021,2020년 6월 22일 02시,월요일,부산광역시 동구 수정동,중상사고,0,1,0,0,차대사람 - 차도통행중,안전운전불이행,건조,맑음,단일로 - 기타,승용,남,64세,상해없음,보행자,남,34세,중상
택시사고,2020062200100054,2020년 6월 22일 06시,월요일,부산광역시 사하구 신평동,중상사고,0,2,0,0,차대차 - 기타,직진우회전진행방해,건조,맑음,교차로 - 교차로부근,승용,남,66세,상해없음,승용,남,68세,중상
택시사고,2020062200100245,2020년 6월 22일 11시,월요일,부산광역시 부산진구 부전동,중상사고,0,1,0,0,차대차 - 측면충돌,기타,건조,맑음,단일로 - 기타,승용,남,71세,상해없음,자전거,남,53세,중상
택시사고,2020062200100517,2020년 6월 22일 17시,월요일,부산광역시 서구 서대신동2가,경상사고,0,0,1,0,차대차 - 측면충돌,안전거리미확보,건조,맑음,단일로 - 기타,승용,남,72세,상해없음,승용,남,57세,경상
택시사고,2020062300100007,2020년 6월 23일 00시,화요일,부산광역시 남구 대연동,경상사고,0,0,1,0,차대차 - 기타,안전운전불이행,건조,맑음,단일로 - 기타,승용,남,56세,상해없음,이륜,남,29세,경상
택시사고,2020062300100008,2020년 6월 23일 00시,화요일,부산광역시 부산진구 부전동,경상사고,0,0,2,0,차대차 - 측면충돌,신호위반,건조,맑음,교차로 - 교차로안,승용,남,91세,상해없음,승용,남,70세,경상
택시사고,2020062300100009,2020년 6월 23일 00시,화요일,부산광역시 사상구 감전동,경상사고,0,0,2,0,차대차 - 기타,신호위반,건조,맑음,교차로 - 교차로안,승용,남,73세,경상,승용,남,26세,경상
택시사고,2020062300100071,2020년 6월 23일 07시,화요일,부산광역시 연제구 연산동,중상사고,0,1,0,0,차대차 - 측면충돌,교차로운행방법위반,건조,맑음,교차로 - 교차로안,승용,남,72세,상해없음,승용,여,57세,중상
택시사고,2020062300100291,2020년 6월 23일 12시,화요일,부산광역시 동래구 온천동,경상사고,0,0,1,0,차대차 - 추돌,안전운전불이행,건조,맑음,단일로 - 기타,승용,남,69세,상해없음,원동기,남,31세,경상
택시사고,2020062300100292,2020년 6월 23일 12시,화요일,부산광역시 금정구 금사동,경상사고,0,0,1,0,차대차 - 기타,직진우회전진행방해,건조,맑음,교차로 - 교차로안,승용,남,64세,기타불명,승합,남,58세,상해없음
택시사고,2020062400100016,2020년 6월 24일 01시,수요일,부산광역시 해운대구 반여동,경상사고,0,0,1,0,차대차 - 측면충돌,안전거리미확보,건조,맑음,교차로 - 교차로안,승용,남,64세,상해없음,화물,여,55세,경상
택시사고,2020062400100143,2020년 6월 24일 09시,수요일,부산광역시 사하구 감천동,중상사고,0,1,0,0,차대사람 - 기타,안전운전불이행,건조,맑음,기타 - 기타,승용,남,64세,상해없음,보행자,여,85세,중상
택시사고,2020062400100186,2020년 6월 24일 11시,수요일,부산광역시 해운대구 반송동,중상사고,0,1,0,0,차대사람 - 횡단중,보행자보호의무위반,건조,맑음,교차로 - 교차로부근,승용,남,64세,상해없음,보행자,여,71세,중상
택시사고,2020062400100289,2020년 6월 24일 14시,수요일,부산광역시 부산진구 가야동,중상사고,0,1,0,0,차대차 - 측면충돌,안전운전불이행,건조,맑음,단일로 - 기타,승용,남,63세,상해없음,이륜,남,70세,중상
택시사고,2020062500100013,2020년 6월 25일 00시,목요일,부산광역시 동구 좌천동,경상사고,0,0,3,0,차대차 - 측면충돌,과속,젖음/습기,비,단일로 - 기타,승용,남,63세,경상,승용,남,55세,경상
택시사고,2020062500100336,2020년 6월 25일 15시,목요일,부산광역시 금정구 부곡동,경상사고,0,0,1,0,차대차 - 기타,안전운전불이행,건조,맑음,교차로 - 교차로안,승용,남,73세,상해없음,이륜,남,21세,경상
택시사고,2020062500100397,2020년 6월 25일 17시,목요일,부산광역시 부산진구 전포동,경상사고,0,0,1,0,차대사람 - 횡단중,안전운전불이행,젖음/습기,비,교차로 - 교차로부근,승용,남,60세,상해없음,보행자,남,18세,경상
택시사고,2020062500100498,2020년 6월 25일 20시,목요일,부산광역시 부산진구 개금동,경상사고,0,0,1,0,차대차 - 추돌,안전거리미확보,젖음/습기,비,교차로 - 교차로부근,승용,남,57세,상해없음,승용,남,22세,경상
택시사고,2020062600100212,2020년 6월 26일 11시,금요일,부산광역시 동구 초량동,경상사고,0,0,1,0,차대차 - 기타,안전거리미확보,건조,맑음,단일로 - 기타,승용,남,75세,상해없음,승용,남,27세,경상
택시사고,2020062600100314,2020년 6월 26일 14시,금요일,부산광역시 중구 신창동1가,경상사고,0,0,1,0,차대차 - 후진중충돌,불법유턴,건조,맑음,단일로 - 기타,승용,남,54세,상해없음,이륜,남,30세,경상
택시사고,2020062600100708,2020년 6월 26일 23시,금요일,부산광역시 북구 화명동,경상사고,0,0,1,0,차대차 - 측면충돌,중앙선침범,건조,맑음,단일로 - 기타,승용,남,60세,상해없음,이륜,남,21세,경상
택시사고,2020062700100027,2020년 6월 27일 01시,토요일,부산광역시 해운대구 우동,중상사고,0,1,0,0,차대사람 - 횡단중,안전운전불이행,건조,맑음,단일로 - 기타,승용,남,59세,상해없음,보행자,남,29세,중상
택시사고,2020062700100028,2020년 6월 27일 01시,토요일,부산광역시 사하구 신평동,경상사고,0,0,1,0,차대차 - 후진중충돌,안전운전불이행,건조,맑음,교차로 - 교차로안,승용,남,70세,상해없음,승용,남,33세,경상
택시사고,2020062700100515,2020년 6월 27일 20시,토요일,부산광역시 수영구 망미동,부상신고사고,0,0,0,3,차대차 - 기타,안전운전불이행,건조,맑음,교차로 - 교차로부근,승용,남,64세,상해없음,승용,남,60세,상해없음
택시사고,2020062700100549,2020년 6월 27일 21시,토요일,부산광역시 해운대구 반여동,부상신고사고,0,0,0,1,차대차 - 측면충돌,안전운전불이행,건조,맑음,단일로 - 기타,승용,남,64세,상해없음,이륜,남,21세,부상신고
택시사고,2020062800100045,2020년 6월 28일 03시,일요일,부산광역시 해운대구 반여동,중상사고,0,1,0,0,차대차 - 기타,신호위반,건조,맑음,교차로 - 교차로안,승용,남,71세,상해없음,원동기,남,16세,중상
택시사고,2020062800100058,2020년 6월 28일 04시,일요일,부산광역시 강서구 명지동,중상사고,0,1,0,0,차대사람 - 기타,안전운전불이행,건조,맑음,기타 - 기타,승용,남,65세,상해없음,보행자,남,49세,중상
택시사고,2020062800100414,2020년 6월 28일 19시,일요일,부산광역시 연제구 연산동,경상사고,0,0,1,0,차대차 - 기타,안전거리미확보,건조,맑음,단일로 - 기타,승용,남,66세,상해없음,이륜,남,17세,경상
택시사고,2020062800100464,2020년 6월 28일 21시,일요일,부산광역시 부산진구 부전동,중상사고,0,1,0,0,차대차 - 기타,신호위반,건조,맑음,교차로 - 교차로안,승용,남,47세,상해없음,이륜,남,46세,중상
택시사고,2020062900100004,2020년 6월 29일 01시,월요일,부산광역시 부산진구 부전동,중상사고,0,2,2,0,차대차 - 측면충돌,신호위반,건조,맑음,교차로 - 교차로안,승용,남,60세,상해없음,승용,남,65세,중상
택시사고,2020062900100009,2020년 6월 29일 02시,월요일,부산광역시 수영구 남천동,중상사고,0,1,0,0,차량단독 - 공작물충돌,안전운전불이행,건조,맑음,교차로 - 교차로안,승용,남,38세,상해없음,,,,
택시사고,2020062900100167,2020년 6월 29일 11시,월요일,부산광역시 동구 범일동,경상사고,0,0,1,0,차대차 - 측면충돌,안전거리미확보,건조,맑음,단일로 - 기타,승용,남,51세,상해없음,승용,남,67세,경상
택시사고,2.02006E+15,2020년 6월 29일 13시,월요일,부산광역시 부산진구 범천동,경상사고,0,0,1,0,차대사람 - 기타,안전운전불이행,건조,맑음,단일로 - 기타,승용,남,72세,상해없음,보행자,여,20세,경상
택시사고,2020062900100391,2020년 6월 29일 17시,월요일,부산광역시 남구 용호동,경상사고,0,0,1,0,차대차 - 기타,안전운전불이행,젖음/습기,비,단일로 - 기타,승용,남,73세,상해없음,이륜,남,39세,경상