사고부문,사고번호,사고일시,요일,시군구,사고내용,사망자수,중상자수,경상자수,부상신고자수,사고유형,법규위반,노면상태,기상상태,도로형태,가해운전자 차종,가해운전자 성별,가해운전자 연령,가해운전자 상해정도,피해운전자 차종,피해운전자 성별,피해운전자 연령,피해운전자 상해정도
택시사고,2020062900100433,2020년 6월 29일 18시,월요일,부산광역시 연제구 연산동,경상사고,0,0,1,0,차대차 - 추돌,안전운전불이행,젖음/습기,비,교차로 - 교차로부근,승용,남,62세,상해없음,승용,여,32세,경상
택시사고,2020062900100516,2020년 6월 29일 20시,월요일,부산광역시 동래구 온천동,경상사고,0,0,1,0,차대차 - 측면충돌,안전운전불이행,젖음/습기,비,단일로 - 기타,승용,남,63세,상해없음,승용,남,64세,경상
택시사고,2020062900100616,2020년 6월 29일 22시,월요일,부산광역시 동래구 사직동,경상사고,0,0,1,0,차대차 - 측면충돌,안전운전불이행,젖음/습기,비,단일로 - 기타,승용,남,55세,상해없음,이륜,남,25세,경상
택시사고,2020063000100006,2020년 6월 30일 00시,화요일,부산광역시 수영구 망미동,경상사고,0,0,1,0,차량단독 - 기타,안전운전불이행,젖음/습기,비,교차로 - 교차로부근,승용,남,63세,상해없음,,,,
택시사고,2020063000100027,2020년 6월 30일 01시,화요일,부산광역시 사하구 장림동,경상사고,0,0,1,0,차대차 - 기타,신호위반,건조,맑음,교차로 - 교차로안,승용,남,58세,상해없음,승용,남,68세,상해없음
택시사고,2020070100100099,2020년 7월 1일 08시,수요일,부산광역시 해운대구 반여동,중상사고,0,1,0,0,차대차 - 추돌,안전거리미확보,건조,맑음,단일로 - 고가도로위,승용,남,65세,상해없음,승용,여,53세,중상
택시사고,2020070100100256,2020년 7월 1일 13시,수요일,부산광역시 연제구 거제동,중상사고,0,1,0,0,차대차 - 측면충돌,안전거리미확보,건조,맑음,단일로 - 기타,승용,남,68세,상해없음,이륜,남,25세,중상
택시사고,2020070100100283,2020년 7월 1일 14시,수요일,부산광역시 동구 초량동,경상사고,0,0,1,0,차대차 - 기타,안전운전불이행,건조,맑음,단일로 - 기타,승용,남,72세,상해없음,승용,남,55세,경상
택시사고,2020070100100411,2020년 7월 1일 18시,수요일,부산광역시 해운대구 재송동,경상사고,0,0,1,0,차대차 - 추돌,안전거리미확보,건조,맑음,단일로 - 기타,승용,남,57세,상해없음,승용,남,42세,경상
택시사고,2020070100100527,2020년 7월 1일 21시,수요일,부산광역시 사하구 하단동,중상사고,0,1,0,0,차대사람 - 기타,안전운전불이행,건조,맑음,단일로 - 기타,승용,남,55세,상해없음,보행자,여,13세,중상
택시사고,2020070100100528,2020년 7월 1일 21시,수요일,부산광역시 연제구 연산동,중상사고,0,1,0,0,차대차 - 정면충돌,안전운전불이행,건조,맑음,교차로 - 교차로안,승용,남,68세,기타불명,원동기,남,38세,중상
택시사고,2020070200100091,2020년 7월 2일 08시,목요일,부산광역시 중구 중앙동4가,경상사고,0,0,1,0,차대차 - 측면충돌,교차로운행방법위반,건조,맑음,교차로 - 교차로부근,승용,남,63세,상해없음,승용,여,37세,경상
택시사고,2020070200100094,2020년 7월 2일 08시,목요일,부산광역시 금정구 부곡동,경상사고,0,0,1,0,차대차 - 측면충돌,안전운전불이행,건조,맑음,단일로 - 기타,승용,남,66세,상해없음,승용,여,35세,경상
택시사고,2020070200100203,2020년 7월 2일 11시,목요일,부산광역시 수영구 광안동,경상사고,0,0,2,0,차대차 - 측면충돌,차로위반,건조,맑음,교차로 - 교차로안,승용,남,64세,상해없음,승합,남,41세,상해없음
택시사고,2020070200100553,2020년 7월 2일 21시,목요일,부산광역시 남구 대연동,경상사고,0,0,1,0,차대차 - 기타,안전운전불이행,젖음/습기,비,교차로 - 교차로부근,승용,남,68세,상해없음,승용,남,35세,경상
택시사고,2020070200100556,2020년 7월 2일 21시,목요일,부산광역시 부산진구 범전동,경상사고,0,0,1,0,차대차 - 측면충돌,안전운전불이행,건조,맑음,단일로 - 기타,승용,남,61세,상해없음,승용,남,52세,경상
택시사고,2020070200100602,2020년 7월 2일 23시,목요일,부산광역시 중구 대청동4가,경상사고,0,0,1,0,차대차 - 측면충돌,신호위반,건조,맑음,교차로 - 교차로안,승용,남,70세,상해없음,개인형이동수단(PM),남,45세,경상
택시사고,2020070300100004,2020년 7월 3일 00시,금요일,부산광역시 강서구 명지동,경상사고,0,0,3,0,차대차 - 추돌,안전운전불이행,건조,맑음,단일로 - 기타,승용,남,65세,상해없음,승용,남,27세,경상
택시사고,2020070300100207,2020년 7월 3일 11시,금요일,부산광역시 부산진구 범천동,중상사고,0,1,0,0,차대사람 - 기타,안전운전불이행,건조,맑음,단일로 - 기타,승용,남,62세,상해없음,보행자,남,82세,중상
택시사고,2020070300100626,2020년 7월 3일 22시,금요일,부산광역시 동구 초량동,경상사고,0,0,1,0,차대차 - 측면충돌,직진우회전진행방해,건조,맑음,교차로 - 교차로안,승용,남,62세,상해없음,승용,남,52세,경상
택시사고,2020070300100631,2020년 7월 3일 22시,금요일,부산광역시 사하구 신평동,경상사고,0,0,1,0,차대사람 - 횡단중,보행자보호의무위반,젖음/습기,비,단일로 - 기타,승용,남,60세,상해없음,보행자,남,40세,경상
택시사고,2020070300100632,2020년 7월 3일 22시,금요일,부산광역시 사하구 장림동,경상사고,0,0,1,0,차대차 - 기타,안전운전불이행,젖음/습기,비,단일로 - 기타,승용,남,59세,상해없음,이륜,남,18세,경상
택시사고,2020070400100009,2020년 7월 4일 00시,토요일,부산광역시 해운대구 우동,경상사고,0,0,3,0,차대차 - 측면충돌,안전운전불이행,건조,맑음,단일로 - 기타,승용,남,64세,경상,승용,남,24세,경상
택시사고,2020070400100077,2020년 7월 4일 03시,토요일,부산광역시 북구 화명동,경상사고,0,0,1,0,차량단독 - 기타,기타,건조,맑음,교차로 - 교차로안,승용,남,39세,상해없음,,,,
택시사고,2020070400100222,2020년 7월 4일 11시,토요일,부산광역시 동래구 안락동,중상사고,0,1,0,0,차대차 - 추돌,안전운전불이행,건조,맑음,단일로 - 기타,승용,남,62세,상해없음,화물,남,37세,중상
택시사고,2020070400100442,2020년 7월 4일 17시,토요일,부산광역시 동래구 사직동,경상사고,0,0,1,0,차대사람 - 기타,안전운전불이행,건조,맑음,단일로 - 기타,승용,남,72세,상해없음,보행자,여,58세,경상
택시사고,2020070400100636,2020년 7월 4일 23시,토요일,부산광역시 기장군 정관읍,중상사고,0,1,0,0,차대사람 - 횡단중,안전운전불이행,건조,맑음,단일로 - 기타,승용,남,66세,상해없음,보행자,남,58세,중상
택시사고,2020070500100031,2020년 7월 5일 01시,일요일,부산광역시 부산진구 양정동,경상사고,0,0,1,0,차량단독 - 기타,안전운전불이행,건조,기타,단일로 - 기타,승용,남,66세,상해없음,,,,
택시사고,2020070500100137,2020년 7월 5일 11시,일요일,부산광역시 연제구 연산동,경상사고,0,0,1,0,차대차 - 기타,안전운전불이행,건조,맑음,교차로 - 교차로부근,승용,남,69세,상해없음,원동기,남,43세,경상
택시사고,2020070500100365,2020년 7월 5일 19시,일요일,부산광역시 해운대구 우동,경상사고,0,0,2,0,차대차 - 측면충돌,안전거리미확보,건조,맑음,단일로 - 기타,승용,남,59세,상해없음,승용,남,57세,경상
택시사고,2020070600100295,2020년 7월 6일 14시,월요일,부산광역시 북구 덕천동,경상사고,0,0,2,0,차대차 - 기타,기타,건조,맑음,교차로 - 교차로안,승용,남,57세,경상,승용,여,38세,경상
택시사고,2020070600100534,2020년 7월 6일 21시,월요일,부산광역시 연제구 연산동,중상사고,0,1,0,0,차대사람 - 기타,안전운전불이행,건조,맑음,단일로 - 기타,승용,남,76세,상해없음,보행자,남,57세,중상
택시사고,2020070700100134,2020년 7월 7일 09시,화요일,부산광역시 부산진구 범천동,경상사고,0,0,1,0,차대차 - 측면충돌,차로위반,건조,맑음,단일로 - 기타,승용,남,72세,상해없음,승용,남,37세,경상
택시사고,2020070700100276,2020년 7월 7일 14시,화요일,부산광역시 금정구 남산동,경상사고,0,0,1,0,차대차 - 추돌,안전운전불이행,건조,맑음,단일로 - 기타,승용,남,62세,상해없음,승용,여,27세,경상
택시사고,2020070800100018,2020년 7월 8일 02시,수요일,부산광역시 부산진구 전포동,경상사고,0,0,3,0,차대차 - 측면충돌,신호위반,건조,맑음,교차로 - 교차로안,승용,남,63세,상해없음,승용,남,63세,경상
택시사고,2020070800100131,2020년 7월 8일 09시,수요일,부산광역시 부산진구 부암동,중상사고,0,1,0,0,차대차 - 추돌,안전운전불이행,건조,맑음,기타 - 기타,승용,남,67세,상해없음,승용,여,57세,중상
택시사고,2020070800100195,2020년 7월 8일 11시,수요일,부산광역시 서구 충무동1가,경상사고,0,0,4,1,차대차 - 측면충돌,신호위반,건조,맑음,교차로 - 교차로안,승용,남,60세,상해없음,승용,남,37세,경상
택시사고,2020070800100547,2020년 7월 8일 20시,수요일,부산광역시 부산진구 가야동,경상사고,0,0,3,1,차대차 - 추돌,안전운전불이행,건조,맑음,단일로 - 기타,승용,남,63세,상해없음,화물,남,46세,경상
택시사고,2020070800100623,2020년 7월 8일 23시,수요일,부산광역시 부산진구 부전동,경상사고,0,0,1,0,차대사람 - 기타,안전운전불이행,건조,맑음,교차로 - 교차로안,승용,남,64세,상해없음,보행자,남,30세,경상
택시사고,2020070900100278,2020년 7월 9일 13시,목요일,부산광역시 금정구 청룡동,중상사고,0,3,2,0,차대차 - 추돌,안전운전불이행,젖음/습기,비,교차로 - 교차로부근,승용,남,66세,기타불명,승용,여,48세,중상
택시사고,2020070900100322,2020년 7월 9일 14시,목요일,부산광역시 동구 초량동,경상사고,0,0,3,1,차대차 - 측면충돌,안전운전불이행,건조,맑음,교차로 - 교차로안,승용,남,69세,부상신고,승용,남,52세,경상
택시사고,2020070900100363,2020년 7월 9일 15시,목요일,부산광역시 동래구 사직동,경상사고,0,0,1,0,차대사람 - 차도통행중,안전운전불이행,건조,맑음,단일로 - 기타,승용,남,59세,상해없음,보행자,여,8세,경상
택시사고,2020071000100022,2020년 7월 10일 01시,금요일,부산광역시 수영구 광안동,경상사고,0,0,2,0,차대차 - 측면충돌,안전운전불이행,젖음/습기,비,교차로 - 교차로안,승용,남,60세,상해없음,이륜,남,25세,경상
택시사고,2020071000100023,2020년 7월 10일 01시,금요일,부산광역시 금정구 금사동,중상사고,0,2,0,0,차량단독 - 기타,과속,젖음/습기,비,단일로 - 기타,승용,남,53세,상해없음,,,,
택시사고,2020071000100044,2020년 7월 10일 04시,금요일,부산광역시 남구 대연동,중상사고,0,1,0,0,차대사람 - 차도통행중,안전운전불이행,젖음/습기,비,단일로 - 기타,승용,남,51세,상해없음,보행자,남,54세,중상
택시사고,2020071000100332,2020년 7월 10일 15시,금요일,부산광역시 동래구 온천동,중상사고,0,1,0,0,차대차 - 측면충돌,신호위반,건조,맑음,교차로 - 교차로안,승용,남,71세,상해없음,이륜,남,64세,중상
택시사고,2020071000100428,2020년 7월 10일 17시,금요일,부산광역시 수영구 망미동,경상사고,0,0,1,0,차대차 - 측면충돌,직진우회전진행방해,건조,맑음,교차로 - 교차로부근,승용,남,70세,상해없음,자전거,남,53세,경상
택시사고,2020071000100653,2020년 7월 10일 23시,금요일,부산광역시 사상구 엄궁동,부상신고사고,0,0,0,1,차대사람 - 기타,안전운전불이행,건조,맑음,단일로 - 기타,승용,남,64세,상해없음,보행자,남,47세,부상신고
택시사고,2020071100100132,2020년 7월 11일 09시,토요일,부산광역시 해운대구 우동,경상사고,0,0,1,0,차대차 - 측면충돌,안전운전불이행,건조,맑음,단일로 - 기타,승용,남,75세,상해없음,이륜,남,38세,경상
택시사고,2020071100100198,2020년 7월 11일 11시,토요일,부산광역시 서구 부민동1가,경상사고,0,0,1,0,차대차 - 후진중충돌,안전운전불이행,건조,흐림,단일로 - 기타,승용,남,54세,경상,승용,남,59세,상해없음
택시사고,2020071100100327,2020년 7월 11일 14시,토요일,부산광역시 동구 초량동,경상사고,0,0,1,2,차대차 - 추돌,안전거리미확보,건조,맑음,단일로 - 기타,승용,남,60세,경상,승용,남,18세,부상신고
택시사고,2020071100100372,2020년 7월 11일 15시,토요일,부산광역시 북구 구포동,경상사고,0,0,1,0,차대차 - 기타,안전운전불이행,건조,맑음,단일로 - 기타,승용,남,51세,상해없음,승용,여,62세,경상
택시사고,2020071100100442,2020년 7월 11일 17시,토요일,부산광역시 동래구 명륜동,경상사고,0,0,1,0,차대차 - 측면충돌,신호위반,건조,맑음,교차로 - 교차로안,승용,남,71세,상해없음,이륜,남,20세,경상
택시사고,2020071100100444,2020년 7월 11일 17시,토요일,부산광역시 해운대구 우동,경상사고,0,0,1,0,차대차 - 측면충돌,교차로운행방법위반,건조,맑음,교차로 - 교차로안,승용,남,64세,상해없음,승용,남,34세,경상
택시사고,2020071100100603,2020년 7월 11일 22시,토요일,부산광역시 동구 범일동,중상사고,0,2,0,0,차대차 - 추돌,안전운전불이행,건조,맑음,단일로 - 기타,승용,남,64세,상해없음,승용,여,25세,중상
택시사고,2020071100100625,2020년 7월 11일 23시,토요일,부산광역시 서구 아미동2가,중상사고,0,1,2,0,차대차 - 측면충돌,교차로운행방법위반,건조,맑음,교차로 - 교차로안,승용,여,59세,상해없음,승용,남,27세,경상
택시사고,2020071200100362,2020년 7월 12일 19시,일요일,부산광역시 부산진구 부전동,경상사고,0,0,1,0,차대차 - 추돌,안전운전불이행,젖음/습기,비,기타 - 기타,승용,남,50세,기타불명,이륜,남,28세,경상
택시사고,2.02007E+15,2020년 7월 12일 22시,일요일,부산광역시 수영구 남천동,경상사고,0,0,1,0,차대사람 - 기타,안전운전불이행,젖음/습기,비,교차로 - 교차로부근,승용,남,49세,상해없음,보행자,남,38세,경상
택시사고,2020071300100365,2020년 7월 13일 16시,월요일,부산광역시 해운대구 반여동,경상사고,0,0,1,0,차대사람 - 횡단중,보행자보호의무위반,젖음/습기,비,교차로 - 교차로부근,승용,여,63세,상해없음,보행자,여,26세,경상
택시사고,2020071300100498,2020년 7월 13일 20시,월요일,부산광역시 사상구 괘법동,경상사고,0,0,1,0,차대사람 - 기타,안전운전불이행,젖음/습기,비,단일로 - 기타,승용,남,64세,상해없음,보행자,남,68세,경상
택시사고,2020071300100564,2020년 7월 13일 22시,월요일,부산광역시 부산진구 부전동,경상사고,0,0,1,0,차대차 - 기타,신호위반,젖음/습기,비,교차로 - 교차로안,승용,남,61세,상해없음,이륜,남,20세,경상
택시사고,2020071500100002,2020년 7월 15일 00시,수요일,부산광역시 북구 만덕동,경상사고,0,0,2,0,차대차 - 기타,신호위반,건조,맑음,교차로 - 교차로안,승용,남,69세,상해없음,이륜,남,28세,경상
택시사고,2020071500100538,2020년 7월 15일 20시,수요일,부산광역시 금정구 구서동,경상사고,0,0,3,0,차대차 - 측면충돌,신호위반,건조,맑음,교차로 - 교차로안,승용,남,62세,상해없음,승용,남,57세,경상
택시사고,2020071500100618,2020년 7월 15일 23시,수요일,부산광역시 연제구 거제동,중상사고,0,1,0,0,차대차 - 기타,안전운전불이행,건조,맑음,단일로 - 기타,승용,남,63세,중상,승합,남,67세,기타불명
택시사고,2020071600100099,2020년 7월 16일 08시,목요일,부산광역시 사상구 주례동,중상사고,0,1,0,0,차대차 - 정면충돌,안전운전불이행,건조,맑음,교차로 - 교차로안,승용,남,64세,상해없음,원동기,남,36세,중상
택시사고,2020071600100432,2020년 7월 16일 17시,목요일,부산광역시 동래구 온천동,경상사고,0,0,1,0,차대차 - 기타,안전운전불이행,건조,맑음,교차로 - 교차로부근,승용,남,71세,상해없음,승합,남,48세,상해없음
택시사고,2020071700100088,2020년 7월 17일 08시,금요일,부산광역시 부산진구 부전동,경상사고,0,0,1,0,차대사람 - 횡단중,안전운전불이행,건조,맑음,단일로 - 기타,승용,남,62세,상해없음,보행자,남,21세,경상
택시사고,2.02007E+15,2020년 7월 18일 08시,토요일,부산광역시 사상구 괘법동,경상사고,0,0,1,0,차량단독 - 기타,안전운전불이행,건조,맑음,단일로 - 기타,승용,남,72세,상해없음,,,,
택시사고,2020071800100117,2020년 7월 18일 09시,토요일,부산광역시 동구 초량동,중상사고,0,1,0,0,차대차 - 기타,기타,건조,맑음,단일로 - 기타,승용,남,71세,상해없음,자전거,여,55세,중상
택시사고,2020071800100147,2020년 7월 18일 10시,토요일,부산광역시 동구 좌천동,경상사고,0,0,1,0,차대차 - 추돌,안전거리미확보,건조,맑음,단일로 - 기타,승용,남,73세,상해없음,승용,남,59세,상해없음
택시사고,2020071800100348,2020년 7월 18일 15시,토요일,부산광역시 사하구 괴정동,경상사고,0,0,1,0,차대차 - 기타,안전운전불이행,건조,맑음,교차로 - 교차로안,승용,남,47세,상해없음,이륜,남,38세,경상
택시사고,2020071900100022,2020년 7월 19일 01시,일요일,부산광역시 금정구 서동,중상사고,0,3,3,0,차대차 - 측면충돌,교차로운행방법위반,건조,맑음,교차로 - 교차로안,승용,남,54세,경상,승용,여,59세,경상
택시사고,2020071900100075,2020년 7월 19일 06시,일요일,부산광역시 수영구 망미동,경상사고,0,0,1,0,차량단독 - 공작물충돌,안전운전불이행,건조,맑음,단일로 - 기타,승용,남,57세,상해없음,,,,
택시사고,2.02007E+15,2020년 7월 19일 15시,일요일,부산광역시 북구 구포동,중상사고,0,1,0,0,차대사람 - 보도통행중,기타,건조,맑음,교차로 - 교차로부근,승용,남,68세,상해없음,보행자,여,74세,중상
택시사고,2020072000100004,2020년 7월 20일 00시,월요일,부산광역시 사상구 주례동,경상사고,0,0,1,0,차대차 - 기타,안전운전불이행,젖음/습기,비,단일로 - 기타,승용,남,59세,상해없음,이륜,남,22세,경상
택시사고,2020072000100371,2020년 7월 20일 17시,월요일,부산광역시 금정구 부곡동,경상사고,0,0,1,0,차대차 - 추돌,안전거리미확보,건조,맑음,단일로 - 기타,승용,남,61세,상해없음,승합,남,57세,경상
택시사고,2020072100100191,2020년 7월 21일 11시,화요일,부산광역시 중구 동광동5가,중상사고,0,1,0,0,차대사람 - 횡단중,안전운전불이행,건조,맑음,단일로 - 기타,승용,남,65세,상해없음,보행자,남,70세,중상
택시사고,2.02007E+15,2020년 7월 21일 18시,화요일,부산광역시 해운대구 좌동,경상사고,0,0,1,0,차대차 - 추돌,안전거리미확보,건조,맑음,단일로 - 기타,승용,남,56세,상해없음,승용,남,29세,경상
택시사고,2020072100100539,2020년 7월 21일 20시,화요일,부산광역시 부산진구 개금동,중상사고,0,1,1,0,차대차 - 추돌,안전운전불이행,젖음/습기,비,단일로 - 기타,승용,남,68세,상해없음,승용,남,57세,중상
택시사고,2020072200100115,2020년 7월 22일 08시,수요일,부산광역시 부산진구 당감동,경상사고,0,0,1,0,차대차 - 측면충돌,안전거리미확보,젖음/습기,비,단일로 - 기타,승용,남,70세,상해없음,이륜,남,41세,경상
택시사고,2020072200100202,2020년 7월 22일 10시,수요일,부산광역시 수영구 망미동,경상사고,0,0,1,0,차대차 - 기타,차로위반,젖음/습기,비,교차로 - 교차로부근,승용,남,77세,상해없음,승용,여,63세,경상
택시사고,2020072200100291,2020년 7월 22일 13시,수요일,부산광역시 동구 범일동,경상사고,0,0,1,0,차대차 - 기타,안전운전불이행,건조,맑음,단일로 - 기타,승용,여,63세,상해없음,승용,여,48세,경상
택시사고,2020072200100292,2020년 7월 22일 13시,수요일,부산광역시 해운대구 재송동,경상사고,0,0,1,0,차대차 - 측면충돌,안전거리미확보,젖음/습기,흐림,단일로 - 기타,승용,남,66세,상해없음,승용,여,37세,경상
택시사고,2020072200100654,2020년 7월 22일 23시,수요일,부산광역시 연제구 연산동,경상사고,0,0,1,0,차대차 - 기타,안전거리미확보,젖음/습기,비,교차로 - 교차로부근,승용,남,76세,상해없음,승용,여,45세,경상
택시사고,2.02007E+15,2020년 7월 23일 08시,목요일,부산광역시 해운대구 반여동,경상사고,0,0,1,0,차대차 - 측면충돌,안전거리미확보,건조,맑음,단일로 - 기타,승용,남,70세,상해없음,승용,남,63세,경상
택시사고,2020072300100135,2020년 7월 23일 09시,목요일,부산광역시 강서구 명지동,경상사고,0,0,2,0,차대차 - 추돌,안전거리미확보,젖음/습기,비,단일로 - 기타,승용,남,57세,상해없음,승용,여,49세,경상
택시사고,2.02007E+15,2020년 7월 23일 17시,목요일,부산광역시 영도구 동삼동,중상사고,0,1,0,0,차대차 - 측면충돌,직진우회전진행방해,젖음/습기,비,교차로 - 교차로안,승용,남,58세,상해없음,이륜,남,23세,중상
택시사고,2020072300100527,2020년 7월 23일 20시,목요일,부산광역시 동래구 안락동,경상사고,0,0,1,0,차대차 - 측면충돌,안전운전불이행,젖음/습기,비,교차로 - 교차로안,승용,남,56세,상해없음,이륜,남,41세,경상
택시사고,2020072300100677,2020년 7월 23일 23시,목요일,부산광역시 동구 초량동,중상사고,0,1,0,0,차대차 - 기타,안전운전불이행,젖음/습기,비,단일로 - 기타,승용,남,79세,상해없음,이륜,남,40세,중상
택시사고,2020072400100238,2020년 7월 24일 13시,금요일,부산광역시 금정구 부곡동,부상신고사고,0,0,0,1,차대사람 - 기타,안전운전불이행,건조,맑음,단일로 - 기타,승용,남,58세,상해없음,보행자,남,22세,부상신고
택시사고,2.02007E+15,2020년 7월 24일 22시,금요일,부산광역시 부산진구 부전동,경상사고,0,0,1,2,차대차 - 기타,신호위반,젖음/습기,비,교차로 - 교차로부근,승용,남,62세,상해없음,승용,남,67세,경상
택시사고,2.02007E+15,2020년 7월 25일 05시,토요일,부산광역시 사상구 학장동,경상사고,0,0,2,0,차량단독 - 공작물충돌,안전운전불이행,젖음/습기,비,단일로 - 고가도로위,승용,남,57세,경상,,,,
택시사고,2020072500100236,2020년 7월 25일 12시,토요일,부산광역시 부산진구 전포동,경상사고,0,0,1,0,차량단독 - 기타,안전운전불이행,건조,흐림,교차로 - 교차로안,승용,남,76세,상해없음,,,,
택시사고,2020072600100004,2020년 7월 26일 00시,일요일,부산광역시 동래구 안락동,중상사고,0,2,0,0,차대차 - 추돌,안전운전불이행,건조,맑음,교차로 - 교차로부근,승용,남,48세,상해없음,승용,남,64세,상해없음
택시사고,2020072600100035,2020년 7월 26일 02시,일요일,부산광역시 사하구 괴정동,경상사고,0,0,1,0,차량단독 - 기타,안전운전불이행,건조,맑음,단일로 - 기타,승용,남,70세,상해없음,,,,
택시사고,2020072600100055,2020년 7월 26일 04시,일요일,부산광역시 서구 남부민동,중상사고,0,1,0,0,차대차 - 정면충돌,안전운전불이행,건조,맑음,교차로 - 교차로안,승용,남,58세,상해없음,이륜,남,54세,중상
택시사고,2020072600100373,2020년 7월 26일 19시,일요일,부산광역시 남구 대연동,중상사고,0,1,0,0,차대차 - 기타,안전운전불이행,건조,맑음,기타 - 기타,승용,남,67세,상해없음,이륜,남,45세,중상
택시사고,2020072600100374,2020년 7월 26일 19시,일요일,부산광역시 북구 구포동,중상사고,0,1,1,0,차대차 - 기타,안전운전불이행,건조,맑음,단일로 - 기타,승용,남,69세,상해없음,승용,남,29세,경상
택시사고,2020072700100266,2020년 7월 27일 13시,월요일,부산광역시 동래구 명륜동,경상사고,0,0,1,0,차대차 - 기타,안전운전불이행,건조,맑음,단일로 - 기타,승용,남,72세,상해없음,승용,남,68세,상해없음
택시사고,2020072700100605,2020년 7월 27일 23시,월요일,부산광역시 동래구 온천동,경상사고,0,0,2,0,차대사람 - 기타,안전운전불이행,건조,맑음,단일로 - 기타,승용,남,55세,상해없음,보행자,남,69세,경상
택시사고,2020072700100607,2020년 7월 27일 23시,월요일,부산광역시 사하구 괴정동,중상사고,0,1,0,0,차대사람 - 기타,안전운전불이행,젖음/습기,비,단일로 - 지하차도(도로)내,승용,남,73세,상해없음,보행자,남,40세,중상
택시사고,2020072800100004,2020년 7월 28일 00시,화요일,부산광역시 동래구 안락동,중상사고,0,1,0,0,차대차 - 기타,과속,젖음/습기,비,단일로 - 기타,승용,남,53세,상해없음,승용,남,49세,중상
택시사고,2020072800100037,2020년 7월 28일 04시,화요일,부산광역시 중구 영주동,경상사고,0,0,1,0,차대차 - 추돌,안전운전불이행,젖음/습기,비,교차로 - 교차로부근,승용,남,57세,상해없음,승용,남,63세,상해없음
택시사고,2020072800100272,2020년 7월 28일 15시,화요일,부산광역시 남구 대연동,경상사고,0,0,1,0,차대차 - 추돌,기타,건조,기타,단일로 - 터널,승용,남,68세,상해없음,승용,남,36세,경상
택시사고,2020072900100024,2020년 7월 29일 01시,수요일,부산광역시 기장군 기장읍,경상사고,0,0,3,0,차대차 - 기타,신호위반,젖음/습기,흐림,교차로 - 교차로안,승용,남,57세,상해없음,승용,남,18세,경상
택시사고,2020072900100161,2020년 7월 29일 10시,수요일,부산광역시 부산진구 부전동,경상사고,0,0,1,0,차대차 - 기타,안전운전불이행,건조,맑음,교차로 - 교차로안,승용,남,71세,상해없음,승합,남,40세,경상
택시사고,2020072900100493,2020년 7월 29일 20시,수요일,부산광역시 중구 남포동6가,중상사고,0,1,0,0,차대사람 - 횡단중,안전운전불이행,젖음/습기,비,단일로 - 기타,승용,남,66세,상해없음,보행자,남,79세,중상
택시사고,2020073000100283,2020년 7월 30일 14시,목요일,부산광역시 해운대구 우동,경상사고,0,0,1,0,차대차 - 측면충돌,안전운전불이행,건조,맑음,단일로 - 기타,승용,남,75세,상해없음,승용,남,61세,경상
택시사고,2020073000100317,2020년 7월 30일 15시,목요일,부산광역시 동구 초량동,부상신고사고,0,0,0,1,차대사람 - 기타,안전운전불이행,건조,맑음,단일로 - 기타,승용,남,75세,상해없음,보행자,여,65세,부상신고
택시사고,2020073000100503,2020년 7월 30일 20시,목요일,부산광역시 동래구 온천동,중상사고,0,1,0,0,차대사람 - 차도통행중,안전운전불이행,젖음/습기,비,교차로 - 교차로안,승용,남,65세,상해없음,보행자,여,26세,중상
택시사고,2020073100100231,2020년 7월 31일 13시,금요일,부산광역시 남구 대연동,경상사고,0,0,2,0,차대차 - 추돌,안전운전불이행,건조,맑음,기타 - 기타,승용,남,57세,기타불명,승용,남,33세,경상
택시사고,2020073100100279,2020년 7월 31일 14시,금요일,부산광역시 동구 초량동,부상신고사고,0,0,0,1,차대차 - 기타,신호위반,건조,맑음,교차로 - 교차로안,승용,남,77세,부상신고,특수,남,60세,상해없음
택시사고,2020073100100615,2020년 7월 31일 22시,금요일,부산광역시 동래구 안락동,중상사고,0,1,0,0,차대차 - 기타,교차로운행방법위반,건조,맑음,교차로 - 교차로안,승용,남,59세,상해없음,승용,남,47세,상해없음
택시사고,2020080100100029,2020년 8월 1일 01시,토요일,부산광역시 부산진구 개금동,경상사고,0,0,1,0,차대차 - 기타,안전운전불이행,건조,맑음,교차로 - 교차로안,승용,남,61세,기타불명,승용,남,39세,상해없음
택시사고,2020080100100064,2020년 8월 1일 04시,토요일,부산광역시 사상구 괘법동,중상사고,0,1,0,0,차대사람 - 기타,안전운전불이행,건조,맑음,단일로 - 기타,승용,남,44세,상해없음,보행자,남,32세,중상
택시사고,2020080100100324,2020년 8월 1일 15시,토요일,부산광역시 금정구 서동,중상사고,0,1,0,0,차대차 - 측면충돌,직진우회전진행방해,건조,맑음,교차로 - 교차로안,승용,남,70세,상해없음,승용,남,47세,상해없음
택시사고,2020080100100468,2020년 8월 1일 19시,토요일,부산광역시 사상구 괘법동,경상사고,0,0,1,0,차대차 - 기타,안전운전불이행,건조,맑음,교차로 - 교차로안,승용,남,66세,상해없음,이륜,남,23세,경상
택시사고,2020080200100012,2020년 8월 2일 01시,일요일,부산광역시 해운대구 송정동,경상사고,0,0,2,0,차대차 - 추돌,안전운전불이행,건조,맑음,교차로 - 교차로부근,승용,남,48세,상해없음,승용,남,52세,경상
택시사고,2020080300100014,2020년 8월 3일 02시,월요일,부산광역시 북구 화명동,경상사고,0,0,4,0,차대차 - 기타,신호위반,건조,맑음,교차로 - 교차로안,승용,남,67세,경상,승용,남,30세,경상