사고부문,사고번호,사고일시,요일,시군구,사고내용,사망자수,중상자수,경상자수,부상신고자수,사고유형,법규위반,노면상태,기상상태,도로형태,가해운전자 차종,가해운전자 성별,가해운전자 연령,가해운전자 상해정도,피해운전자 차종,피해운전자 성별,피해운전자 연령,피해운전자 상해정도
택시사고,2020101600100351,2020년 10월 16일 16시,금요일,부산광역시 동구 범일동,중상사고,0,1,4,0,차대차 - 추돌,안전운전불이행,건조,맑음,단일로 - 기타,승용,남,74세,상해없음,승용,남,52세,중상
택시사고,2020101600100457,2020년 10월 16일 18시,금요일,부산광역시 사하구 괴정동,부상신고사고,0,0,0,1,차대차 - 기타,교차로운행방법위반,건조,맑음,교차로 - 교차로안,승용,남,68세,상해없음,승용,여,30세,부상신고
택시사고,2020101600100534,2020년 10월 16일 19시,금요일,부산광역시 부산진구 연지동,중상사고,0,1,0,0,차대차 - 기타,신호위반,건조,맑음,교차로 - 교차로안,승용,남,52세,상해없음,이륜,남,36세,중상
택시사고,2020101600100575,2020년 10월 16일 20시,금요일,부산광역시 해운대구 중동,경상사고,0,0,1,0,차대차 - 측면충돌,교차로운행방법위반,건조,맑음,교차로 - 교차로부근,승용,남,63세,상해없음,승용,여,49세,경상
택시사고,2020101700100517,2020년 10월 17일 18시,토요일,부산광역시 중구 동광동5가,경상사고,0,0,1,0,차대차 - 정면충돌,안전운전불이행,건조,맑음,단일로 - 기타,승용,남,74세,상해없음,이륜,남,45세,경상
택시사고,2020101700100584,2020년 10월 17일 19시,토요일,부산광역시 북구 덕천동,경상사고,0,0,2,0,차대차 - 추돌,안전운전불이행,건조,맑음,단일로 - 지하차도(도로)내,승용,남,56세,상해없음,승용,남,37세,경상
택시사고,2020101700100585,2020년 10월 17일 19시,토요일,부산광역시 동래구 안락동,경상사고,0,0,1,0,차대차 - 측면충돌,안전운전불이행,건조,맑음,단일로 - 기타,승용,남,60세,상해없음,이륜,남,19세,경상
택시사고,2020101800100059,2020년 10월 18일 05시,일요일,부산광역시 남구 감만동,중상사고,0,1,0,0,차대사람 - 기타,안전운전불이행,건조,맑음,단일로 - 기타,승용,남,59세,상해없음,보행자,남,71세,중상
택시사고,2020101800100426,2020년 10월 18일 18시,일요일,부산광역시 사하구 장림동,경상사고,0,0,2,0,차대차 - 측면충돌,안전운전불이행,건조,기타,교차로 - 교차로안,승용,남,43세,상해없음,승용,남,43세,경상
택시사고,2.0201E+15,2020년 10월 19일 10시,월요일,부산광역시 동래구 칠산동,경상사고,0,0,1,0,차대차 - 후진중충돌,안전운전불이행,건조,맑음,교차로 - 교차로안,승용,남,74세,기타불명,승용,남,44세,경상
택시사고,2020101900100201,2020년 10월 19일 10시,월요일,부산광역시 해운대구 반송동,중상사고,0,1,0,0,차대차 - 추돌,안전운전불이행,건조,맑음,교차로 - 교차로부근,승용,남,76세,상해없음,승용,남,59세,상해없음
택시사고,2020101900100644,2020년 10월 19일 20시,월요일,부산광역시 사하구 괴정동,중상사고,0,1,0,0,차대차 - 기타,안전운전불이행,건조,맑음,단일로 - 기타,승용,남,57세,상해없음,이륜,남,51세,중상
택시사고,2020102000100521,2020년 10월 20일 18시,화요일,부산광역시 금정구 장전동,경상사고,0,0,1,0,차대차 - 기타,기타,건조,맑음,단일로 - 기타,승용,남,61세,기타불명,승용,남,34세,경상
택시사고,2020102000100678,2020년 10월 20일 21시,화요일,부산광역시 부산진구 부전동,경상사고,0,0,1,0,차대사람 - 차도통행중,안전운전불이행,건조,맑음,교차로 - 교차로안,승용,남,67세,상해없음,보행자,남,21세,경상
택시사고,2020102100100222,2020년 10월 21일 11시,수요일,부산광역시 사하구 신평동,경상사고,0,0,2,1,차대차 - 기타,직진우회전진행방해,건조,맑음,교차로 - 교차로안,승용,남,64세,부상신고,승용,여,30세,경상
택시사고,2020102100100249,2020년 10월 21일 12시,수요일,부산광역시 강서구 명지동,경상사고,0,0,1,0,차대차 - 측면충돌,불법유턴,건조,맑음,단일로 - 기타,승용,남,75세,상해없음,이륜,남,24세,경상
택시사고,2020102100100635,2020년 10월 21일 21시,수요일,부산광역시 해운대구 우동,경상사고,0,0,1,0,차대차 - 측면충돌,안전거리미확보,젖음/습기,비,단일로 - 기타,승용,여,70세,상해없음,승용,남,44세,경상
택시사고,2020102200100018,2020년 10월 22일 01시,목요일,부산광역시 수영구 광안동,경상사고,0,0,2,0,차대차 - 측면충돌,직진우회전진행방해,젖음/습기,비,교차로 - 교차로안,승용,여,69세,상해없음,승용,남,33세,경상
택시사고,2020102200100152,2020년 10월 22일 09시,목요일,부산광역시 사하구 괴정동,경상사고,0,0,1,0,차대차 - 기타,신호위반,건조,맑음,교차로 - 교차로부근,승용,남,64세,상해없음,자전거,남,66세,경상
택시사고,2020102300100121,2020년 10월 23일 08시,금요일,부산광역시 강서구 화전동,경상사고,0,0,1,0,차대차 - 기타,기타,건조,맑음,교차로 - 교차로안,승용,남,74세,상해없음,이륜,남,38세,경상
택시사고,2020102300100522,2020년 10월 23일 17시,금요일,부산광역시 해운대구 좌동,경상사고,0,0,1,0,차대차 - 추돌,안전운전불이행,건조,맑음,교차로 - 교차로안,승용,남,61세,상해없음,승용,남,43세,경상
택시사고,2020102300100829,2020년 10월 23일 23시,금요일,부산광역시 중구 중앙동3가,경상사고,0,0,1,0,차대차 - 기타,안전운전불이행,건조,맑음,단일로 - 기타,승용,남,54세,상해없음,이륜,남,20세,경상
택시사고,2020102400100055,2020년 10월 24일 03시,토요일,부산광역시 동구 범일동,경상사고,0,0,4,0,차대차 - 측면충돌,교차로운행방법위반,건조,맑음,교차로 - 교차로안,승용,남,63세,경상,승용,남,37세,상해없음
택시사고,2020102400100115,2020년 10월 24일 08시,토요일,부산광역시 남구 대연동,경상사고,0,0,1,1,차대차 - 정면충돌,교차로운행방법위반,건조,맑음,교차로 - 교차로안,승용,남,58세,상해없음,승용,남,66세,경상
택시사고,2020102400100401,2020년 10월 24일 15시,토요일,부산광역시 해운대구 반여동,중상사고,0,1,0,0,차대차 - 기타,중앙선침범,건조,맑음,단일로 - 기타,승용,남,63세,상해없음,이륜,남,34세,중상
택시사고,2020102400100521,2020년 10월 24일 18시,토요일,부산광역시 부산진구 부전동,중상사고,0,1,0,0,차대차 - 기타,안전운전불이행,건조,맑음,교차로 - 교차로안,승용,남,70세,상해없음,이륜,남,19세,중상
택시사고,2020102400100629,2020년 10월 24일 21시,토요일,부산광역시 남구 문현동,중상사고,0,1,0,0,차대차 - 측면충돌,기타,건조,맑음,단일로 - 기타,승용,남,56세,상해없음,이륜,남,20세,중상
택시사고,2020102500100112,2020년 10월 25일 09시,일요일,부산광역시 사상구 괘법동,중상사고,0,1,0,0,차대차 - 기타,기타,건조,맑음,단일로 - 기타,승용,남,65세,상해없음,원동기,남,23세,중상
택시사고,2020102500100471,2020년 10월 25일 19시,일요일,부산광역시 금정구 노포동,경상사고,0,0,1,0,차대차 - 기타,안전운전불이행,건조,맑음,단일로 - 기타,승용,남,61세,상해없음,승용,남,60세,경상
택시사고,2020102500100572,2020년 10월 25일 23시,일요일,부산광역시 해운대구 재송동,부상신고사고,0,0,0,1,차대사람 - 횡단중,안전운전불이행,건조,맑음,교차로 - 교차로안,승용,남,59세,상해없음,보행자,남,55세,부상신고
택시사고,2020102600100357,2020년 10월 26일 14시,월요일,부산광역시 동구 범일동,경상사고,0,0,2,0,차대차 - 측면충돌,신호위반,건조,맑음,단일로 - 기타,승용,남,71세,상해없음,승용,여,29세,경상
택시사고,2020102600100531,2020년 10월 26일 18시,월요일,부산광역시 중구 영주동,경상사고,0,0,1,0,차대차 - 후진중충돌,안전운전불이행,건조,맑음,단일로 - 기타,승용,남,48세,상해없음,화물,남,39세,경상
택시사고,2020102600100535,2020년 10월 26일 18시,월요일,부산광역시 부산진구 부암동,경상사고,0,0,1,0,차대차 - 측면충돌,안전운전불이행,건조,맑음,단일로 - 기타,승용,남,63세,상해없음,화물,남,37세,경상
택시사고,2020102700100019,2020년 10월 27일 01시,화요일,부산광역시 북구 구포동,중상사고,0,1,1,0,차대차 - 측면충돌,교차로운행방법위반,건조,맑음,교차로 - 교차로안,승용,남,69세,경상,이륜,남,27세,중상
택시사고,2020102700100099,2020년 10월 27일 08시,화요일,부산광역시 사상구 학장동,경상사고,0,0,1,0,차대차 - 측면충돌,신호위반,건조,맑음,교차로 - 교차로안,승용,남,62세,상해없음,승용,남,40세,경상
택시사고,2020102800100005,2020년 10월 28일 00시,수요일,부산광역시 동구 좌천동,경상사고,0,0,1,0,차대차 - 측면충돌,차로위반,건조,맑음,단일로 - 기타,승용,남,54세,상해없음,승용,남,49세,상해없음
택시사고,2020102900100014,2020년 10월 29일 01시,목요일,부산광역시 사상구 모라동,중상사고,0,1,1,0,차대사람 - 횡단중,안전운전불이행,건조,맑음,단일로 - 기타,승용,남,50세,상해없음,보행자,남,47세,중상
택시사고,2020102900100023,2020년 10월 29일 02시,목요일,부산광역시 남구 대연동,중상사고,0,1,0,0,차대사람 - 기타,안전운전불이행,건조,맑음,교차로 - 교차로안,승용,남,61세,상해없음,보행자,남,44세,중상
택시사고,2020102900100024,2020년 10월 29일 02시,목요일,부산광역시 금정구 장전동,경상사고,0,0,1,0,차대사람 - 기타,안전운전불이행,건조,맑음,교차로 - 교차로안,승용,남,72세,상해없음,보행자,여,22세,경상
택시사고,2020102900100151,2020년 10월 29일 09시,목요일,부산광역시 연제구 연산동,경상사고,0,0,1,0,차대차 - 측면충돌,교차로운행방법위반,건조,맑음,교차로 - 교차로안,승용,남,64세,상해없음,승용,남,76세,경상
택시사고,2020102900100528,2020년 10월 29일 18시,목요일,부산광역시 해운대구 좌동,중상사고,0,1,0,0,차대사람 - 차도통행중,안전운전불이행,건조,맑음,단일로 - 기타,승용,남,61세,상해없음,보행자,남,13세,중상
택시사고,2020102900100699,2020년 10월 29일 22시,목요일,부산광역시 남구 대연동,경상사고,0,0,3,0,차대차 - 측면충돌,안전운전불이행,건조,맑음,교차로 - 교차로안,승용,남,71세,경상,승용,여,33세,경상
택시사고,2020103000100009,2020년 10월 30일 00시,금요일,부산광역시 금정구 서동,중상사고,0,1,2,0,차대차 - 측면충돌,기타,건조,맑음,교차로 - 교차로안,승용,남,51세,경상,이륜,남,17세,중상
택시사고,2.0201E+15,2020년 10월 30일 11시,금요일,부산광역시 서구 충무동1가,중상사고,0,1,0,0,차대차 - 측면충돌,신호위반,건조,맑음,교차로 - 교차로안,승용,남,74세,상해없음,원동기,여,52세,중상
택시사고,2020103000100549,2020년 10월 30일 18시,금요일,부산광역시 부산진구 개금동,경상사고,0,0,3,0,차대차 - 추돌,안전운전불이행,건조,맑음,교차로 - 교차로부근,승용,남,54세,상해없음,승용,여,54세,경상
택시사고,2020103000100758,2020년 10월 30일 22시,금요일,부산광역시 사상구 괘법동,중상사고,0,1,0,0,차대차 - 추돌,차로위반,건조,맑음,교차로 - 교차로부근,승용,남,61세,상해없음,승용,남,23세,중상
택시사고,2020103100100021,2020년 10월 31일 01시,토요일,부산광역시 해운대구 석대동,중상사고,0,1,0,0,차량단독 - 기타,안전운전불이행,건조,맑음,교차로 - 교차로부근,승용,남,71세,상해없음,,,,
택시사고,2020103100100258,2020년 10월 31일 12시,토요일,부산광역시 금정구 부곡동,경상사고,0,0,1,0,차대사람 - 횡단중,안전운전불이행,건조,맑음,교차로 - 교차로부근,승용,남,65세,상해없음,보행자,남,50세,경상
택시사고,2020103100100414,2020년 10월 31일 16시,토요일,부산광역시 부산진구 가야동,경상사고,0,0,1,0,차대차 - 정면충돌,안전운전불이행,건조,맑음,단일로 - 기타,승용,남,60세,상해없음,원동기,남,26세,경상
택시사고,2.0201E+15,2020년 10월 31일 19시,토요일,부산광역시 동래구 명륜동,중상사고,0,1,0,0,차대차 - 추돌,안전운전불이행,건조,맑음,단일로 - 기타,승용,남,47세,상해없음,이륜,남,37세,중상
택시사고,2020103100100601,2020년 10월 31일 20시,토요일,부산광역시 수영구 광안동,경상사고,0,0,1,0,차대사람 - 길가장자리구역통행중,안전운전불이행,건조,맑음,단일로 - 기타,승용,남,57세,상해없음,보행자,남,33세,경상
택시사고,2020103100100693,2020년 10월 31일 23시,토요일,부산광역시 연제구 연산동,경상사고,0,0,1,0,차대차 - 기타,신호위반,건조,맑음,교차로 - 교차로안,승용,남,51세,상해없음,이륜,남,31세,경상
택시사고,2020110100100143,2020년 11월 1일 11시,일요일,부산광역시 금정구 부곡동,중상사고,0,1,0,0,차대차 - 기타,안전운전불이행,건조,맑음,기타 - 기타,승용,남,67세,상해없음,승용,여,53세,상해없음
택시사고,2020110100100233,2020년 11월 1일 14시,일요일,부산광역시 동구 초량동,중상사고,0,1,0,0,차대차 - 측면충돌,안전거리미확보,건조,맑음,단일로 - 기타,승용,남,70세,상해없음,승용,여,60세,중상
택시사고,2.02011E+15,2020년 11월 1일 18시,일요일,부산광역시 부산진구 범천동,중상사고,0,1,2,0,차대차 - 측면충돌,안전운전불이행,건조,맑음,교차로 - 교차로안,승용,남,60세,상해없음,승용,남,33세,경상
택시사고,2020110200100245,2020년 11월 2일 12시,월요일,부산광역시 수영구 망미동,경상사고,0,0,1,0,차대차 - 기타,교차로운행방법위반,건조,맑음,단일로 - 기타,승용,남,63세,상해없음,자전거,남,72세,경상
택시사고,2020110300100301,2020년 11월 3일 13시,화요일,부산광역시 서구 부민동1가,경상사고,0,0,1,0,차대차 - 측면충돌,직진우회전진행방해,건조,맑음,교차로 - 교차로부근,승용,남,70세,상해없음,승용,여,49세,경상
택시사고,2020110300100333,2020년 11월 3일 14시,화요일,부산광역시 수영구 광안동,중상사고,0,1,0,0,차대차 - 기타,안전운전불이행,건조,맑음,단일로 - 기타,승용,남,58세,상해없음,원동기,남,21세,중상
택시사고,2020110300100635,2020년 11월 3일 21시,화요일,부산광역시 북구 덕천동,중상사고,0,1,0,0,차대차 - 측면충돌,안전운전불이행,건조,맑음,교차로 - 교차로안,승용,남,59세,상해없음,원동기,남,29세,중상
택시사고,2020110400100163,2020년 11월 4일 09시,수요일,부산광역시 영도구 청학동,경상사고,0,0,1,0,차대사람 - 기타,안전운전불이행,건조,맑음,교차로 - 교차로안,승용,남,57세,상해없음,보행자,남,24세,경상
택시사고,2020110400100328,2020년 11월 4일 13시,수요일,부산광역시 동구 초량동,경상사고,0,0,1,0,차대차 - 측면충돌,안전운전불이행,건조,맑음,교차로 - 교차로안,승용,남,64세,상해없음,이륜,남,35세,경상
택시사고,2020110400100332,2020년 11월 4일 13시,수요일,부산광역시 연제구 거제동,경상사고,0,0,2,0,차대차 - 기타,신호위반,건조,맑음,교차로 - 교차로안,승용,남,60세,상해없음,승용,여,49세,경상
택시사고,2020110400100592,2020년 11월 4일 19시,수요일,부산광역시 금정구 서동,경상사고,0,0,1,0,차대사람 - 기타,안전운전불이행,건조,맑음,단일로 - 기타,승용,남,63세,상해없음,보행자,여,31세,경상
택시사고,2020110400100593,2020년 11월 4일 19시,수요일,부산광역시 연제구 연산동,경상사고,0,0,1,0,차대차 - 기타,교차로운행방법위반,건조,맑음,교차로 - 교차로안,승용,남,42세,상해없음,승용,남,35세,경상
택시사고,2020110400100594,2020년 11월 4일 19시,수요일,부산광역시 연제구 연산동,중상사고,0,1,0,0,차대사람 - 횡단중,보행자보호의무위반,건조,맑음,교차로 - 교차로횡단보도내,승용,남,60세,상해없음,보행자,남,64세,중상
택시사고,2020110500100019,2020년 11월 5일 01시,목요일,부산광역시 수영구 민락동,중상사고,0,1,0,0,차대차 - 측면충돌,안전운전불이행,건조,맑음,기타 - 기타,승용,남,66세,상해없음,이륜,남,40세,중상
택시사고,2020110500100067,2020년 11월 5일 07시,목요일,부산광역시 동래구 안락동,경상사고,0,0,1,0,차대차 - 추돌,안전운전불이행,건조,맑음,단일로 - 기타,승용,남,71세,상해없음,승용,남,39세,경상
택시사고,2020110500100145,2020년 11월 5일 09시,목요일,부산광역시 연제구 연산동,경상사고,0,0,1,0,차대차 - 측면충돌,교차로운행방법위반,건조,맑음,교차로 - 교차로안,승용,남,65세,기타불명,승용,여,63세,경상
택시사고,2020110500100325,2020년 11월 5일 15시,목요일,부산광역시 동래구 수안동,경상사고,0,0,1,0,차대사람 - 길가장자리구역통행중,안전운전불이행,건조,맑음,교차로 - 교차로부근,승용,남,51세,상해없음,보행자,여,19세,경상
택시사고,2020110500100629,2020년 11월 5일 22시,목요일,부산광역시 해운대구 좌동,중상사고,0,1,2,0,차대차 - 추돌,안전운전불이행,건조,맑음,교차로 - 교차로부근,승용,남,66세,중상,승용,여,49세,경상
택시사고,2020110600100003,2020년 11월 6일 00시,금요일,부산광역시 사상구 감전동,중상사고,0,1,3,0,차대차 - 측면충돌,신호위반,건조,맑음,교차로 - 교차로안,승용,남,65세,상해없음,승용,남,37세,중상
택시사고,2020110600100019,2020년 11월 6일 01시,금요일,부산광역시 부산진구 부전동,경상사고,0,0,1,0,차대사람 - 횡단중,신호위반,건조,맑음,교차로 - 교차로부근,승용,남,62세,상해없음,보행자,남,45세,경상
택시사고,2020110600100048,2020년 11월 6일 05시,금요일,부산광역시 동래구 안락동,경상사고,0,0,1,0,차대차 - 측면충돌,신호위반,건조,맑음,교차로 - 교차로안,승용,남,76세,상해없음,승용,남,26세,경상
택시사고,2020110600100102,2020년 11월 6일 08시,금요일,부산광역시 사하구 괴정동,경상사고,0,0,1,0,차대차 - 기타,안전운전불이행,건조,맑음,교차로 - 교차로안,승용,남,54세,상해없음,승용,남,54세,경상
택시사고,2020110600100502,2020년 11월 6일 19시,금요일,부산광역시 사하구 장림동,경상사고,0,0,1,0,차대차 - 기타,중앙선침범,건조,맑음,단일로 - 지하차도(도로)내,승용,여,61세,상해없음,이륜,남,32세,경상
택시사고,2020110700100143,2020년 11월 7일 10시,토요일,부산광역시 사하구 하단동,경상사고,0,0,1,0,차대차 - 후진중충돌,불법유턴,건조,맑음,단일로 - 지하차도(도로)내,승용,남,68세,상해없음,승용,남,65세,경상
택시사고,2020110700100676,2020년 11월 7일 23시,토요일,부산광역시 부산진구 전포동,경상사고,0,0,6,0,차대차 - 기타,신호위반,건조,맑음,교차로 - 교차로안,승용,남,64세,상해없음,승용,남,64세,경상
택시사고,2020110800100029,2020년 11월 8일 01시,일요일,부산광역시 부산진구 부전동,경상사고,0,0,1,0,차대차 - 측면충돌,안전운전불이행,건조,맑음,교차로 - 교차로안,승용,남,55세,상해없음,이륜,남,32세,경상
택시사고,2.02011E+15,2020년 11월 8일 01시,일요일,부산광역시 수영구 망미동,중상사고,0,1,0,0,차대차 - 기타,기타,건조,맑음,단일로 - 기타,승용,남,60세,상해없음,이륜,남,33세,중상
택시사고,2.02011E+15,2020년 11월 8일 18시,일요일,부산광역시 동구 수정동,경상사고,0,0,3,0,차대차 - 추돌,안전거리미확보,건조,맑음,단일로 - 기타,승용,남,69세,기타불명,승용,남,50세,경상
택시사고,2020110800100557,2020년 11월 8일 23시,일요일,부산광역시 금정구 구서동,중상사고,0,1,0,0,차대사람 - 기타,안전운전불이행,건조,맑음,교차로 - 교차로부근,승용,남,62세,상해없음,보행자,남,58세,중상
택시사고,2020110900100189,2020년 11월 9일 10시,월요일,부산광역시 사상구 학장동,경상사고,0,0,1,0,차대차 - 측면충돌,교차로운행방법위반,건조,맑음,교차로 - 교차로안,승용,남,68세,상해없음,승용,남,39세,경상
택시사고,2.02011E+15,2020년 11월 9일 14시,월요일,부산광역시 사하구 장림동,경상사고,0,0,1,0,차대차 - 기타,안전운전불이행,건조,맑음,단일로 - 지하차도(도로)내,승용,남,59세,기타불명,승용,남,36세,경상
택시사고,2020110900100425,2020년 11월 9일 16시,월요일,부산광역시 남구 감만동,중상사고,0,2,0,0,차량단독 - 공작물충돌,신호위반,건조,맑음,교차로 - 교차로안,승용,남,56세,중상,,,,
택시사고,2020110900100664,2020년 11월 9일 22시,월요일,부산광역시 동래구 사직동,경상사고,0,0,2,0,차대차 - 측면충돌,신호위반,건조,맑음,교차로 - 교차로안,승용,남,59세,상해없음,승용,남,60세,경상
택시사고,2020111100100061,2020년 11월 11일 07시,수요일,부산광역시 금정구 서동,중상사고,0,1,0,0,차대사람 - 기타,기타,건조,맑음,교차로 - 교차로안,승용,남,70세,상해없음,보행자,여,30세,중상
택시사고,2020111100100221,2020년 11월 11일 11시,수요일,부산광역시 연제구 연산동,경상사고,0,0,1,0,차대차 - 측면충돌,안전운전불이행,건조,맑음,교차로 - 교차로부근,승용,남,73세,상해없음,이륜,남,29세,경상
택시사고,2020111100100693,2020년 11월 11일 21시,수요일,부산광역시 부산진구 부전동,중상사고,0,1,0,0,차대차 - 측면충돌,안전거리미확보,건조,맑음,단일로 - 기타,승용,남,57세,상해없음,원동기,남,27세,중상
택시사고,2020111100100723,2020년 11월 11일 22시,수요일,부산광역시 동래구 사직동,경상사고,0,0,1,0,차대차 - 기타,안전운전불이행,건조,맑음,교차로 - 교차로안,승용,남,71세,상해없음,승용,남,64세,경상
택시사고,2020111100100738,2020년 11월 11일 23시,수요일,부산광역시 중구 남포동5가,중상사고,0,1,0,0,차대차 - 측면충돌,교차로운행방법위반,건조,맑음,교차로 - 교차로안,승용,남,52세,상해없음,승용,여,62세,중상
택시사고,2.02011E+15,2020년 11월 12일 00시,목요일,부산광역시 남구 용호동,중상사고,0,1,1,0,차대차 - 정면충돌,안전운전불이행,건조,맑음,교차로 - 교차로안,승용,남,60세,상해없음,이륜,남,32세,중상
택시사고,2020111200100047,2020년 11월 12일 04시,목요일,부산광역시 사상구 감전동,중상사고,0,1,0,0,차대차 - 정면충돌,신호위반,건조,맑음,교차로 - 교차로안,승용,남,66세,상해없음,이륜,남,62세,중상
택시사고,2020111300100024,2020년 11월 13일 02시,금요일,부산광역시 금정구 서동,경상사고,0,0,2,0,차대사람 - 기타,안전운전불이행,건조,맑음,교차로 - 교차로안,승용,남,69세,상해없음,보행자,남,59세,경상
택시사고,2020111300100072,2020년 11월 13일 07시,금요일,부산광역시 연제구 거제동,경상사고,0,0,1,0,차량단독 - 기타,안전운전불이행,건조,맑음,교차로 - 교차로부근,승용,남,65세,상해없음,,,,
택시사고,2020111300100101,2020년 11월 13일 08시,금요일,부산광역시 수영구 수영동,부상신고사고,0,0,0,1,차대차 - 측면충돌,차로위반,건조,맑음,기타 - 기타,승용,남,39세,상해없음,승용,남,76세,부상신고
택시사고,2020111300100208,2020년 11월 13일 11시,금요일,부산광역시 동구 좌천동,경상사고,0,0,1,0,차대차 - 측면충돌,안전거리미확보,건조,맑음,단일로 - 고가도로위,승용,남,61세,상해없음,이륜,남,31세,경상
택시사고,2020111300100622,2020년 11월 13일 21시,금요일,부산광역시 연제구 연산동,경상사고,0,0,1,0,차대차 - 기타,기타,건조,맑음,교차로 - 교차로부근,승용,남,56세,상해없음,이륜,남,40세,경상
택시사고,2020111400100168,2020년 11월 14일 10시,토요일,부산광역시 동래구 사직동,경상사고,0,0,1,0,차대차 - 기타,차로위반,건조,맑음,단일로 - 기타,승용,남,57세,상해없음,이륜,남,16세,경상
택시사고,2020111400100288,2020년 11월 14일 13시,토요일,부산광역시 부산진구 범천동,경상사고,0,0,1,0,차대사람 - 횡단중,안전운전불이행,건조,맑음,단일로 - 기타,승용,남,73세,상해없음,보행자,여,28세,경상
택시사고,2020111400100446,2020년 11월 14일 17시,토요일,부산광역시 연제구 연산동,경상사고,0,0,1,0,차대차 - 기타,신호위반,건조,맑음,교차로 - 교차로안,승용,남,71세,상해없음,원동기,남,31세,경상
택시사고,2020111400100629,2020년 11월 14일 23시,토요일,부산광역시 남구 용호동,경상사고,0,0,1,0,차대사람 - 기타,기타,건조,맑음,단일로 - 기타,승용,남,63세,상해없음,보행자,여,27세,경상
택시사고,2020111500100003,2020년 11월 15일 00시,일요일,부산광역시 금정구 장전동,부상신고사고,0,0,0,1,차대차 - 측면충돌,안전운전불이행,건조,맑음,단일로 - 기타,승용,남,61세,상해없음,원동기,남,23세,부상신고
택시사고,2.02011E+15,2020년 11월 15일 13시,일요일,부산광역시 중구 남포동5가,경상사고,0,0,1,0,차대차 - 측면충돌,안전운전불이행,건조,맑음,단일로 - 기타,승용,남,69세,상해없음,이륜,남,58세,경상
택시사고,2020111500100329,2020년 11월 15일 18시,일요일,부산광역시 부산진구 부전동,경상사고,0,0,1,0,차대차 - 측면충돌,기타,건조,맑음,단일로 - 기타,승용,남,56세,상해없음,이륜,남,31세,경상
택시사고,2020111500100448,2020년 11월 15일 22시,일요일,부산광역시 수영구 광안동,중상사고,0,1,1,0,차대차 - 측면충돌,안전운전불이행,건조,맑음,단일로 - 기타,승용,남,50세,상해없음,승합,남,39세,중상
택시사고,2020111600100324,2020년 11월 16일 14시,월요일,부산광역시 사상구 학장동,중상사고,0,1,0,0,차대차 - 정면충돌,신호위반,건조,맑음,교차로 - 교차로안,승용,남,45세,기타불명,이륜,남,21세,중상
택시사고,2020111600100438,2020년 11월 16일 17시,월요일,부산광역시 남구 우암동,경상사고,0,0,1,0,차대차 - 추돌,안전운전불이행,건조,맑음,교차로 - 교차로부근,승용,남,67세,상해없음,승용,남,26세,상해없음
택시사고,2020111600100598,2020년 11월 16일 20시,월요일,부산광역시 부산진구 당감동,경상사고,0,0,1,0,차량단독 - 기타,안전운전불이행,건조,맑음,단일로 - 기타,승용,남,65세,상해없음,,,,
택시사고,2020111700100251,2020년 11월 17일 13시,화요일,부산광역시 북구 만덕동,중상사고,0,1,0,0,차대차 - 기타,안전운전불이행,건조,맑음,기타 - 기타,승용,남,77세,상해없음,승용,여,51세,중상
택시사고,2020111700100358,2020년 11월 17일 16시,화요일,부산광역시 사상구 덕포동,경상사고,0,0,1,0,차대차 - 기타,기타,건조,맑음,단일로 - 기타,승용,남,79세,상해없음,자전거,남,67세,경상
택시사고,2020111800100004,2020년 11월 18일 00시,수요일,부산광역시 사상구 학장동,경상사고,0,0,2,0,차대차 - 측면충돌,교차로운행방법위반,건조,맑음,교차로 - 교차로안,승용,남,66세,상해없음,승용,남,27세,경상
택시사고,2020111800100193,2020년 11월 18일 10시,수요일,부산광역시 수영구 광안동,경상사고,0,0,1,0,차대차 - 기타,안전거리미확보,건조,맑음,교차로 - 교차로안,승용,남,65세,상해없음,승용,남,26세,경상
택시사고,2020111800100435,2020년 11월 18일 17시,수요일,부산광역시 동구 범일동,중상사고,0,1,1,0,차대차 - 기타,안전거리미확보,건조,맑음,단일로 - 기타,승용,남,60세,중상,승용,남,44세,경상
택시사고,2.02011E+15,2020년 11월 18일 18시,수요일,부산광역시 북구 덕천동,중상사고,0,1,0,0,차대차 - 측면충돌,안전거리미확보,건조,맑음,단일로 - 지하차도(도로)내,승용,남,61세,상해없음,승용,남,22세,중상
택시사고,2020111800100664,2020년 11월 18일 22시,수요일,부산광역시 동래구 온천동,경상사고,0,0,1,0,차대차 - 기타,차로위반,젖음/습기,비,단일로 - 기타,승용,남,66세,상해없음,이륜,남,23세,경상
택시사고,2020111900100033,2020년 11월 19일 02시,목요일,부산광역시 사상구 주례동,경상사고,0,0,1,0,차대사람 - 기타,안전운전불이행,건조,맑음,교차로 - 교차로안,승용,남,60세,상해없음,보행자,남,65세,경상
택시사고,2020111900100276,2020년 11월 19일 11시,목요일,부산광역시 금정구 노포동,중상사고,0,1,0,0,차량단독 - 기타,안전운전불이행,젖음/습기,비,단일로 - 기타,승용,남,71세,상해없음,,,,
택시사고,2020111900100309,2020년 11월 19일 12시,목요일,부산광역시 금정구 장전동,경상사고,0,0,1,0,차대차 - 기타,교차로운행방법위반,젖음/습기,비,교차로 - 교차로안,승용,남,73세,상해없음,승용,남,59세,경상