사고부문,사고번호,사고일시,요일,시군구,사고내용,사망자수,중상자수,경상자수,부상신고자수,사고유형,법규위반,노면상태,기상상태,도로형태,가해운전자 차종,가해운전자 성별,가해운전자 연령,가해운전자 상해정도,피해운전자 차종,피해운전자 성별,피해운전자 연령,피해운전자 상해정도
택시사고,2.02011E+15,2020년 11월 19일 13시,목요일,부산광역시 남구 문현동,경상사고,0,0,1,0,차대차 - 기타,안전운전불이행,젖음/습기,비,교차로 - 교차로안,승용,남,62세,상해없음,승용,남,34세,경상
택시사고,2020111900100341,2020년 11월 19일 13시,목요일,부산광역시 영도구 청학동,중상사고,0,1,0,0,차대사람 - 기타,안전운전불이행,건조,맑음,단일로 - 기타,승용,남,68세,상해없음,보행자,여,37세,중상
택시사고,2020111900100343,2020년 11월 19일 13시,목요일,부산광역시 부산진구 부전동,경상사고,0,0,1,0,차대차 - 측면충돌,안전운전불이행,젖음/습기,비,교차로 - 교차로안,승용,남,71세,상해없음,원동기,남,23세,경상
택시사고,2020112100100441,2020년 11월 21일 18시,토요일,부산광역시 해운대구 우동,경상사고,0,0,1,0,차대차 - 측면충돌,안전운전불이행,건조,맑음,단일로 - 기타,승용,남,52세,상해없음,승용,남,42세,경상
택시사고,2020112100100539,2020년 11월 21일 21시,토요일,부산광역시 남구 대연동,경상사고,0,0,3,0,차대차 - 측면충돌,신호위반,건조,맑음,교차로 - 교차로안,승용,남,62세,상해없음,승용,남,63세,상해없음
택시사고,2.02011E+15,2020년 11월 22일 01시,일요일,부산광역시 사상구 모라동,중상사고,0,1,0,0,차대사람 - 차도통행중,안전운전불이행,건조,흐림,단일로 - 지하차도(도로)내,승용,남,67세,상해없음,보행자,여,59세,중상
택시사고,2020112200100081,2020년 11월 22일 06시,일요일,부산광역시 연제구 연산동,경상사고,0,0,1,0,차대차 - 기타,안전운전불이행,건조,맑음,단일로 - 기타,승용,남,69세,상해없음,자전거,남,66세,경상
택시사고,2020112200100118,2020년 11월 22일 10시,일요일,부산광역시 남구 대연동,경상사고,0,0,2,0,차대차 - 추돌,안전거리미확보,건조,맑음,단일로 - 고가도로위,승용,남,72세,상해없음,승용,남,37세,경상
택시사고,2020112200100224,2020년 11월 22일 15시,일요일,부산광역시 동래구 안락동,경상사고,0,0,1,0,차대차 - 측면충돌,신호위반,건조,맑음,교차로 - 교차로안,승용,남,71세,상해없음,이륜,남,29세,경상
택시사고,2020112200100247,2020년 11월 22일 16시,일요일,부산광역시 부산진구 부전동,중상사고,0,1,0,0,차대차 - 기타,안전거리미확보,젖음/습기,비,단일로 - 기타,승용,남,64세,상해없음,이륜,남,28세,중상
택시사고,2020112200100364,2020년 11월 22일 20시,일요일,부산광역시 수영구 민락동,중상사고,0,1,0,0,차대차 - 기타,안전운전불이행,건조,맑음,단일로 - 기타,승용,남,63세,상해없음,이륜,남,22세,중상
택시사고,2020112200100384,2020년 11월 22일 21시,일요일,부산광역시 연제구 연산동,중상사고,0,1,0,0,차대사람 - 횡단중,과속,건조,맑음,단일로 - 기타,승용,남,59세,상해없음,보행자,여,68세,중상
택시사고,2020112300100612,2020년 11월 23일 23시,월요일,부산광역시 사하구 하단동,경상사고,0,0,1,0,차대차 - 기타,안전거리미확보,건조,맑음,단일로 - 기타,승용,남,49세,상해없음,이륜,남,41세,경상
택시사고,2020112300100613,2020년 11월 23일 23시,월요일,부산광역시 사상구 학장동,경상사고,0,0,1,0,차대차 - 추돌,신호위반,건조,맑음,교차로 - 교차로안,승용,남,66세,상해없음,이륜,남,22세,경상
택시사고,2020112500100616,2020년 11월 25일 23시,수요일,부산광역시 부산진구 초읍동,경상사고,0,0,2,0,차대차 - 기타,직진우회전진행방해,건조,맑음,교차로 - 교차로안,승용,남,69세,상해없음,승용,남,61세,경상
택시사고,2020112600100075,2020년 11월 26일 07시,목요일,부산광역시 강서구 대저2동,경상사고,0,0,1,0,차대사람 - 기타,안전운전불이행,건조,맑음,단일로 - 기타,승용,남,62세,상해없음,보행자,남,55세,경상
택시사고,2020112600100568,2020년 11월 26일 21시,목요일,부산광역시 기장군 기장읍,경상사고,0,0,2,0,차대차 - 추돌,안전운전불이행,건조,맑음,교차로 - 교차로안,승용,남,55세,경상,승용,남,23세,경상
택시사고,2020112600100606,2020년 11월 26일 23시,목요일,부산광역시 부산진구 부암동,경상사고,0,0,1,0,차대차 - 측면충돌,신호위반,건조,맑음,교차로 - 교차로안,승용,남,58세,상해없음,원동기,남,23세,경상
택시사고,2020112700100122,2020년 11월 27일 10시,금요일,부산광역시 동구 좌천동,경상사고,0,0,1,0,차량단독 - 기타,기타,건조,맑음,단일로 - 기타,승용,남,74세,상해없음,,,,
택시사고,2020112700100148,2020년 11월 27일 11시,금요일,부산광역시 동구 수정동,중상사고,0,1,0,0,차대사람 - 기타,안전운전불이행,건조,맑음,단일로 - 기타,승용,남,57세,상해없음,보행자,여,72세,중상
택시사고,2020112700100595,2020년 11월 27일 21시,금요일,부산광역시 동래구 온천동,경상사고,0,0,1,0,차대차 - 기타,안전거리미확보,건조,맑음,단일로 - 기타,승용,남,70세,상해없음,승용,여,26세,경상
택시사고,2020112800100133,2020년 11월 28일 11시,토요일,부산광역시 남구 감만동,경상사고,0,0,1,0,차대차 - 측면충돌,안전운전불이행,건조,맑음,단일로 - 기타,승용,남,69세,상해없음,승용,여,53세,경상
택시사고,2020112900100103,2020년 11월 29일 11시,일요일,부산광역시 북구 만덕동,경상사고,0,0,2,0,차대차 - 측면충돌,교차로운행방법위반,건조,맑음,교차로 - 교차로안,승용,남,72세,상해없음,승용,남,31세,경상
택시사고,2.02011E+15,2020년 11월 30일 03시,월요일,부산광역시 부산진구 부전동,경상사고,0,0,1,0,차대차 - 기타,신호위반,건조,맑음,교차로 - 교차로안,승용,남,73세,상해없음,승용,남,19세,경상
택시사고,2020113000100266,2020년 11월 30일 13시,월요일,부산광역시 금정구 부곡동,경상사고,0,0,3,0,차대차 - 기타,안전운전불이행,건조,맑음,교차로 - 교차로부근,승용,남,71세,상해없음,승용,남,44세,경상
택시사고,2020120100100132,2020년 12월 1일 09시,화요일,부산광역시 부산진구 가야동,경상사고,0,0,1,0,차대사람 - 기타,기타,건조,맑음,단일로 - 기타,승용,남,68세,상해없음,보행자,남,24세,경상
택시사고,2020120100100159,2020년 12월 1일 10시,화요일,부산광역시 북구 덕천동,부상신고사고,0,0,0,1,차대차 - 기타,안전거리미확보,건조,맑음,단일로 - 기타,승용,남,73세,상해없음,승용,남,29세,부상신고
택시사고,2.02012E+15,2020년 12월 1일 12시,화요일,부산광역시 금정구 부곡동,경상사고,0,0,3,0,차대차 - 측면충돌,안전거리미확보,건조,맑음,단일로 - 기타,승용,남,69세,경상,승용,남,44세,경상
택시사고,2020120200100013,2020년 12월 2일 04시,수요일,부산광역시 부산진구 부전동,중상사고,0,1,1,0,차대차 - 측면충돌,신호위반,건조,맑음,교차로 - 교차로안,승용,남,66세,상해없음,승용,남,63세,중상
택시사고,2020120200100068,2020년 12월 2일 08시,수요일,부산광역시 부산진구 초읍동,경상사고,0,0,1,0,차대사람 - 기타,안전운전불이행,건조,맑음,단일로 - 기타,승용,남,64세,상해없음,보행자,여,46세,경상
택시사고,2020120400100022,2020년 12월 4일 03시,금요일,부산광역시 서구 충무동1가,사망사고,1,0,0,0,차대사람 - 횡단중,안전운전불이행,건조,맑음,교차로 - 교차로횡단보도내,승용,남,64세,상해없음,보행자,여,76세,사망
택시사고,2020120400100096,2020년 12월 4일 08시,금요일,부산광역시 영도구 청학동,중상사고,0,1,0,0,차대차 - 측면충돌,안전거리미확보,건조,맑음,교차로 - 교차로부근,승용,남,73세,상해없음,이륜,남,42세,중상
택시사고,2020120500100102,2020년 12월 5일 10시,토요일,부산광역시 금정구 회동동,중상사고,0,2,2,0,차대차 - 추돌,안전운전불이행,건조,맑음,단일로 - 터널,승용,남,60세,상해없음,승용,남,65세,상해없음
택시사고,2020120500100138,2020년 12월 5일 11시,토요일,부산광역시 해운대구 반여동,경상사고,0,0,1,0,차대차 - 기타,안전운전불이행,건조,맑음,교차로 - 교차로안,승용,남,67세,상해없음,이륜,남,31세,경상
택시사고,2020120500100261,2020년 12월 5일 14시,토요일,부산광역시 서구 남부민동,경상사고,0,0,1,0,차대차 - 추돌,안전거리미확보,건조,맑음,단일로 - 기타,승용,남,61세,상해없음,이륜,남,24세,경상
택시사고,2.02012E+15,2020년 12월 6일 11시,일요일,부산광역시 연제구 연산동,중상사고,0,1,0,0,차대차 - 기타,차로위반,건조,맑음,단일로 - 기타,승용,남,58세,상해없음,이륜,남,34세,중상
택시사고,2020120600100193,2020년 12월 6일 14시,일요일,부산광역시 금정구 서동,경상사고,0,0,1,0,차대차 - 측면충돌,안전운전불이행,건조,맑음,교차로 - 교차로안,승용,남,62세,상해없음,이륜,남,17세,경상
택시사고,2020120600100272,2020년 12월 6일 17시,일요일,부산광역시 남구 대연동,중상사고,0,1,0,0,차대차 - 측면충돌,신호위반,건조,맑음,교차로 - 교차로안,승용,남,74세,상해없음,이륜,남,28세,중상
택시사고,2.02012E+15,2020년 12월 6일 18시,일요일,부산광역시 사하구 괴정동,중상사고,0,1,1,0,차대차 - 기타,안전거리미확보,건조,맑음,단일로 - 기타,승용,남,63세,상해없음,승용,여,52세,중상
택시사고,2020120600100358,2020년 12월 6일 20시,일요일,부산광역시 남구 용호동,중상사고,0,1,0,0,차대차 - 후진중충돌,안전운전불이행,건조,맑음,단일로 - 기타,승용,남,62세,상해없음,이륜,남,32세,중상
택시사고,2020120800100623,2020년 12월 8일 23시,화요일,부산광역시 부산진구 양정동,중상사고,0,1,1,0,차대차 - 기타,신호위반,건조,맑음,교차로 - 교차로안,승용,남,48세,상해없음,승용,남,61세,중상
택시사고,2020120900100002,2020년 12월 9일 00시,수요일,부산광역시 수영구 광안동,부상신고사고,0,0,0,1,차대차 - 추돌,신호위반,건조,맑음,단일로 - 기타,승용,남,79세,상해없음,자전거,남,37세,부상신고
택시사고,2020120900100183,2020년 12월 9일 11시,수요일,부산광역시 서구 부민동1가,중상사고,0,1,1,0,차대차 - 기타,안전거리미확보,건조,맑음,단일로 - 기타,승용,남,51세,상해없음,승합,남,43세,경상
택시사고,2020121000100023,2020년 12월 10일 06시,목요일,부산광역시 연제구 연산동,경상사고,0,0,1,0,차대사람 - 기타,안전운전불이행,건조,맑음,교차로 - 교차로부근,승용,여,68세,상해없음,보행자,남,23세,경상
택시사고,2020121000100295,2020년 12월 10일 17시,목요일,부산광역시 남구 대연동,중상사고,0,1,0,0,차대차 - 측면충돌,안전운전불이행,건조,맑음,단일로 - 기타,승용,남,66세,상해없음,이륜,남,27세,중상
택시사고,2020121000100355,2020년 12월 10일 18시,목요일,부산광역시 서구 부용동2가,경상사고,0,0,1,0,차대사람 - 기타,안전운전불이행,건조,맑음,단일로 - 기타,승용,남,52세,상해없음,보행자,남,25세,경상
택시사고,2020121000100357,2020년 12월 10일 18시,목요일,부산광역시 부산진구 부전동,경상사고,0,0,2,0,차대차 - 측면충돌,교차로운행방법위반,건조,맑음,교차로 - 교차로안,승용,남,69세,상해없음,승용,남,43세,경상
택시사고,2020121100100071,2020년 12월 11일 08시,금요일,부산광역시 사하구 하단동,경상사고,0,0,1,0,차대차 - 측면충돌,차로위반,건조,맑음,단일로 - 기타,승용,남,67세,상해없음,승용,남,30세,경상
택시사고,2020121100100394,2020년 12월 11일 18시,금요일,부산광역시 동구 수정동,중상사고,0,1,0,0,차대사람 - 횡단중,보행자보호의무위반,건조,맑음,교차로 - 교차로횡단보도내,승용,남,70세,상해없음,보행자,여,56세,중상
택시사고,2020121100100396,2020년 12월 11일 18시,금요일,부산광역시 영도구 청학동,경상사고,0,0,3,0,차대차 - 기타,안전운전불이행,건조,맑음,교차로 - 교차로부근,승용,남,64세,상해없음,승용,여,55세,경상
택시사고,2020121100100579,2020년 12월 11일 22시,금요일,부산광역시 북구 덕천동,경상사고,0,0,3,0,차대차 - 추돌,안전거리미확보,건조,맑음,단일로 - 기타,승용,남,65세,상해없음,승용,남,30세,경상
택시사고,2020121200100353,2020년 12월 12일 18시,토요일,부산광역시 해운대구 중동,경상사고,0,0,1,0,차대차 - 기타,안전운전불이행,건조,맑음,단일로 - 기타,승용,남,60세,상해없음,이륜,남,46세,경상
택시사고,2020121200100402,2020년 12월 12일 19시,토요일,부산광역시 연제구 연산동,경상사고,0,0,1,0,차대차 - 측면충돌,교차로운행방법위반,건조,맑음,교차로 - 교차로안,승용,여,59세,상해없음,개인형이동수단(PM),남,43세,경상
택시사고,2020121400100132,2020년 12월 14일 10시,월요일,부산광역시 사하구 괴정동,중상사고,0,1,0,0,차대사람 - 기타,안전운전불이행,건조,맑음,교차로 - 교차로안,승용,남,69세,상해없음,보행자,여,58세,중상
택시사고,2020121400100252,2020년 12월 14일 14시,월요일,부산광역시 연제구 연산동,부상신고사고,0,0,0,1,차대차 - 추돌,안전거리미확보,건조,맑음,교차로 - 교차로부근,승용,남,67세,상해없음,승용,여,50세,부상신고
택시사고,2020121400100391,2020년 12월 14일 18시,월요일,부산광역시 동구 범일동,중상사고,0,1,1,0,차대사람 - 횡단중,보행자보호의무위반,건조,맑음,교차로 - 교차로횡단보도내,승용,남,61세,상해없음,보행자,여,8세,중상
택시사고,2020121500100001,2020년 12월 15일 00시,화요일,부산광역시 남구 대연동,중상사고,0,1,0,0,차대차 - 추돌,안전운전불이행,건조,맑음,단일로 - 기타,승용,남,65세,상해없음,이륜,남,22세,중상
택시사고,2020121500100088,2020년 12월 15일 09시,화요일,부산광역시 사하구 괴정동,경상사고,0,0,1,0,차량단독 - 기타,안전운전불이행,건조,맑음,기타 - 기타,승용,남,60세,상해없음,,,,
택시사고,2020121500100105,2020년 12월 15일 10시,화요일,부산광역시 남구 용당동,경상사고,0,0,2,0,차대차 - 측면충돌,차로위반,건조,맑음,교차로 - 교차로안,승용,남,63세,상해없음,화물,남,48세,경상
택시사고,2020121500100271,2020년 12월 15일 15시,화요일,부산광역시 동구 범일동,경상사고,0,0,1,0,차대차 - 기타,차로위반,건조,맑음,단일로 - 기타,승용,남,64세,상해없음,승용,남,19세,상해없음
택시사고,2020121600100126,2020년 12월 16일 10시,수요일,부산광역시 서구 토성동2가,부상신고사고,0,0,0,1,차대사람 - 보도통행중,신호위반,건조,맑음,교차로 - 교차로횡단보도내,승용,남,72세,상해없음,보행자,남,60세,부상신고
택시사고,2020121600100127,2020년 12월 16일 10시,수요일,부산광역시 금정구 장전동,경상사고,0,0,1,2,차대차 - 측면충돌,교차로운행방법위반,건조,맑음,교차로 - 교차로안,승용,남,51세,부상신고,승용,남,71세,부상신고
택시사고,2020121600100148,2020년 12월 16일 11시,수요일,부산광역시 수영구 민락동,경상사고,0,0,2,0,차대차 - 기타,안전운전불이행,건조,맑음,단일로 - 기타,승용,남,58세,상해없음,승용,남,22세,경상
택시사고,2020121600100171,2020년 12월 16일 12시,수요일,부산광역시 연제구 거제동,경상사고,0,0,1,0,차대차 - 기타,안전거리미확보,건조,맑음,단일로 - 기타,승용,남,68세,상해없음,이륜,남,19세,경상
택시사고,2020121700100002,2020년 12월 17일 00시,목요일,부산광역시 수영구 남천동,경상사고,0,0,2,0,차대차 - 측면충돌,신호위반,건조,맑음,교차로 - 교차로안,승용,남,59세,상해없음,승용,남,19세,경상
택시사고,2020121700100075,2020년 12월 17일 08시,목요일,부산광역시 남구 대연동,중상사고,0,1,0,0,차대사람 - 기타,안전운전불이행,건조,맑음,교차로 - 교차로부근,승용,남,64세,상해없음,보행자,남,66세,중상
택시사고,2020121700100285,2020년 12월 17일 14시,목요일,부산광역시 부산진구 부전동,중상사고,0,1,0,0,차대차 - 기타,기타,건조,맑음,단일로 - 기타,승용,남,78세,상해없음,이륜,남,39세,중상
택시사고,2020121700100351,2020년 12월 17일 16시,목요일,부산광역시 해운대구 우동,경상사고,0,0,2,0,차대차 - 측면충돌,교차로운행방법위반,건조,맑음,교차로 - 교차로안,승용,남,52세,기타불명,승용,남,26세,경상
택시사고,2020121700100589,2020년 12월 17일 23시,목요일,부산광역시 부산진구 초읍동,중상사고,0,1,1,0,차대차 - 기타,안전운전불이행,건조,맑음,교차로 - 교차로안,승용,남,54세,상해없음,승용,남,36세,중상
택시사고,2020121800100521,2020년 12월 18일 19시,금요일,부산광역시 해운대구 재송동,중상사고,0,1,0,0,차대차 - 측면충돌,안전운전불이행,건조,맑음,단일로 - 기타,승용,남,64세,상해없음,이륜,남,27세,중상
택시사고,2020121800100624,2020년 12월 18일 21시,금요일,부산광역시 금정구 구서동,경상사고,0,0,4,0,차대차 - 정면충돌,안전운전불이행,건조,맑음,교차로 - 교차로안,승용,남,70세,상해없음,승용,남,47세,경상
택시사고,2020121900100092,2020년 12월 19일 10시,토요일,부산광역시 서구 서대신동3가,경상사고,0,0,1,0,차대차 - 측면충돌,안전거리미확보,건조,맑음,단일로 - 기타,승용,남,58세,상해없음,원동기,남,42세,경상
택시사고,2.02012E+15,2020년 12월 19일 18시,토요일,부산광역시 해운대구 반여동,경상사고,0,0,1,0,차대차 - 측면충돌,안전운전불이행,건조,맑음,교차로 - 교차로안,승용,남,57세,상해없음,원동기,남,56세,경상
택시사고,2.02012E+15,2020년 12월 19일 21시,토요일,부산광역시 북구 구포동,경상사고,0,0,1,0,차대차 - 측면충돌,안전거리미확보,건조,맑음,단일로 - 지하차도(도로)내,승용,남,73세,상해없음,이륜,남,27세,경상
택시사고,2020122000100011,2020년 12월 20일 01시,일요일,부산광역시 연제구 연산동,부상신고사고,0,0,0,1,차대사람 - 기타,안전운전불이행,건조,맑음,교차로 - 교차로안,승용,남,48세,상해없음,보행자,남,70세,부상신고
택시사고,2020122000100317,2020년 12월 20일 21시,일요일,부산광역시 동구 초량동,경상사고,0,0,2,0,차대사람 - 보도통행중,보행자보호의무위반,건조,맑음,단일로 - 기타,승용,남,62세,상해없음,보행자,남,29세,경상
택시사고,2020122100100258,2020년 12월 21일 13시,월요일,부산광역시 부산진구 연지동,경상사고,0,0,3,0,차대차 - 측면충돌,직진우회전진행방해,건조,맑음,교차로 - 교차로안,승용,남,70세,경상,승합,남,50세,경상
택시사고,2020122100100293,2020년 12월 21일 14시,월요일,부산광역시 사상구 모라동,중상사고,0,1,0,0,차대사람 - 횡단중,신호위반,건조,맑음,기타 - 기타,승용,남,71세,상해없음,보행자,여,22세,중상
택시사고,2020122100100448,2020년 12월 21일 18시,월요일,부산광역시 해운대구 반여동,경상사고,0,0,1,0,차대사람 - 횡단중,안전운전불이행,건조,맑음,교차로 - 교차로부근,승용,남,64세,상해없음,보행자,여,66세,경상
택시사고,2020122100100563,2020년 12월 21일 20시,월요일,부산광역시 동래구 수안동,경상사고,0,0,1,0,차대차 - 정면충돌,안전운전불이행,건조,맑음,교차로 - 교차로안,승용,남,64세,상해없음,승용,남,33세,경상
택시사고,2020122200100045,2020년 12월 22일 07시,화요일,부산광역시 연제구 연산동,중상사고,0,1,0,0,차대사람 - 횡단중,안전운전불이행,건조,맑음,단일로 - 기타,승용,남,69세,상해없음,보행자,여,83세,중상
택시사고,2020122200100223,2020년 12월 22일 13시,화요일,부산광역시 부산진구 부전동,경상사고,0,0,1,0,차대차 - 측면충돌,안전운전불이행,건조,맑음,교차로 - 교차로안,승용,남,65세,상해없음,승용,남,54세,경상
택시사고,2020122200100286,2020년 12월 22일 15시,화요일,부산광역시 부산진구 범천동,경상사고,0,0,1,0,차대사람 - 기타,안전운전불이행,건조,맑음,기타 - 기타,승용,남,59세,상해없음,보행자,여,22세,경상
택시사고,2020122200100322,2020년 12월 22일 16시,화요일,부산광역시 동구 초량동,중상사고,0,1,0,0,차대차 - 측면충돌,안전거리미확보,건조,맑음,단일로 - 기타,승용,남,62세,상해없음,승용,남,20세,중상
택시사고,2020122200100354,2020년 12월 22일 17시,화요일,부산광역시 연제구 연산동,경상사고,0,0,3,0,차대차 - 정면충돌,교차로운행방법위반,건조,맑음,교차로 - 교차로안,승용,남,68세,경상,이륜,남,36세,경상
택시사고,2020122300100159,2020년 12월 23일 10시,수요일,부산광역시 연제구 거제동,경상사고,0,0,1,0,차대차 - 기타,안전운전불이행,건조,맑음,단일로 - 기타,승용,남,62세,상해없음,승용,남,41세,경상
택시사고,2.02012E+15,2020년 12월 24일 06시,목요일,부산광역시 금정구 금사동,경상사고,0,0,1,0,차대사람 - 횡단중,신호위반,건조,맑음,교차로 - 교차로횡단보도내,승용,남,58세,상해없음,보행자,남,16세,경상
택시사고,2020122400100388,2020년 12월 24일 17시,목요일,부산광역시 연제구 거제동,경상사고,0,0,1,0,차대차 - 기타,안전거리미확보,건조,맑음,교차로 - 교차로부근,승용,남,64세,상해없음,승용,여,47세,경상
택시사고,2020122400100513,2020년 12월 24일 19시,목요일,부산광역시 북구 덕천동,경상사고,0,0,1,0,차대차 - 기타,안전운전불이행,건조,맑음,교차로 - 교차로안,승용,남,63세,상해없음,승용,남,55세,경상
택시사고,2020122400100514,2020년 12월 24일 19시,목요일,부산광역시 금정구 서동,부상신고사고,0,0,0,1,차대차 - 기타,교차로운행방법위반,건조,맑음,교차로 - 교차로안,승용,남,56세,상해없음,화물,남,50세,상해없음
택시사고,2020122600100194,2020년 12월 26일 15시,토요일,부산광역시 부산진구 부전동,경상사고,0,0,4,0,차대차 - 기타,신호위반,건조,맑음,교차로 - 교차로안,승용,남,58세,상해없음,승용,여,35세,경상
택시사고,2020122700100248,2020년 12월 27일 20시,일요일,부산광역시 동래구 사직동,경상사고,0,0,1,0,차대차 - 기타,교차로운행방법위반,건조,맑음,교차로 - 교차로안,승용,남,63세,상해없음,이륜,남,38세,경상
택시사고,2020122700100274,2020년 12월 27일 21시,일요일,부산광역시 금정구 부곡동,경상사고,0,0,1,0,차량단독 - 기타,안전운전불이행,젖음/습기,비,교차로 - 교차로안,승용,남,58세,상해없음,,,,
택시사고,2020122800100008,2020년 12월 28일 01시,월요일,부산광역시 동래구 낙민동,경상사고,0,0,1,0,차대차 - 기타,안전운전불이행,건조,맑음,교차로 - 교차로부근,승용,남,63세,상해없음,이륜,남,37세,경상
택시사고,2020122800100277,2020년 12월 28일 14시,월요일,부산광역시 동구 수정동,중상사고,0,1,0,0,차대사람 - 기타,안전운전불이행,건조,맑음,교차로 - 교차로안,승용,남,59세,상해없음,보행자,남,71세,중상
택시사고,2020122800100316,2020년 12월 28일 15시,월요일,부산광역시 동구 초량동,경상사고,0,0,1,0,차대사람 - 횡단중,보행자보호의무위반,건조,맑음,교차로 - 교차로횡단보도내,승용,남,57세,상해없음,보행자,여,30세,경상
택시사고,2020122900100142,2020년 12월 29일 13시,화요일,부산광역시 해운대구 우동,부상신고사고,0,0,0,2,차대차 - 추돌,안전거리미확보,건조,맑음,교차로 - 교차로안,승용,남,62세,상해없음,승용,남,27세,부상신고
택시사고,2020122900100299,2020년 12월 29일 18시,화요일,부산광역시 동래구 온천동,경상사고,0,0,1,0,차대차 - 측면충돌,신호위반,젖음/습기,비,교차로 - 교차로안,승용,남,74세,상해없음,승용,남,58세,경상
택시사고,2020122900100301,2020년 12월 29일 18시,화요일,부산광역시 부산진구 부암동,경상사고,0,0,1,0,차대사람 - 차도통행중,안전운전불이행,건조,맑음,교차로 - 교차로안,승용,남,62세,상해없음,보행자,여,72세,경상
택시사고,2020122900100396,2020년 12월 29일 20시,화요일,부산광역시 부산진구 양정동,경상사고,0,0,1,0,차대차 - 측면충돌,안전거리미확보,젖음/습기,비,단일로 - 기타,승용,남,66세,상해없음,승용,여,42세,경상
택시사고,2020122900100421,2020년 12월 29일 21시,화요일,부산광역시 수영구 남천동,경상사고,0,0,1,0,차대차 - 기타,차로위반,젖음/습기,비,단일로 - 기타,승용,남,55세,상해없음,이륜,남,32세,경상
택시사고,2020123000100139,2020년 12월 30일 11시,수요일,부산광역시 연제구 연산동,중상사고,0,1,0,0,차대차 - 정면충돌,교차로운행방법위반,건조,맑음,교차로 - 교차로안,승용,남,67세,상해없음,이륜,남,73세,중상
택시사고,2020123100100048,2020년 12월 31일 08시,목요일,부산광역시 영도구 청학동,중상사고,0,1,0,0,차대사람 - 횡단중,신호위반,건조,맑음,단일로 - 기타,승용,남,78세,상해없음,보행자,여,32세,중상
택시사고,2.02012E+15,2020년 12월 31일 16시,목요일,부산광역시 동래구 온천동,중상사고,0,1,0,0,차대차 - 추돌,기타,건조,맑음,단일로 - 기타,승용,남,60세,상해없음,이륜,남,54세,중상
택시사고,2020123100100501,2020년 12월 31일 20시,목요일,부산광역시 부산진구 양정동,부상신고사고,0,0,0,1,차대차 - 기타,기타,건조,맑음,단일로 - 기타,승용,남,59세,상해없음,이륜,남,27세,부상신고
택시사고,2021010200100001,2021년 1월 2일 00시,토요일,부산광역시 동구 초량동,경상사고,0,0,2,1,차대차 - 측면충돌,신호위반,건조,맑음,단일로 - 기타,승용,남,73세,경상,이륜,남,16세,경상
택시사고,2.02101E+15,2021년 1월 4일 11시,월요일,부산광역시 영도구 봉래동1가,경상사고,0,0,2,0,차대차 - 기타,안전운전불이행,건조,맑음,교차로 - 교차로부근,승용,남,67세,경상,화물,남,60세,경상
택시사고,2021010400100227,2021년 1월 4일 16시,월요일,부산광역시 사하구 괴정동,경상사고,0,0,1,0,차대차 - 기타,안전운전불이행,건조,맑음,단일로 - 기타,승용,남,79세,상해없음,승용,여,35세,경상
택시사고,2021010500100401,2021년 1월 5일 21시,화요일,부산광역시 금정구 남산동,사망사고,1,0,0,0,차대사람 - 기타,안전운전불이행,건조,맑음,단일로 - 기타,승용,남,71세,상해없음,보행자,남,55세,사망
택시사고,2021010600100573,2021년 1월 6일 23시,수요일,부산광역시 수영구 광안동,경상사고,0,0,1,0,차대차 - 기타,안전운전불이행,건조,맑음,교차로 - 교차로안,승용,남,65세,상해없음,승용,남,22세,경상
택시사고,2021010700100297,2021년 1월 7일 18시,목요일,부산광역시 동래구 온천동,경상사고,0,0,1,0,차대사람 - 횡단중,안전운전불이행,건조,맑음,단일로 - 기타,승용,남,77세,상해없음,보행자,남,60세,경상
택시사고,2021010800100028,2021년 1월 8일 07시,금요일,부산광역시 사상구 덕포동,중상사고,0,1,0,0,차대차 - 정면충돌,안전운전불이행,건조,맑음,교차로 - 교차로안,승용,남,62세,상해없음,이륜,남,39세,중상
택시사고,2021010900100056,2021년 1월 9일 09시,토요일,부산광역시 남구 대연동,경상사고,0,0,1,0,차대사람 - 길가장자리구역통행중,보행자보호의무위반,건조,맑음,교차로 - 교차로부근,승용,남,55세,상해없음,보행자,여,37세,경상
택시사고,2021010900100057,2021년 1월 9일 09시,토요일,부산광역시 사하구 장림동,경상사고,0,0,1,0,차대차 - 추돌,안전운전불이행,건조,맑음,단일로 - 기타,승용,남,59세,상해없음,원동기,여,46세,경상
택시사고,2021010900100339,2021년 1월 9일 18시,토요일,부산광역시 동래구 칠산동,경상사고,0,0,1,0,차대차 - 측면충돌,신호위반,건조,맑음,교차로 - 교차로안,승용,남,59세,상해없음,승용,여,49세,경상
택시사고,2021010900100372,2021년 1월 9일 19시,토요일,부산광역시 남구 용호동,경상사고,0,0,1,0,차대차 - 추돌,안전운전불이행,건조,맑음,교차로 - 교차로부근,승용,남,64세,상해없음,승용,남,60세,경상
택시사고,2021010900100402,2021년 1월 9일 20시,토요일,부산광역시 서구 서대신동3가,경상사고,0,0,1,0,차대차 - 측면충돌,안전운전불이행,건조,맑음,교차로 - 교차로부근,승용,남,65세,상해없음,승용,남,27세,경상
택시사고,2021011100100014,2021년 1월 11일 06시,월요일,부산광역시 사하구 감천동,경상사고,0,0,1,0,차대사람 - 횡단중,안전운전불이행,건조,맑음,단일로 - 기타,승용,남,73세,상해없음,보행자,남,76세,경상