사고부문,사고번호,사고일시,요일,시군구,사고내용,사망자수,중상자수,경상자수,부상신고자수,사고유형,법규위반,노면상태,기상상태,도로형태,가해운전자 차종,가해운전자 성별,가해운전자 연령,가해운전자 상해정도,피해운전자 차종,피해운전자 성별,피해운전자 연령,피해운전자 상해정도
택시사고,2.02101E+15,2021년 1월 11일 21시,월요일,부산광역시 부산진구 양정동,중상사고,0,2,0,0,차대차 - 측면충돌,교차로운행방법위반,건조,맑음,교차로 - 교차로안,승용,남,66세,상해없음,승용,남,38세,중상
택시사고,2021011100100528,2021년 1월 11일 22시,월요일,부산광역시 남구 우암동,경상사고,0,0,1,0,차대차 - 측면충돌,안전운전불이행,건조,맑음,교차로 - 교차로부근,승용,남,64세,상해없음,승용,남,44세,상해없음
택시사고,2021011200100379,2021년 1월 12일 19시,화요일,부산광역시 동구 범일동,경상사고,0,0,1,0,차대차 - 추돌,안전운전불이행,건조,맑음,교차로 - 교차로부근,승용,남,72세,상해없음,승용,남,60세,경상
택시사고,2021011200100455,2021년 1월 12일 22시,화요일,부산광역시 동구 좌천동,중상사고,0,1,0,0,차대차 - 기타,중앙선침범,건조,맑음,단일로 - 기타,승용,남,52세,상해없음,이륜,남,22세,중상
택시사고,2021011300100129,2021년 1월 13일 10시,수요일,부산광역시 부산진구 부전동,경상사고,0,0,1,0,차대차 - 추돌,안전운전불이행,건조,맑음,단일로 - 기타,승용,남,73세,상해없음,승용,여,29세,경상
택시사고,2021011400100077,2021년 1월 14일 08시,목요일,부산광역시 서구 서대신동2가,경상사고,0,0,1,0,차대차 - 측면충돌,신호위반,건조,맑음,교차로 - 교차로안,승용,남,77세,상해없음,승용,남,56세,상해없음
택시사고,2021011400100538,2021년 1월 14일 20시,목요일,부산광역시 남구 우암동,중상사고,0,1,0,0,차대사람 - 기타,안전운전불이행,건조,맑음,단일로 - 기타,승용,남,52세,상해없음,보행자,여,71세,중상
택시사고,2021011600100459,2021년 1월 16일 22시,토요일,부산광역시 중구 동광동1가,경상사고,0,0,1,0,차대차 - 측면충돌,안전운전불이행,건조,맑음,단일로 - 기타,승용,남,72세,상해없음,승용,남,63세,경상
택시사고,2021011700100074,2021년 1월 17일 12시,일요일,부산광역시 남구 대연동,경상사고,0,0,2,0,차대차 - 측면충돌,안전운전불이행,건조,맑음,교차로 - 교차로안,승용,남,68세,상해없음,승용,남,39세,경상
택시사고,2021011800100046,2021년 1월 18일 08시,월요일,부산광역시 해운대구 재송동,중상사고,0,1,0,0,차대차 - 측면충돌,교차로운행방법위반,건조,맑음,교차로 - 교차로안,승용,남,69세,상해없음,승용,남,30세,중상
택시사고,2.02101E+15,2021년 1월 18일 11시,월요일,부산광역시 동구 좌천동,중상사고,0,1,0,0,차대차 - 측면충돌,안전거리미확보,건조,맑음,교차로 - 교차로부근,승용,남,68세,상해없음,이륜,남,25세,중상
택시사고,2021011800100123,2021년 1월 18일 11시,월요일,부산광역시 연제구 거제동,경상사고,0,0,2,0,차대차 - 측면충돌,안전거리미확보,건조,맑음,단일로 - 기타,승용,남,74세,상해없음,승용,남,47세,경상
택시사고,2021011800100207,2021년 1월 18일 15시,월요일,부산광역시 수영구 민락동,경상사고,0,0,2,0,차대차 - 측면충돌,안전거리미확보,젖음/습기,맑음,기타 - 기타,승용,남,72세,경상,승용,남,33세,경상
택시사고,2021011900100269,2021년 1월 19일 14시,화요일,부산광역시 부산진구 범천동,부상신고사고,0,0,0,1,차량단독 - 기타,안전운전불이행,건조,맑음,단일로 - 기타,승용,남,66세,부상신고,,,,
택시사고,2021011900100372,2021년 1월 19일 17시,화요일,부산광역시 동구 범일동,경상사고,0,0,1,0,차대차 - 측면충돌,안전거리미확보,건조,맑음,단일로 - 기타,승용,남,58세,상해없음,승용,남,37세,경상
택시사고,2021012000100012,2021년 1월 20일 01시,수요일,부산광역시 금정구 장전동,중상사고,0,1,0,0,차대차 - 추돌,안전거리미확보,건조,맑음,단일로 - 기타,승용,남,60세,상해없음,원동기,남,42세,중상
택시사고,2.02101E+15,2021년 1월 20일 21시,수요일,부산광역시 부산진구 부암동,경상사고,0,0,4,0,차대차 - 측면충돌,안전거리미확보,건조,맑음,교차로 - 교차로부근,승용,남,69세,상해없음,승용,남,43세,경상
택시사고,2021012100100389,2021년 1월 21일 18시,목요일,부산광역시 동래구 명륜동,중상사고,0,1,0,0,차대차 - 기타,안전운전불이행,젖음/습기,비,교차로 - 교차로안,승용,남,58세,상해없음,이륜,남,23세,중상
택시사고,2021012200100356,2021년 1월 22일 18시,금요일,부산광역시 사하구 괴정동,경상사고,0,0,1,0,차대사람 - 길가장자리구역통행중,보행자보호의무위반,건조,맑음,교차로 - 교차로횡단보도내,승용,남,69세,상해없음,보행자,남,21세,경상
택시사고,2021012200100568,2021년 1월 22일 22시,금요일,부산광역시 사상구 괘법동,경상사고,0,0,1,0,차대사람 - 기타,안전운전불이행,건조,맑음,단일로 - 기타,승용,남,61세,상해없음,보행자,남,34세,경상
택시사고,2021012300100065,2021년 1월 23일 09시,토요일,부산광역시 해운대구 반송동,경상사고,0,0,1,0,차대사람 - 차도통행중,안전운전불이행,젖음/습기,비,교차로 - 교차로횡단보도내,승용,남,71세,상해없음,보행자,남,23세,경상
택시사고,2021012300100173,2021년 1월 23일 13시,토요일,부산광역시 사상구 엄궁동,경상사고,0,0,2,0,차대차 - 측면충돌,안전운전불이행,건조,맑음,기타 - 기타,승용,남,64세,상해없음,승용,여,36세,경상
택시사고,2.02101E+15,2021년 1월 23일 14시,토요일,부산광역시 부산진구 개금동,경상사고,0,0,1,0,차대차 - 추돌,불법유턴,젖음/습기,흐림,단일로 - 기타,승용,남,49세,상해없음,이륜,남,21세,경상
택시사고,2021012300100339,2021년 1월 23일 18시,토요일,부산광역시 기장군 기장읍,중상사고,0,1,0,0,차량단독 - 전도전복 - 전복,안전운전불이행,젖음/습기,비,단일로 - 기타,승용,남,52세,상해없음,,,,
택시사고,2021012400100237,2021년 1월 24일 18시,일요일,부산광역시 부산진구 당감동,중상사고,0,1,1,1,차대차 - 측면충돌,신호위반,건조,맑음,교차로 - 교차로부근,승용,남,62세,상해없음,승용,여,36세,경상
택시사고,2021012400100267,2021년 1월 24일 19시,일요일,부산광역시 동래구 수안동,경상사고,0,0,2,0,차대차 - 기타,교차로운행방법위반,건조,맑음,교차로 - 교차로안,승용,남,63세,상해없음,승용,남,21세,경상
택시사고,2021012400100293,2021년 1월 24일 20시,일요일,부산광역시 금정구 서동,중상사고,0,1,0,0,차대사람 - 횡단중,안전운전불이행,건조,맑음,교차로 - 교차로안,승용,남,68세,상해없음,보행자,남,61세,중상
택시사고,2021012400100359,2021년 1월 24일 23시,일요일,부산광역시 해운대구 우동,경상사고,0,0,2,0,차대차 - 측면충돌,안전운전불이행,건조,맑음,교차로 - 교차로안,승용,남,62세,상해없음,승용,남,32세,경상
택시사고,2021012500100299,2021년 1월 25일 15시,월요일,부산광역시 동구 초량동,경상사고,0,0,2,0,차대차 - 측면충돌,안전거리미확보,건조,맑음,단일로 - 기타,승용,남,53세,상해없음,승용,여,50세,경상
택시사고,2021012500100335,2021년 1월 25일 16시,월요일,부산광역시 수영구 광안동,중상사고,0,1,2,0,차대차 - 측면충돌,교차로운행방법위반,건조,맑음,교차로 - 교차로안,승용,남,64세,상해없음,화물,남,64세,중상
택시사고,2021012500100412,2021년 1월 25일 18시,월요일,부산광역시 부산진구 부전동,중상사고,0,1,0,0,차대차 - 기타,중앙선침범,건조,맑음,단일로 - 기타,승용,남,67세,상해없음,이륜,남,21세,중상
택시사고,2021012600100172,2021년 1월 26일 11시,화요일,부산광역시 서구 동대신동2가,부상신고사고,0,0,0,1,차대차 - 추돌,안전거리미확보,젖음/습기,비,교차로 - 교차로부근,승용,남,63세,상해없음,이륜,남,17세,부상신고
택시사고,2021012600100173,2021년 1월 26일 11시,화요일,부산광역시 해운대구 우동,경상사고,0,0,1,0,차대사람 - 횡단중,안전운전불이행,젖음/습기,비,교차로 - 교차로부근,승용,남,67세,상해없음,보행자,여,20세,경상
택시사고,2021012600100514,2021년 1월 26일 21시,화요일,부산광역시 영도구 봉래동3가,경상사고,0,0,2,1,차대차 - 측면충돌,신호위반,건조,맑음,교차로 - 교차로안,승용,남,65세,상해없음,승용,여,41세,경상
택시사고,2021012700100061,2021년 1월 27일 08시,수요일,부산광역시 서구 동대신동3가,경상사고,0,0,1,0,차대사람 - 횡단중,안전운전불이행,건조,맑음,교차로 - 교차로부근,승용,남,75세,상해없음,보행자,여,66세,경상
택시사고,2021012700100228,2021년 1월 27일 14시,수요일,부산광역시 연제구 연산동,경상사고,0,0,1,0,차대차 - 기타,안전운전불이행,건조,맑음,단일로 - 기타,승용,남,63세,상해없음,이륜,남,31세,경상
택시사고,2021012700100492,2021년 1월 27일 21시,수요일,부산광역시 사하구 감천동,경상사고,0,0,1,0,차대차 - 측면충돌,안전운전불이행,건조,맑음,교차로 - 교차로안,승용,남,78세,상해없음,이륜,남,24세,경상
택시사고,2021012800100023,2021년 1월 28일 06시,목요일,부산광역시 부산진구 양정동,경상사고,0,0,1,0,차대차 - 측면충돌,안전거리미확보,건조,맑음,기타 - 기타,승용,남,39세,상해없음,화물,남,49세,상해없음
택시사고,2021012800100282,2021년 1월 28일 15시,목요일,부산광역시 사상구 모라동,경상사고,0,0,2,0,차대차 - 측면충돌,안전운전불이행,건조,맑음,교차로 - 교차로안,승용,남,66세,상해없음,승용,남,21세,경상
택시사고,2021012900100304,2021년 1월 29일 15시,금요일,부산광역시 해운대구 중동,경상사고,0,0,1,0,차대차 - 기타,기타,건조,맑음,교차로 - 교차로안,승용,남,62세,상해없음,이륜,남,57세,경상
택시사고,2021012900100407,2021년 1월 29일 18시,금요일,부산광역시 사하구 감천동,중상사고,0,1,0,0,차대차 - 기타,신호위반,건조,맑음,교차로 - 교차로안,승용,남,67세,상해없음,이륜,남,21세,중상
택시사고,2021012900100408,2021년 1월 29일 18시,금요일,부산광역시 사하구 장림동,경상사고,0,0,1,0,차대차 - 기타,안전운전불이행,건조,맑음,교차로 - 교차로부근,승용,남,67세,상해없음,승용,남,64세,상해없음
택시사고,2021013000100496,2021년 1월 30일 21시,토요일,부산광역시 사하구 다대동,중상사고,0,1,5,0,차대차 - 측면충돌,안전운전불이행,건조,맑음,단일로 - 지하차도(도로)내,승용,남,63세,상해없음,승용,남,65세,상해없음
택시사고,2021013100100014,2021년 1월 31일 01시,일요일,부산광역시 동래구 명륜동,중상사고,0,1,0,0,차대차 - 측면충돌,안전운전불이행,건조,맑음,단일로 - 기타,승용,남,69세,상해없음,이륜,남,38세,중상
택시사고,2021013100100084,2021년 1월 31일 11시,일요일,부산광역시 기장군 기장읍,중상사고,0,1,0,0,차대차 - 기타,안전운전불이행,건조,맑음,교차로 - 교차로안,승용,남,53세,상해없음,이륜,남,39세,중상
택시사고,2021013100100295,2021년 1월 31일 19시,일요일,부산광역시 금정구 장전동,중상사고,0,1,0,0,차대사람 - 횡단중,안전운전불이행,건조,맑음,교차로 - 교차로부근,승용,남,46세,상해없음,보행자,남,69세,중상
택시사고,2021020100100042,2021년 2월 1일 07시,월요일,부산광역시 해운대구 반송동,경상사고,0,0,1,0,차대사람 - 기타,보행자보호의무위반,젖음/습기,비,교차로 - 교차로횡단보도내,승용,남,65세,상해없음,보행자,여,66세,경상
택시사고,2021020100100073,2021년 2월 1일 08시,월요일,부산광역시 사하구 당리동,경상사고,0,0,1,1,차대차 - 측면충돌,안전거리미확보,젖음/습기,맑음,교차로 - 교차로안,승용,남,61세,상해없음,승용,여,37세,경상
택시사고,2021020200100286,2021년 2월 2일 16시,화요일,부산광역시 수영구 남천동,중상사고,0,1,0,0,차량단독 - 기타,안전운전불이행,건조,맑음,단일로 - 기타,승용,남,71세,상해없음,,,,
택시사고,2021020300100138,2021년 2월 3일 11시,수요일,부산광역시 금정구 부곡동,경상사고,0,0,1,0,차대차 - 기타,안전거리미확보,건조,맑음,단일로 - 기타,승용,남,64세,상해없음,이륜,남,36세,경상
택시사고,2021020300100477,2021년 2월 3일 20시,수요일,부산광역시 동구 좌천동,경상사고,0,0,1,0,차대차 - 기타,안전거리미확보,건조,맑음,교차로 - 교차로부근,승용,남,73세,상해없음,승용,남,36세,경상
택시사고,2021020400100264,2021년 2월 4일 13시,목요일,부산광역시 부산진구 개금동,경상사고,0,0,2,0,차대차 - 기타,안전거리미확보,건조,맑음,교차로 - 교차로부근,승용,남,75세,상해없음,승용,남,42세,경상
택시사고,2021020400100333,2021년 2월 4일 15시,목요일,부산광역시 동구 수정동,경상사고,0,0,1,0,차대차 - 기타,안전거리미확보,건조,맑음,교차로 - 교차로부근,승용,남,73세,상해없음,승용,여,29세,경상
택시사고,2021020500100332,2021년 2월 5일 16시,금요일,부산광역시 부산진구 범천동,경상사고,0,0,2,0,차대차 - 추돌,안전운전불이행,건조,맑음,단일로 - 기타,승용,남,75세,상해없음,승용,남,20세,경상
택시사고,2021020600100076,2021년 2월 6일 10시,토요일,부산광역시 해운대구 우동,경상사고,0,0,1,0,차대차 - 추돌,안전운전불이행,건조,맑음,교차로 - 교차로부근,승용,남,53세,기타불명,승용,여,57세,경상
택시사고,2021020900100446,2021년 2월 9일 17시,화요일,부산광역시 기장군 기장읍,중상사고,0,1,0,0,차대차 - 추돌,안전운전불이행,건조,맑음,단일로 - 기타,승용,남,60세,상해없음,승용,남,49세,중상
택시사고,2021020900100557,2021년 2월 9일 19시,화요일,부산광역시 연제구 연산동,경상사고,0,0,1,0,차대차 - 추돌,안전거리미확보,건조,맑음,단일로 - 기타,승용,남,65세,상해없음,승용,남,58세,경상
택시사고,2021020900100658,2021년 2월 9일 21시,화요일,부산광역시 사하구 신평동,경상사고,0,0,1,0,차대차 - 추돌,안전거리미확보,건조,맑음,교차로 - 교차로부근,승용,남,67세,상해없음,이륜,남,17세,경상
택시사고,2021021000100007,2021년 2월 10일 00시,수요일,부산광역시 강서구 명지동,중상사고,0,1,2,0,차대차 - 기타,신호위반,건조,맑음,교차로 - 교차로안,승용,남,61세,상해없음,승용,남,36세,중상
택시사고,2021021000100616,2021년 2월 10일 20시,수요일,부산광역시 수영구 광안동,경상사고,0,0,1,0,차대차 - 기타,교차로운행방법위반,건조,맑음,교차로 - 교차로안,승용,남,70세,상해없음,승용,남,22세,경상
택시사고,2021021000100713,2021년 2월 10일 22시,수요일,부산광역시 북구 구포동,경상사고,0,0,1,0,차대차 - 기타,교차로운행방법위반,건조,맑음,교차로 - 교차로부근,승용,남,55세,상해없음,이륜,남,28세,경상
택시사고,2021021100100001,2021년 2월 11일 00시,목요일,부산광역시 사하구 감천동,경상사고,0,0,1,0,차대차 - 기타,신호위반,건조,맑음,교차로 - 교차로안,승용,남,68세,상해없음,자전거,남,17세,경상
택시사고,2021021100100034,2021년 2월 11일 03시,목요일,부산광역시 부산진구 양정동,중상사고,0,1,0,0,차대차 - 기타,신호위반,건조,맑음,교차로 - 교차로안,승용,남,58세,상해없음,이륜,남,27세,중상
택시사고,2021021100100343,2021년 2월 11일 22시,목요일,부산광역시 부산진구 개금동,경상사고,0,0,2,0,차대차 - 측면충돌,신호위반,건조,맑음,교차로 - 교차로안,승용,남,63세,경상,이륜,남,24세,경상
택시사고,2021021200100037,2021년 2월 12일 09시,금요일,부산광역시 서구 부용동1가,경상사고,0,0,2,1,차대차 - 기타,교차로운행방법위반,건조,맑음,교차로 - 교차로안,승용,남,69세,부상신고,승용,남,46세,경상
택시사고,2021021200100038,2021년 2월 12일 09시,금요일,부산광역시 금정구 금사동,경상사고,0,0,1,0,차대차 - 측면충돌,직진우회전진행방해,건조,맑음,교차로 - 교차로안,승용,남,51세,상해없음,승용,남,28세,경상
택시사고,2021021200100271,2021년 2월 12일 22시,금요일,부산광역시 기장군 기장읍,중상사고,0,1,0,0,차대차 - 측면충돌,안전운전불이행,건조,맑음,교차로 - 교차로안,승용,남,49세,상해없음,이륜,남,33세,중상
택시사고,2021021300100002,2021년 2월 13일 00시,토요일,부산광역시 연제구 연산동,경상사고,0,0,1,0,차대사람 - 차도통행중,안전운전불이행,건조,맑음,단일로 - 기타,승용,남,63세,상해없음,보행자,남,31세,경상
택시사고,2021021300100056,2021년 2월 13일 11시,토요일,부산광역시 부산진구 부전동,중상사고,0,1,0,0,차대차 - 측면충돌,기타,건조,맑음,교차로 - 교차로안,승용,남,57세,상해없음,원동기,남,25세,중상
택시사고,2.02102E+15,2021년 2월 13일 13시,토요일,부산광역시 북구 덕천동,경상사고,0,0,1,0,차대사람 - 차도통행중,안전운전불이행,건조,맑음,교차로 - 교차로안,승용,남,68세,상해없음,보행자,남,37세,경상
택시사고,2021021500100117,2021년 2월 15일 11시,월요일,부산광역시 사하구 하단동,중상사고,0,2,0,0,차대차 - 측면충돌,안전운전불이행,건조,맑음,단일로 - 기타,승용,남,57세,상해없음,승용,여,31세,중상
택시사고,2021021500100434,2021년 2월 15일 21시,월요일,부산광역시 연제구 연산동,경상사고,0,0,1,0,차대사람 - 기타,안전운전불이행,건조,맑음,단일로 - 기타,승용,남,62세,상해없음,보행자,남,38세,경상
택시사고,2021021500100472,2021년 2월 15일 23시,월요일,부산광역시 연제구 거제동,중상사고,0,1,1,0,차대차 - 측면충돌,신호위반,건조,맑음,교차로 - 교차로안,승용,남,69세,상해없음,승용,남,71세,경상
택시사고,2021021600100227,2021년 2월 16일 14시,화요일,부산광역시 부산진구 부전동,경상사고,0,0,1,0,차대사람 - 기타,안전운전불이행,건조,맑음,단일로 - 기타,승용,남,77세,상해없음,보행자,남,50세,경상
택시사고,2.02102E+15,2021년 2월 16일 15시,화요일,부산광역시 수영구 수영동,경상사고,0,0,1,0,차대차 - 추돌,안전운전불이행,건조,맑음,단일로 - 기타,승용,남,65세,상해없음,승용,여,33세,경상
택시사고,2021021700100489,2021년 2월 17일 20시,수요일,부산광역시 기장군 기장읍,경상사고,0,0,2,0,차대차 - 측면충돌,기타,건조,맑음,교차로 - 교차로안,승용,남,61세,상해없음,승용,여,37세,경상
택시사고,2021021900100069,2021년 2월 19일 08시,금요일,부산광역시 해운대구 우동,중상사고,0,1,2,0,차대차 - 추돌,안전거리미확보,건조,맑음,단일로 - 터널,승용,남,66세,경상,승용,남,42세,상해없음
택시사고,2021021900100106,2021년 2월 19일 09시,금요일,부산광역시 동래구 안락동,경상사고,0,0,1,0,차대차 - 측면충돌,차로위반,건조,맑음,단일로 - 기타,승용,남,63세,상해없음,승용,남,67세,상해없음
택시사고,2021021900100215,2021년 2월 19일 12시,금요일,부산광역시 해운대구 우동,중상사고,0,1,1,0,차대차 - 기타,기타,건조,맑음,교차로 - 교차로안,승용,남,50세,경상,이륜,남,19세,중상
택시사고,2.02102E+15,2021년 2월 19일 15시,금요일,부산광역시 기장군 기장읍,경상사고,0,0,1,0,차대차 - 측면충돌,중앙선침범,건조,맑음,단일로 - 기타,승용,남,72세,기타불명,승용,남,47세,경상
택시사고,2021021900100636,2021년 2월 19일 21시,금요일,부산광역시 부산진구 가야동,경상사고,0,0,1,0,차량단독 - 기타,안전운전불이행,건조,맑음,단일로 - 기타,승용,남,56세,상해없음,,,,
택시사고,2021022000100018,2021년 2월 20일 01시,토요일,부산광역시 해운대구 중동,중상사고,0,1,0,0,차대차 - 추돌,안전거리미확보,건조,맑음,교차로 - 교차로안,승용,남,63세,상해없음,이륜,남,46세,중상
택시사고,2021022000100019,2021년 2월 20일 01시,토요일,부산광역시 사하구 감천동,경상사고,0,0,1,0,차대차 - 측면충돌,신호위반,건조,기타,교차로 - 교차로안,승용,남,64세,상해없음,이륜,남,20세,경상
택시사고,2021022000100454,2021년 2월 20일 20시,토요일,부산광역시 영도구 봉래동4가,경상사고,0,0,1,0,차대차 - 측면충돌,직진우회전진행방해,건조,맑음,교차로 - 교차로안,승용,남,59세,상해없음,이륜,남,49세,경상
택시사고,2021022100100012,2021년 2월 21일 01시,일요일,부산광역시 부산진구 전포동,경상사고,0,0,2,0,차대차 - 추돌,안전거리미확보,건조,맑음,단일로 - 터널,승용,남,66세,상해없음,승용,남,70세,경상
택시사고,2021022200100017,2021년 2월 22일 04시,월요일,부산광역시 수영구 광안동,중상사고,0,1,0,0,차대차 - 측면충돌,신호위반,건조,맑음,교차로 - 교차로안,승용,남,65세,상해없음,승용,남,26세,중상
택시사고,2021022200100311,2021년 2월 22일 15시,월요일,부산광역시 동래구 온천동,경상사고,0,0,1,0,차대차 - 측면충돌,안전거리미확보,건조,맑음,단일로 - 기타,승용,남,64세,상해없음,승용,남,30세,경상
택시사고,2021022300100047,2021년 2월 23일 07시,화요일,부산광역시 부산진구 양정동,경상사고,0,0,1,0,차대차 - 추돌,안전운전불이행,건조,맑음,단일로 - 기타,승용,남,58세,상해없음,승용,남,47세,경상
택시사고,2021022300100294,2021년 2월 23일 15시,화요일,부산광역시 중구 동광동5가,경상사고,0,0,1,0,차대차 - 측면충돌,신호위반,건조,맑음,단일로 - 기타,승용,남,53세,상해없음,이륜,남,18세,경상
택시사고,2.02102E+15,2021년 2월 23일 18시,화요일,부산광역시 동구 초량동,경상사고,0,0,1,0,차대차 - 측면충돌,안전거리미확보,건조,맑음,단일로 - 기타,승용,남,66세,상해없음,이륜,남,36세,경상
택시사고,2021022400100113,2021년 2월 24일 10시,수요일,부산광역시 사상구 주례동,경상사고,0,0,1,0,차대차 - 측면충돌,안전운전불이행,건조,맑음,교차로 - 교차로안,승용,남,69세,기타불명,이륜,남,46세,경상
택시사고,2.02102E+15,2021년 2월 24일 17시,수요일,부산광역시 동래구 명장동,경상사고,0,0,1,0,차대사람 - 횡단중,안전운전불이행,건조,맑음,단일로 - 기타,승용,남,65세,기타불명,보행자,남,19세,경상
택시사고,2021022400100434,2021년 2월 24일 20시,수요일,부산광역시 기장군 일광면,경상사고,0,0,4,0,차대차 - 추돌,안전운전불이행,건조,맑음,교차로 - 교차로안,승용,남,57세,상해없음,승용,남,60세,경상
택시사고,2021022400100521,2021년 2월 24일 23시,수요일,부산광역시 사상구 주례동,경상사고,0,0,1,0,차대차 - 측면충돌,신호위반,건조,맑음,교차로 - 교차로안,승용,남,62세,상해없음,승용,남,68세,경상
택시사고,2021022500100003,2021년 2월 25일 00시,목요일,부산광역시 서구 서대신동2가,부상신고사고,0,0,0,1,차량단독 - 공작물충돌,안전운전불이행,건조,맑음,단일로 - 터널,승용,남,53세,상해없음,,,,
택시사고,2021022500100152,2021년 2월 25일 12시,목요일,부산광역시 중구 대청동3가,경상사고,0,0,1,0,차대차 - 측면충돌,안전운전불이행,건조,맑음,교차로 - 교차로안,승용,남,61세,상해없음,이륜,남,50세,경상
택시사고,2021022500100304,2021년 2월 25일 17시,목요일,부산광역시 수영구 민락동,경상사고,0,0,1,0,차대사람 - 보도통행중,보행자보호의무위반,건조,맑음,교차로 - 교차로횡단보도내,승용,남,50세,상해없음,보행자,여,29세,경상
택시사고,2021022600100002,2021년 2월 26일 00시,금요일,부산광역시 서구 서대신동2가,경상사고,0,0,1,0,차대차 - 추돌,안전거리미확보,젖음/습기,비,교차로 - 교차로부근,승용,남,52세,상해없음,승용,남,65세,상해없음
택시사고,2021022600100304,2021년 2월 26일 15시,금요일,부산광역시 동구 초량동,경상사고,0,0,1,0,차대차 - 측면충돌,안전운전불이행,건조,맑음,기타 - 기타,승용,남,68세,상해없음,승용,남,26세,경상
택시사고,2021022600100469,2021년 2월 26일 19시,금요일,부산광역시 서구 부용동1가,부상신고사고,0,0,0,1,차대차 - 추돌,안전운전불이행,건조,맑음,교차로 - 교차로부근,승용,남,67세,상해없음,승용,남,57세,부상신고
택시사고,2021022700100242,2021년 2월 27일 14시,토요일,부산광역시 동래구 명륜동,경상사고,0,0,2,0,차대차 - 기타,안전거리미확보,건조,맑음,단일로 - 기타,승용,남,66세,경상,승용,남,24세,경상
택시사고,2021022700100348,2021년 2월 27일 17시,토요일,부산광역시 동구 초량동,중상사고,0,1,0,0,차대차 - 추돌,안전운전불이행,건조,맑음,단일로 - 기타,승용,남,58세,상해없음,승용,남,66세,상해없음
택시사고,2021022800100005,2021년 2월 28일 00시,일요일,부산광역시 동구 범일동,경상사고,0,0,1,0,차대사람 - 차도통행중,안전운전불이행,건조,맑음,단일로 - 기타,승용,남,59세,상해없음,보행자,남,51세,경상
택시사고,2021022800100015,2021년 2월 28일 01시,일요일,부산광역시 사하구 하단동,중상사고,0,1,0,0,차대사람 - 기타,안전운전불이행,건조,맑음,단일로 - 기타,승용,남,65세,상해없음,보행자,여,77세,중상
택시사고,2021030100100021,2021년 3월 1일 03시,월요일,부산광역시 연제구 거제동,부상신고사고,0,0,0,1,차대차 - 기타,신호위반,건조,맑음,단일로 - 기타,승용,남,60세,상해없음,이륜,남,21세,부상신고
택시사고,2021030100100449,2021년 3월 1일 23시,월요일,부산광역시 동래구 칠산동,중상사고,0,1,0,0,차대사람 - 횡단중,안전운전불이행,젖음/습기,비,단일로 - 기타,승용,남,50세,상해없음,보행자,남,64세,중상
택시사고,2021030200100474,2021년 3월 2일 21시,화요일,부산광역시 수영구 민락동,경상사고,0,0,1,1,차대차 - 기타,교차로운행방법위반,건조,맑음,교차로 - 교차로안,승용,남,69세,부상신고,이륜,남,29세,경상
택시사고,2021030300100271,2021년 3월 3일 14시,수요일,부산광역시 서구 토성동1가,중상사고,0,1,0,0,차대차 - 기타,신호위반,건조,맑음,교차로 - 교차로안,승용,남,69세,상해없음,승용,남,55세,중상
택시사고,2.02103E+15,2021년 3월 4일 01시,목요일,부산광역시 동래구 안락동,경상사고,0,0,2,0,차대차 - 측면충돌,신호위반,건조,맑음,교차로 - 교차로안,승용,남,58세,상해없음,승용,남,56세,경상
택시사고,2021030400100019,2021년 3월 4일 03시,목요일,부산광역시 연제구 연산동,경상사고,0,0,2,0,차대차 - 측면충돌,신호위반,건조,맑음,교차로 - 교차로부근,승용,남,65세,경상,원동기,남,26세,경상
택시사고,2021030400100021,2021년 3월 4일 04시,목요일,부산광역시 남구 대연동,경상사고,0,0,1,0,차대사람 - 기타,안전운전불이행,건조,맑음,교차로 - 교차로안,승용,남,68세,상해없음,보행자,남,41세,경상
택시사고,2021030400100308,2021년 3월 4일 17시,목요일,부산광역시 해운대구 우동,경상사고,0,0,1,0,차대차 - 기타,교차로운행방법위반,젖음/습기,비,교차로 - 교차로안,승용,남,69세,상해없음,승용,여,34세,경상
택시사고,2.02103E+15,2021년 3월 4일 19시,목요일,부산광역시 중구 중앙동5가,경상사고,0,0,1,0,차대차 - 측면충돌,안전거리미확보,젖음/습기,비,교차로 - 교차로부근,승용,남,74세,상해없음,이륜,남,39세,경상
택시사고,2021030400100381,2021년 3월 4일 19시,목요일,부산광역시 사상구 모라동,중상사고,0,1,0,0,차대차 - 측면충돌,차로위반,건조,맑음,단일로 - 기타,승용,남,54세,상해없음,이륜,남,33세,중상
택시사고,2021030400100453,2021년 3월 4일 21시,목요일,부산광역시 연제구 거제동,경상사고,0,0,2,0,차대차 - 기타,안전거리미확보,젖음/습기,비,단일로 - 기타,승용,남,69세,상해없음,승용,여,54세,경상
택시사고,2021030500100216,2021년 3월 5일 12시,금요일,부산광역시 동구 초량동,경상사고,0,0,1,0,차대차 - 추돌,안전운전불이행,건조,맑음,단일로 - 기타,승용,남,59세,상해없음,승용,남,30세,경상
택시사고,2021030600100135,2021년 3월 6일 11시,토요일,부산광역시 남구 문현동,경상사고,0,0,1,0,차대차 - 측면충돌,안전운전불이행,건조,맑음,단일로 - 기타,승용,남,62세,상해없음,이륜,남,23세,경상
택시사고,2021030600100161,2021년 3월 6일 12시,토요일,부산광역시 부산진구 부전동,중상사고,0,1,0,0,차대차 - 측면충돌,기타,건조,맑음,단일로 - 기타,승용,남,67세,상해없음,이륜,남,25세,중상