사고부문,사고번호,사고일시,요일,시군구,사고내용,사망자수,중상자수,경상자수,부상신고자수,사고유형,법규위반,노면상태,기상상태,도로형태,가해운전자 차종,가해운전자 성별,가해운전자 연령,가해운전자 상해정도,피해운전자 차종,피해운전자 성별,피해운전자 연령,피해운전자 상해정도
택시사고,2021030600100194,2021년 3월 6일 13시,토요일,부산광역시 북구 화명동,경상사고,0,0,1,0,차대차 - 기타,기타,건조,맑음,단일로 - 기타,승용,남,74세,상해없음,이륜,남,26세,경상
택시사고,2021030700100004,2021년 3월 7일 00시,일요일,부산광역시 부산진구 가야동,경상사고,0,0,5,0,차대차 - 측면충돌,신호위반,건조,맑음,교차로 - 교차로안,승용,남,69세,상해없음,승용,남,39세,경상
택시사고,2021030700100025,2021년 3월 7일 04시,일요일,부산광역시 부산진구 부전동,중상사고,0,1,1,0,차대차 - 추돌,기타,건조,맑음,교차로 - 교차로안,승용,남,64세,상해없음,승용,남,63세,중상
택시사고,2.02103E+15,2021년 3월 7일 16시,일요일,부산광역시 금정구 장전동,경상사고,0,0,2,0,차대차 - 추돌,안전거리미확보,건조,맑음,단일로 - 기타,승용,남,50세,상해없음,승용,남,58세,경상
택시사고,2021030700100295,2021년 3월 7일 19시,일요일,부산광역시 사하구 하단동,경상사고,0,0,1,0,차대차 - 기타,신호위반,건조,기타,교차로 - 교차로부근,승용,남,64세,상해없음,이륜,남,29세,경상
택시사고,2021030800100075,2021년 3월 8일 08시,월요일,부산광역시 남구 우암동,경상사고,0,0,1,0,차대차 - 측면충돌,안전운전불이행,건조,맑음,교차로 - 교차로안,승용,남,74세,상해없음,승용,남,59세,상해없음
택시사고,2.02103E+15,2021년 3월 8일 20시,월요일,부산광역시 북구 덕천동,경상사고,0,0,1,0,차대차 - 기타,안전운전불이행,건조,맑음,교차로 - 교차로안,승용,남,66세,상해없음,이륜,남,25세,경상
택시사고,2.02103E+15,2021년 3월 9일 11시,화요일,부산광역시 사상구 주례동,경상사고,0,0,3,1,차대차 - 기타,중앙선침범,건조,맑음,교차로 - 교차로안,승용,남,73세,부상신고,승용,남,64세,경상
택시사고,2021030900100241,2021년 3월 9일 14시,화요일,부산광역시 해운대구 재송동,경상사고,0,0,1,0,차대차 - 측면충돌,안전운전불이행,건조,맑음,교차로 - 교차로부근,승용,남,62세,상해없음,승용,여,31세,경상
택시사고,2021030900100401,2021년 3월 9일 19시,화요일,부산광역시 부산진구 범천동,중상사고,0,1,0,0,차대차 - 기타,차로위반,건조,맑음,단일로 - 기타,승용,남,66세,상해없음,이륜,남,23세,중상
택시사고,2021031000100265,2021년 3월 10일 14시,수요일,부산광역시 사하구 감천동,경상사고,0,0,1,0,차대차 - 기타,중앙선침범,건조,맑음,교차로 - 교차로부근,승용,남,62세,상해없음,이륜,남,35세,경상
택시사고,2021031000100267,2021년 3월 10일 14시,수요일,부산광역시 연제구 연산동,중상사고,0,1,0,0,차대차 - 기타,안전거리미확보,건조,맑음,교차로 - 교차로횡단보도내,승용,남,75세,상해없음,자전거,여,51세,중상
택시사고,2021031200100021,2021년 3월 12일 05시,금요일,부산광역시 사상구 덕포동,중상사고,0,1,0,0,차대차 - 측면충돌,기타,젖음/습기,비,단일로 - 기타,승용,남,65세,상해없음,화물,남,59세,상해없음
택시사고,2021031200100022,2021년 3월 12일 05시,금요일,부산광역시 기장군 정관읍,중상사고,0,1,0,0,차대차 - 기타,신호위반,젖음/습기,비,교차로 - 교차로안,승용,남,67세,상해없음,이륜,여,55세,중상
택시사고,2021031200100141,2021년 3월 12일 11시,금요일,부산광역시 연제구 연산동,경상사고,0,0,3,0,차대차 - 기타,교차로운행방법위반,건조,맑음,교차로 - 교차로안,승용,여,57세,경상,승용,남,62세,경상
택시사고,2021031200100207,2021년 3월 12일 13시,금요일,부산광역시 동래구 안락동,경상사고,0,0,1,0,차대차 - 추돌,안전운전불이행,건조,맑음,교차로 - 교차로부근,승용,남,73세,상해없음,승용,남,60세,경상
택시사고,2021031200100276,2021년 3월 12일 15시,금요일,부산광역시 서구 동대신동2가,경상사고,0,0,1,0,차대차 - 추돌,안전운전불이행,젖음/습기,비,단일로 - 터널,승용,남,64세,상해없음,승용,남,34세,경상
택시사고,2021031200100543,2021년 3월 12일 21시,금요일,부산광역시 부산진구 부전동,중상사고,0,1,0,0,차대사람 - 길가장자리구역통행중,안전운전불이행,건조,맑음,단일로 - 기타,승용,남,58세,상해없음,보행자,여,27세,중상
택시사고,2021031400100185,2021년 3월 14일 15시,일요일,부산광역시 동구 초량동,중상사고,0,1,0,0,차대차 - 측면충돌,안전운전불이행,건조,맑음,단일로 - 기타,승용,남,81세,상해없음,자전거,남,50세,중상
택시사고,2.02103E+15,2021년 3월 14일 18시,일요일,부산광역시 강서구 대저2동,경상사고,0,0,1,0,차대차 - 추돌,신호위반,건조,맑음,교차로 - 교차로안,승용,남,58세,상해없음,이륜,남,57세,경상
택시사고,2021031500100062,2021년 3월 15일 08시,월요일,부산광역시 남구 대연동,경상사고,0,0,1,0,차대차 - 측면충돌,신호위반,건조,맑음,단일로 - 터널,승용,남,65세,상해없음,승용,남,50세,경상
택시사고,2021031500100064,2021년 3월 15일 08시,월요일,부산광역시 부산진구 당감동,경상사고,0,0,1,0,차대차 - 기타,안전거리미확보,건조,맑음,교차로 - 교차로안,승용,남,59세,상해없음,승용,여,36세,경상
택시사고,2021031500100174,2021년 3월 15일 11시,월요일,부산광역시 동구 초량동,중상사고,0,1,0,0,차대사람 - 길가장자리구역통행중,안전운전불이행,건조,맑음,교차로 - 교차로안,승용,남,62세,상해없음,보행자,여,66세,중상
택시사고,2021031500100452,2021년 3월 15일 19시,월요일,부산광역시 동래구 명륜동,경상사고,0,0,2,0,차대차 - 기타,안전거리미확보,건조,맑음,단일로 - 기타,승용,남,66세,상해없음,승용,남,40세,경상
택시사고,2021031500100547,2021년 3월 15일 23시,월요일,부산광역시 북구 덕천동,중상사고,0,1,1,0,차대차 - 기타,신호위반,건조,맑음,교차로 - 교차로안,승용,남,57세,경상,원동기,남,35세,중상
택시사고,2021031500100548,2021년 3월 15일 23시,월요일,부산광역시 영도구 봉래동4가,경상사고,0,0,1,0,차대사람 - 차도통행중,안전운전불이행,건조,흐림,단일로 - 기타,승용,남,68세,상해없음,보행자,남,68세,경상
택시사고,2.02103E+15,2021년 3월 16일 18시,화요일,부산광역시 금정구 서동,중상사고,0,1,0,0,차대사람 - 횡단중,안전운전불이행,건조,맑음,교차로 - 교차로안,승용,남,61세,상해없음,보행자,여,79세,중상
택시사고,2021031600100484,2021년 3월 16일 19시,화요일,부산광역시 수영구 망미동,중상사고,0,1,0,0,차대사람 - 보도통행중,보행자보호의무위반,건조,맑음,교차로 - 교차로부근,승용,남,58세,상해없음,보행자,여,51세,중상
택시사고,2.02103E+15,2021년 3월 16일 23시,화요일,부산광역시 부산진구 부전동,경상사고,0,0,1,0,차대사람 - 길가장자리구역통행중,안전운전불이행,건조,맑음,단일로 - 기타,승용,남,63세,상해없음,보행자,남,25세,경상
택시사고,2021031700100068,2021년 3월 17일 08시,수요일,부산광역시 사하구 하단동,경상사고,0,0,1,0,차대사람 - 차도통행중,안전운전불이행,건조,맑음,단일로 - 기타,승용,남,70세,상해없음,보행자,남,27세,경상
택시사고,2021031700100255,2021년 3월 17일 14시,수요일,부산광역시 동래구 안락동,경상사고,0,0,5,0,차대차 - 기타,차로위반,건조,맑음,단일로 - 기타,승용,남,73세,상해없음,승용,여,39세,경상
택시사고,2021031700100256,2021년 3월 17일 14시,수요일,부산광역시 동래구 안락동,경상사고,0,0,2,0,차대차 - 기타,신호위반,건조,맑음,단일로 - 기타,승용,남,73세,상해없음,승용,남,30세,경상
택시사고,2021031700100572,2021년 3월 17일 23시,수요일,부산광역시 해운대구 우동,경상사고,0,0,1,0,차대차 - 측면충돌,신호위반,건조,맑음,교차로 - 교차로안,승용,남,64세,상해없음,이륜,남,25세,경상
택시사고,2021031800100005,2021년 3월 18일 00시,목요일,부산광역시 부산진구 전포동,경상사고,0,0,1,0,차대차 - 측면충돌,신호위반,건조,맑음,교차로 - 교차로안,승용,남,56세,상해없음,승용,남,20세,경상
택시사고,2.02103E+15,2021년 3월 18일 03시,목요일,부산광역시 부산진구 가야동,사망사고,1,0,0,0,차대사람 - 기타,기타,건조,맑음,단일로 - 기타,승용,남,68세,상해없음,보행자,여,58세,사망
택시사고,2.02103E+15,2021년 3월 18일 16시,목요일,부산광역시 강서구 명지동,중상사고,0,2,0,0,차대차 - 측면충돌,신호위반,건조,맑음,교차로 - 교차로안,승용,남,66세,상해없음,승용,여,65세,중상
택시사고,2.02103E+15,2021년 3월 18일 17시,목요일,부산광역시 남구 용호동,경상사고,0,0,1,0,차대차 - 측면충돌,안전거리미확보,건조,맑음,교차로 - 교차로부근,승용,남,71세,상해없음,승용,남,48세,경상
택시사고,2021031800100353,2021년 3월 18일 17시,목요일,부산광역시 금정구 노포동,부상신고사고,0,0,0,1,차대사람 - 기타,안전운전불이행,건조,맑음,단일로 - 기타,승용,남,51세,상해없음,보행자,남,68세,부상신고
택시사고,2021031800100516,2021년 3월 18일 23시,목요일,부산광역시 동래구 안락동,경상사고,0,0,2,0,차대차 - 기타,신호위반,건조,맑음,교차로 - 교차로안,승용,남,63세,상해없음,승합,남,51세,경상
택시사고,2021031900100001,2021년 3월 19일 00시,금요일,부산광역시 강서구 대저1동,경상사고,0,0,1,0,차대차 - 측면충돌,안전운전불이행,건조,맑음,단일로 - 기타,승용,남,61세,상해없음,승용,남,53세,경상
택시사고,2021031900100019,2021년 3월 19일 03시,금요일,부산광역시 영도구 영선동2가,경상사고,0,0,2,0,차대사람 - 횡단중,보행자보호의무위반,건조,흐림,교차로 - 교차로횡단보도내,승용,남,53세,상해없음,보행자,여,66세,경상
택시사고,2021031900100357,2021년 3월 19일 16시,금요일,부산광역시 금정구 노포동,경상사고,0,0,1,0,차대차 - 측면충돌,안전거리미확보,건조,맑음,단일로 - 기타,승용,남,57세,경상,승용,남,53세,상해없음
택시사고,2021031900100577,2021년 3월 19일 21시,금요일,부산광역시 부산진구 부전동,중상사고,0,1,0,0,차대사람 - 기타,보행자보호의무위반,건조,맑음,기타 - 기타,승용,남,65세,상해없음,보행자,여,44세,중상
택시사고,2021031900100646,2021년 3월 19일 23시,금요일,부산광역시 부산진구 개금동,경상사고,0,0,1,0,차대차 - 측면충돌,안전운전불이행,건조,맑음,기타 - 기타,승용,남,56세,상해없음,승용,남,66세,상해없음
택시사고,2021032000100042,2021년 3월 20일 06시,토요일,부산광역시 사하구 장림동,중상사고,0,1,0,0,차대사람 - 횡단중,신호위반,젖음/습기,비,교차로 - 교차로횡단보도내,승용,남,66세,상해없음,보행자,남,62세,중상
택시사고,2021032000100383,2021년 3월 20일 19시,토요일,부산광역시 서구 서대신동2가,경상사고,0,0,2,0,차대차 - 정면충돌,교차로운행방법위반,건조,맑음,교차로 - 교차로안,승용,남,54세,상해없음,승용,남,26세,상해없음
택시사고,2021032000100483,2021년 3월 20일 22시,토요일,부산광역시 부산진구 전포동,중상사고,0,2,4,0,차대차 - 측면충돌,신호위반,건조,흐림,교차로 - 교차로안,승용,남,76세,중상,승용,여,38세,경상
택시사고,2021032000100513,2021년 3월 20일 23시,토요일,부산광역시 사상구 엄궁동,경상사고,0,0,1,0,차량단독 - 기타,기타,건조,맑음,단일로 - 기타,승용,남,58세,상해없음,,,,
택시사고,2021032100100064,2021년 3월 21일 09시,일요일,부산광역시 연제구 거제동,경상사고,0,0,1,0,차대차 - 기타,교차로운행방법위반,건조,맑음,교차로 - 교차로부근,승용,남,63세,상해없음,자전거,남,68세,경상
택시사고,2.02103E+15,2021년 3월 21일 17시,일요일,부산광역시 중구 보수동1가,중상사고,0,1,0,0,차대차 - 기타,안전운전불이행,건조,맑음,단일로 - 기타,승용,남,75세,상해없음,이륜,남,55세,중상
택시사고,2021032200100314,2021년 3월 22일 15시,월요일,부산광역시 해운대구 재송동,중상사고,0,1,0,0,차대차 - 기타,안전운전불이행,건조,맑음,단일로 - 기타,승용,남,73세,상해없음,이륜,남,37세,중상
택시사고,2021032200100529,2021년 3월 22일 21시,월요일,부산광역시 부산진구 연지동,경상사고,0,0,1,0,차대사람 - 횡단중,보행자보호의무위반,건조,맑음,교차로 - 교차로횡단보도내,승용,남,69세,상해없음,보행자,여,26세,경상
택시사고,2.02103E+15,2021년 3월 23일 03시,화요일,부산광역시 강서구 명지동,경상사고,0,0,1,0,차량단독 - 기타,안전운전불이행,건조,맑음,단일로 - 기타,승용,남,63세,상해없음,,,,
택시사고,2021032300100183,2021년 3월 23일 12시,화요일,부산광역시 북구 구포동,부상신고사고,0,0,0,1,차대사람 - 기타,안전운전불이행,건조,맑음,단일로 - 기타,승용,남,76세,상해없음,보행자,남,74세,부상신고
택시사고,2021032300100517,2021년 3월 23일 21시,화요일,부산광역시 금정구 남산동,중상사고,0,1,0,0,차대사람 - 기타,보행자보호의무위반,건조,맑음,교차로 - 교차로안,승용,남,58세,상해없음,보행자,여,74세,중상
택시사고,2021032400100002,2021년 3월 24일 00시,수요일,부산광역시 부산진구 범천동,경상사고,0,0,1,0,차대차 - 측면충돌,안전운전불이행,건조,맑음,단일로 - 기타,승용,남,58세,상해없음,승용,남,34세,경상
택시사고,2021032400100297,2021년 3월 24일 15시,수요일,부산광역시 중구 광복동1가,경상사고,0,0,1,0,차대차 - 측면충돌,교차로운행방법위반,건조,맑음,교차로 - 교차로안,승용,남,65세,상해없음,이륜,남,29세,경상
택시사고,2021032400100512,2021년 3월 24일 21시,수요일,부산광역시 해운대구 재송동,중상사고,0,1,0,0,차대사람 - 기타,안전운전불이행,건조,맑음,단일로 - 기타,승용,남,50세,상해없음,보행자,남,55세,중상
택시사고,2021032400100556,2021년 3월 24일 23시,수요일,부산광역시 부산진구 초읍동,경상사고,0,0,1,0,차대사람 - 기타,안전운전불이행,건조,맑음,단일로 - 기타,승용,남,70세,상해없음,보행자,남,72세,경상
택시사고,2021032500100102,2021년 3월 25일 09시,목요일,부산광역시 영도구 동삼동,중상사고,0,1,0,0,차대사람 - 횡단중,보행자보호의무위반,건조,맑음,교차로 - 교차로부근,승용,남,72세,상해없음,보행자,여,52세,중상
택시사고,2021032500100128,2021년 3월 25일 10시,목요일,부산광역시 서구 서대신동2가,경상사고,0,0,1,0,차대차 - 측면충돌,안전거리미확보,건조,맑음,단일로 - 기타,승용,남,53세,상해없음,승용,남,44세,경상
택시사고,2021032500100229,2021년 3월 25일 13시,목요일,부산광역시 해운대구 우동,경상사고,0,0,2,0,차대차 - 측면충돌,안전운전불이행,건조,맑음,교차로 - 교차로안,승용,남,72세,상해없음,승용,남,26세,경상
택시사고,2021032500100581,2021년 3월 25일 22시,목요일,부산광역시 동구 초량동,경상사고,0,0,1,0,차량단독 - 기타,안전운전불이행,건조,맑음,단일로 - 기타,승용,남,72세,상해없음,,,,
택시사고,2021032600100497,2021년 3월 26일 19시,금요일,부산광역시 동구 초량동,경상사고,0,0,2,0,차대차 - 측면충돌,안전운전불이행,건조,맑음,단일로 - 기타,승용,남,58세,상해없음,승용,남,38세,경상
택시사고,2021032600100501,2021년 3월 26일 19시,금요일,부산광역시 부산진구 부암동,경상사고,0,0,1,0,차대차 - 측면충돌,안전거리미확보,건조,맑음,단일로 - 기타,승용,남,68세,상해없음,승용,여,54세,경상
택시사고,2.02103E+15,2021년 3월 27일 05시,토요일,부산광역시 남구 문현동,중상사고,0,1,0,0,차대차 - 추돌,안전운전불이행,젖음/습기,흐림,단일로 - 기타,승용,남,69세,상해없음,승용,남,56세,중상
택시사고,2021032700100254,2021년 3월 27일 14시,토요일,부산광역시 사하구 신평동,경상사고,0,0,1,0,차대차 - 기타,교차로운행방법위반,건조,맑음,교차로 - 교차로안,승용,남,63세,상해없음,승용,남,24세,경상
택시사고,2021032700100482,2021년 3월 27일 19시,토요일,부산광역시 부산진구 초읍동,경상사고,0,0,1,0,차대차 - 기타,기타,젖음/습기,비,교차로 - 교차로부근,승용,남,67세,상해없음,이륜,남,25세,경상
택시사고,2021032700100586,2021년 3월 27일 21시,토요일,부산광역시 사하구 하단동,경상사고,0,0,1,0,차대차 - 추돌,신호위반,젖음/습기,비,교차로 - 교차로안,승용,남,56세,상해없음,원동기,남,44세,경상
택시사고,2021032800100027,2021년 3월 28일 01시,일요일,부산광역시 수영구 망미동,중상사고,0,1,0,0,차량단독 - 기타,기타,젖음/습기,비,단일로 - 기타,승용,남,58세,상해없음,,,,
택시사고,2021032800100214,2021년 3월 28일 14시,일요일,부산광역시 사하구 괴정동,중상사고,0,2,0,0,차대차 - 측면충돌,교차로운행방법위반,건조,맑음,교차로 - 교차로안,승용,남,76세,상해없음,승용,여,49세,중상
택시사고,2021032900100088,2021년 3월 29일 08시,월요일,부산광역시 북구 구포동,부상신고사고,0,0,0,1,차대차 - 기타,안전운전불이행,건조,맑음,단일로 - 기타,승용,남,65세,상해없음,승합,남,48세,부상신고
택시사고,2021032900100318,2021년 3월 29일 14시,월요일,부산광역시 동구 초량동,중상사고,0,1,2,0,차대차 - 측면충돌,교차로운행방법위반,건조,맑음,교차로 - 교차로안,승용,남,67세,경상,승용,남,36세,중상
택시사고,2021032900100451,2021년 3월 29일 18시,월요일,부산광역시 부산진구 부전동,경상사고,0,0,1,0,차대차 - 측면충돌,안전운전불이행,건조,맑음,단일로 - 기타,승용,남,60세,상해없음,이륜,남,26세,경상
택시사고,2021032900100454,2021년 3월 29일 18시,월요일,부산광역시 금정구 구서동,중상사고,0,3,0,0,차대차 - 측면충돌,안전운전불이행,건조,맑음,교차로 - 교차로안,승용,남,60세,상해없음,승용,남,29세,중상
택시사고,2021032900100493,2021년 3월 29일 19시,월요일,부산광역시 수영구 망미동,경상사고,0,0,1,0,차대사람 - 기타,중앙선침범,건조,맑음,단일로 - 기타,승용,남,60세,상해없음,보행자,남,67세,경상
택시사고,2021032900100543,2021년 3월 29일 21시,월요일,부산광역시 부산진구 범천동,경상사고,0,0,2,0,차대차 - 추돌,교차로운행방법위반,건조,맑음,교차로 - 교차로안,승용,남,41세,상해없음,승용,여,47세,경상
택시사고,2021032900100575,2021년 3월 29일 22시,월요일,부산광역시 해운대구 우동,경상사고,0,0,1,0,차대차 - 측면충돌,안전운전불이행,건조,흐림,교차로 - 교차로부근,승용,남,66세,상해없음,승용,남,43세,경상
택시사고,2.02103E+15,2021년 3월 30일 22시,화요일,부산광역시 해운대구 우동,경상사고,0,0,1,1,차대차 - 측면충돌,신호위반,건조,맑음,단일로 - 기타,승용,남,65세,부상신고,승합,남,64세,상해없음
택시사고,2.02103E+15,2021년 3월 31일 04시,수요일,부산광역시 영도구 청학동,중상사고,0,1,0,0,차대차 - 측면충돌,직진우회전진행방해,건조,맑음,교차로 - 교차로안,승용,남,59세,상해없음,승용,남,62세,중상
택시사고,2021033100100119,2021년 3월 31일 09시,수요일,부산광역시 해운대구 재송동,부상신고사고,0,0,0,1,차대차 - 측면충돌,차로위반,건조,맑음,단일로 - 기타,승용,남,53세,상해없음,승용,여,49세,상해없음
택시사고,2.02103E+15,2021년 3월 31일 09시,수요일,부산광역시 부산진구 부암동,경상사고,0,0,1,0,차대차 - 추돌,안전운전불이행,건조,맑음,단일로 - 기타,승용,남,63세,상해없음,승용,남,56세,경상
택시사고,2021040100100118,2021년 4월 1일 09시,목요일,부산광역시 동래구 명장동,경상사고,0,0,1,0,차대차 - 측면충돌,안전운전불이행,건조,맑음,교차로 - 교차로부근,승용,남,66세,상해없음,승용,여,57세,경상
택시사고,2021040100100119,2021년 4월 1일 09시,목요일,부산광역시 부산진구 부암동,중상사고,0,1,0,0,차대사람 - 횡단중,안전운전불이행,건조,맑음,교차로 - 교차로횡단보도내,승용,남,59세,상해없음,보행자,남,78세,중상
택시사고,2021040100100153,2021년 4월 1일 10시,목요일,부산광역시 연제구 연산동,경상사고,0,0,1,0,차대차 - 추돌,안전운전불이행,건조,맑음,단일로 - 기타,승용,남,63세,상해없음,승용,남,38세,경상
택시사고,2021040100100181,2021년 4월 1일 11시,목요일,부산광역시 북구 만덕동,경상사고,0,0,2,0,차대사람 - 횡단중,보행자보호의무위반,건조,맑음,교차로 - 교차로횡단보도내,승용,남,52세,상해없음,보행자,여,78세,경상
택시사고,2.02104E+15,2021년 4월 1일 15시,목요일,부산광역시 강서구 명지동,중상사고,0,2,0,0,차대사람 - 기타,안전운전불이행,건조,맑음,단일로 - 기타,승용,남,71세,상해없음,보행자,여,70세,중상
택시사고,2021040300100051,2021년 4월 3일 06시,토요일,부산광역시 금정구 부곡동,경상사고,0,0,1,0,차대차 - 측면충돌,직진우회전진행방해,건조,맑음,교차로 - 교차로안,승용,남,63세,상해없음,승용,남,34세,경상
택시사고,2021040300100085,2021년 4월 3일 09시,토요일,부산광역시 부산진구 전포동,경상사고,0,0,1,0,차대사람 - 횡단중,신호위반,건조,맑음,단일로 - 기타,승용,남,72세,상해없음,보행자,여,51세,경상
택시사고,2021040300100107,2021년 4월 3일 10시,토요일,부산광역시 부산진구 가야동,중상사고,0,1,0,0,차대사람 - 기타,기타,건조,맑음,단일로 - 기타,승용,남,63세,상해없음,보행자,여,79세,중상
택시사고,2.02104E+15,2021년 4월 4일 09시,일요일,부산광역시 금정구 부곡동,경상사고,0,0,1,0,차대차 - 측면충돌,안전운전불이행,젖음/습기,비,교차로 - 교차로안,승용,남,72세,상해없음,승용,남,60세,경상
택시사고,2021040400100102,2021년 4월 4일 11시,일요일,부산광역시 연제구 연산동,경상사고,0,0,1,0,차대차 - 기타,차로위반,건조,맑음,단일로 - 기타,승용,남,67세,상해없음,승용,여,37세,경상
택시사고,2021040400100145,2021년 4월 4일 13시,일요일,부산광역시 해운대구 우동,경상사고,0,0,5,0,차대차 - 추돌,안전운전불이행,건조,맑음,단일로 - 기타,승용,남,67세,상해없음,승용,남,45세,경상
택시사고,2021040400100355,2021년 4월 4일 20시,일요일,부산광역시 동구 범일동,경상사고,0,0,2,0,차량단독 - 기타,안전운전불이행,건조,맑음,교차로 - 교차로부근,승용,남,66세,상해없음,,,,
택시사고,2021040500100088,2021년 4월 5일 08시,월요일,부산광역시 금정구 구서동,경상사고,0,0,1,0,차대차 - 측면충돌,안전거리미확보,건조,맑음,단일로 - 기타,승용,남,66세,상해없음,승용,남,49세,경상
택시사고,2.02104E+15,2021년 4월 5일 13시,월요일,부산광역시 서구 토성동5가,중상사고,0,1,0,0,차대차 - 측면충돌,직진우회전진행방해,건조,맑음,교차로 - 교차로안,승용,남,63세,상해없음,원동기,남,38세,중상
택시사고,2021040500100273,2021년 4월 5일 13시,월요일,부산광역시 기장군 일광면,경상사고,0,0,1,0,차대차 - 측면충돌,신호위반,건조,맑음,교차로 - 교차로횡단보도내,승용,남,57세,상해없음,이륜,남,41세,경상
택시사고,2021040500100355,2021년 4월 5일 15시,월요일,부산광역시 영도구 봉래동5가,경상사고,0,0,1,1,차대차 - 추돌,안전거리미확보,건조,맑음,단일로 - 기타,승용,남,69세,상해없음,승용,남,43세,경상
택시사고,2021040500100357,2021년 4월 5일 15시,월요일,부산광역시 부산진구 부전동,경상사고,0,0,1,0,차대차 - 추돌,안전운전불이행,건조,맑음,교차로 - 교차로안,승용,남,73세,상해없음,이륜,남,36세,경상
택시사고,2021040500100447,2021년 4월 5일 17시,월요일,부산광역시 연제구 연산동,중상사고,0,1,0,0,차대사람 - 기타,안전운전불이행,건조,맑음,단일로 - 기타,승용,남,74세,상해없음,보행자,여,71세,중상
택시사고,2021040600100006,2021년 4월 6일 01시,화요일,부산광역시 수영구 남천동,경상사고,0,0,1,0,차대차 - 기타,안전거리미확보,건조,맑음,단일로 - 기타,승용,남,55세,상해없음,승용,남,63세,경상
택시사고,2021040600100164,2021년 4월 6일 11시,화요일,부산광역시 부산진구 부전동,경상사고,0,0,1,0,차대사람 - 횡단중,보행자보호의무위반,건조,맑음,단일로 - 기타,승용,남,56세,상해없음,보행자,남,60세,경상
택시사고,2021040700100004,2021년 4월 7일 00시,수요일,부산광역시 부산진구 부전동,중상사고,0,1,0,0,차대차 - 기타,신호위반,건조,맑음,교차로 - 교차로안,승용,남,69세,상해없음,자전거,남,61세,중상
택시사고,2021040700100313,2021년 4월 7일 15시,수요일,부산광역시 동래구 낙민동,경상사고,0,0,1,0,차대사람 - 횡단중,안전운전불이행,건조,맑음,교차로 - 교차로안,승용,남,68세,상해없음,보행자,남,74세,경상
택시사고,2021040800100579,2021년 4월 8일 21시,목요일,부산광역시 연제구 연산동,경상사고,0,0,1,0,차대차 - 기타,기타,건조,맑음,단일로 - 기타,승용,남,71세,상해없음,자전거,남,28세,경상
택시사고,2021040900100261,2021년 4월 9일 13시,금요일,부산광역시 해운대구 우동,경상사고,0,0,2,0,차량단독 - 기타,안전운전불이행,건조,맑음,단일로 - 터널,승용,남,65세,상해없음,,,,
택시사고,2021040900100416,2021년 4월 9일 17시,금요일,부산광역시 수영구 남천동,경상사고,0,0,1,0,차대차 - 측면충돌,안전운전불이행,건조,맑음,단일로 - 기타,승용,남,69세,상해없음,승용,여,27세,경상
택시사고,2021041000100454,2021년 4월 10일 18시,토요일,부산광역시 연제구 연산동,경상사고,0,0,1,0,차대차 - 추돌,안전운전불이행,건조,맑음,교차로 - 교차로부근,승용,남,67세,상해없음,이륜,남,56세,경상
택시사고,2021041000100493,2021년 4월 10일 19시,토요일,부산광역시 남구 대연동,중상사고,0,1,0,0,차대사람 - 횡단중,보행자보호의무위반,건조,맑음,교차로 - 교차로횡단보도내,승용,남,65세,상해없음,보행자,여,66세,중상
택시사고,2021041100100002,2021년 4월 11일 00시,일요일,부산광역시 부산진구 양정동,경상사고,0,0,1,0,차대차 - 기타,안전운전불이행,건조,기타,교차로 - 교차로부근,승용,남,65세,상해없음,승용,남,61세,상해없음
택시사고,2021041100100088,2021년 4월 11일 10시,일요일,부산광역시 수영구 민락동,경상사고,0,0,1,0,차대사람 - 횡단중,신호위반,건조,맑음,단일로 - 기타,승용,남,59세,상해없음,보행자,남,8세,경상
택시사고,2021041100100458,2021년 4월 11일 21시,일요일,부산광역시 북구 화명동,중상사고,0,1,0,0,차대사람 - 차도통행중,안전운전불이행,건조,맑음,교차로 - 교차로부근,승용,남,66세,상해없음,보행자,남,20세,중상
택시사고,2021041200100108,2021년 4월 12일 09시,월요일,부산광역시 부산진구 초읍동,경상사고,0,0,1,0,차대차 - 측면충돌,차로위반,젖음/습기,비,단일로 - 기타,승용,남,62세,상해없음,화물,남,53세,경상
택시사고,2021041200100259,2021년 4월 12일 14시,월요일,부산광역시 북구 덕천동,중상사고,0,1,0,0,차대차 - 측면충돌,안전운전불이행,건조,흐림,교차로 - 교차로안,승용,남,71세,상해없음,이륜,남,46세,중상
택시사고,2.02104E+15,2021년 4월 13일 21시,화요일,부산광역시 해운대구 재송동,중상사고,0,1,0,0,차대차 - 측면충돌,신호위반,건조,맑음,교차로 - 교차로안,승용,남,63세,상해없음,이륜,남,39세,중상
택시사고,2021041400100018,2021년 4월 14일 05시,수요일,부산광역시 해운대구 우동,중상사고,0,1,0,0,차대차 - 측면충돌,안전운전불이행,건조,맑음,교차로 - 교차로부근,승용,남,77세,상해없음,기타불명,남,64세,중상
택시사고,2021041400100036,2021년 4월 14일 07시,수요일,부산광역시 수영구 망미동,경상사고,0,0,1,0,차대차 - 기타,차로위반,건조,맑음,단일로 - 기타,승용,남,65세,상해없음,승용,남,38세,경상
택시사고,2021041400100483,2021년 4월 14일 20시,수요일,부산광역시 중구 부평동4가,경상사고,0,0,2,0,차대차 - 측면충돌,안전운전불이행,건조,맑음,교차로 - 교차로안,승용,남,67세,상해없음,승용,남,64세,상해없음
택시사고,2021041500100486,2021년 4월 15일 19시,목요일,부산광역시 남구 대연동,중상사고,0,1,1,0,차대차 - 기타,안전운전불이행,건조,맑음,단일로 - 기타,승용,남,64세,상해없음,승합,남,64세,상해없음