사고부문,사고번호,사고일시,요일,시군구,사고내용,사망자수,중상자수,경상자수,부상신고자수,사고유형,법규위반,노면상태,기상상태,도로형태,가해운전자 차종,가해운전자 성별,가해운전자 연령,가해운전자 상해정도,피해운전자 차종,피해운전자 성별,피해운전자 연령,피해운전자 상해정도
택시사고,2021060100100213,2021년 6월 1일 12시,화요일,부산광역시 동구 수정동,경상사고,0,0,1,0,차대차 - 기타,안전운전불이행,건조,맑음,단일로 - 기타,승용,남,65세,상해없음,이륜,남,58세,경상
택시사고,2021060100100246,2021년 6월 1일 13시,화요일,부산광역시 북구 구포동,경상사고,0,0,5,0,차대차 - 기타,안전운전불이행,건조,맑음,교차로 - 교차로안,승용,남,67세,경상,승용,남,18세,경상
택시사고,2021060100100249,2021년 6월 1일 13시,화요일,부산광역시 사상구 감전동,경상사고,0,0,1,0,차대사람 - 기타,안전운전불이행,건조,맑음,교차로 - 교차로안,승용,남,59세,상해없음,보행자,남,62세,경상
택시사고,2021060100100464,2021년 6월 1일 18시,화요일,부산광역시 수영구 민락동,경상사고,0,0,1,0,차대차 - 측면충돌,안전운전불이행,건조,맑음,교차로 - 교차로안,승용,남,65세,상해없음,승용,남,34세,경상
택시사고,2021060100100595,2021년 6월 1일 22시,화요일,부산광역시 금정구 구서동,중상사고,0,1,1,0,차대사람 - 횡단중,보행자보호의무위반,건조,맑음,교차로 - 교차로안,승용,남,64세,상해없음,보행자,여,51세,중상
택시사고,2021060300100393,2021년 6월 3일 18시,목요일,부산광역시 부산진구 가야동,경상사고,0,0,1,0,차대차 - 추돌,안전운전불이행,젖음/습기,비,단일로 - 기타,승용,남,62세,상해없음,화물,남,63세,상해없음
택시사고,2021060300100445,2021년 6월 3일 19시,목요일,부산광역시 동구 초량동,경상사고,0,0,1,0,차대차 - 측면충돌,안전운전불이행,젖음/습기,비,단일로 - 기타,승용,남,66세,상해없음,이륜,남,31세,경상
택시사고,2021060400100033,2021년 6월 4일 05시,금요일,부산광역시 부산진구 범천동,중상사고,0,1,1,0,차대차 - 측면충돌,신호위반,젖음/습기,비,교차로 - 교차로안,승용,남,63세,상해없음,승용,남,63세,중상
택시사고,2021060500100215,2021년 6월 5일 12시,토요일,부산광역시 북구 만덕동,중상사고,0,1,0,0,차대차 - 기타,안전운전불이행,건조,맑음,교차로 - 교차로안,승용,남,69세,상해없음,이륜,남,50세,중상
택시사고,2021060500100537,2021년 6월 5일 20시,토요일,부산광역시 수영구 남천동,중상사고,0,1,0,0,차대사람 - 기타,안전운전불이행,건조,맑음,단일로 - 기타,승용,남,63세,상해없음,보행자,여,64세,중상
택시사고,2021060500100558,2021년 6월 5일 21시,토요일,부산광역시 해운대구 우동,중상사고,0,1,0,0,차대사람 - 횡단중,안전운전불이행,건조,맑음,단일로 - 기타,승용,남,58세,상해없음,보행자,남,48세,중상
택시사고,2021060600100083,2021년 6월 6일 10시,일요일,부산광역시 금정구 금사동,중상사고,0,1,1,0,차대차 - 기타,기타,건조,맑음,기타 - 기타,승용,남,59세,기타불명,특수,남,53세,경상
택시사고,2021060600100291,2021년 6월 6일 17시,일요일,부산광역시 부산진구 전포동,경상사고,0,0,1,0,차대차 - 기타,안전운전불이행,건조,기타,단일로 - 기타,승용,남,50세,상해없음,승용,남,63세,상해없음
택시사고,2021060600100425,2021년 6월 6일 22시,일요일,부산광역시 해운대구 우동,경상사고,0,0,1,0,차대차 - 측면충돌,신호위반,건조,맑음,교차로 - 교차로안,승용,남,68세,상해없음,이륜,남,30세,경상
택시사고,2021060700100096,2021년 6월 7일 09시,월요일,부산광역시 수영구 남천동,경상사고,0,0,1,0,차대사람 - 보도통행중,안전운전불이행,건조,맑음,교차로 - 교차로안,승용,남,64세,상해없음,보행자,여,67세,경상
택시사고,2021060700100345,2021년 6월 7일 16시,월요일,부산광역시 해운대구 반여동,중상사고,0,1,0,0,차대사람 - 횡단중,보행자보호의무위반,건조,맑음,교차로 - 교차로횡단보도내,승용,남,54세,상해없음,보행자,남,8세,중상
택시사고,2021060700100451,2021년 6월 7일 18시,월요일,부산광역시 동래구 안락동,경상사고,0,0,1,0,차대사람 - 길가장자리구역통행중,안전운전불이행,건조,맑음,교차로 - 교차로부근,승용,남,74세,상해없음,보행자,남,40세,경상
택시사고,2021060800100107,2021년 6월 8일 09시,화요일,부산광역시 부산진구 양정동,중상사고,0,2,0,0,차대차 - 측면충돌,기타,건조,맑음,교차로 - 교차로안,승용,남,52세,중상,승용,남,38세,중상
택시사고,2.02106E+15,2021년 6월 8일 19시,화요일,부산광역시 동래구 온천동,경상사고,0,0,1,0,차대차 - 기타,신호위반,건조,맑음,교차로 - 교차로안,승용,남,69세,상해없음,이륜,남,39세,경상
택시사고,2021060800100586,2021년 6월 8일 23시,화요일,부산광역시 수영구 민락동,경상사고,0,0,2,0,차대차 - 기타,교차로운행방법위반,건조,맑음,교차로 - 교차로안,승용,남,60세,상해없음,이륜,남,23세,경상
택시사고,2021060900100041,2021년 6월 9일 07시,수요일,부산광역시 수영구 망미동,경상사고,0,0,1,0,차대사람 - 길가장자리구역통행중,안전운전불이행,건조,맑음,단일로 - 기타,승용,남,61세,상해없음,보행자,여,35세,경상
택시사고,2021060900100165,2021년 6월 9일 11시,수요일,부산광역시 영도구 청학동,경상사고,0,0,1,0,차대차 - 기타,안전운전불이행,건조,맑음,교차로 - 교차로안,승용,남,63세,상해없음,이륜,남,44세,경상
택시사고,2021060900100167,2021년 6월 9일 11시,수요일,부산광역시 연제구 연산동,중상사고,0,3,1,0,차대차 - 측면충돌,교차로운행방법위반,건조,맑음,교차로 - 교차로안,승용,남,64세,상해없음,승용,여,74세,중상
택시사고,2021061000100014,2021년 6월 10일 02시,목요일,부산광역시 연제구 연산동,경상사고,0,0,2,0,차대차 - 기타,신호위반,건조,맑음,교차로 - 교차로안,승용,남,67세,상해없음,승용,남,34세,경상
택시사고,2.02106E+15,2021년 6월 10일 04시,목요일,부산광역시 부산진구 부전동,중상사고,0,1,0,0,차대차 - 측면충돌,안전운전불이행,건조,맑음,단일로 - 기타,승용,남,56세,상해없음,이륜,남,45세,중상
택시사고,2021061000100053,2021년 6월 10일 07시,목요일,부산광역시 부산진구 부암동,경상사고,0,0,2,0,차대차 - 측면충돌,안전거리미확보,건조,맑음,단일로 - 기타,승용,남,70세,경상,승용,남,57세,상해없음
택시사고,2.02106E+15,2021년 6월 10일 10시,목요일,부산광역시 부산진구 전포동,경상사고,0,0,1,0,차대사람 - 기타,안전운전불이행,건조,맑음,기타 - 기타,승용,남,69세,상해없음,보행자,남,26세,경상
택시사고,2021061000100413,2021년 6월 10일 17시,목요일,부산광역시 부산진구 전포동,사망사고,1,0,0,0,차대사람 - 기타,안전운전불이행,건조,맑음,교차로 - 교차로안,승용,남,57세,상해없음,보행자,여,25세,사망
택시사고,2021061000100414,2021년 6월 10일 17시,목요일,부산광역시 부산진구 부전동,경상사고,0,0,1,0,차대차 - 측면충돌,기타,건조,맑음,기타 - 기타,승용,남,56세,상해없음,이륜,남,27세,경상
택시사고,2021061000100536,2021년 6월 10일 20시,목요일,부산광역시 동래구 안락동,경상사고,0,0,1,0,차대차 - 추돌,안전운전불이행,건조,맑음,교차로 - 교차로부근,승용,남,31세,상해없음,승용,남,44세,경상
택시사고,2021061100100003,2021년 6월 11일 00시,금요일,부산광역시 동래구 명륜동,경상사고,0,0,1,0,차대사람 - 기타,보행자보호의무위반,건조,맑음,교차로 - 교차로횡단보도내,승용,남,52세,상해없음,보행자,남,27세,경상
택시사고,2021061100100128,2021년 6월 11일 09시,금요일,부산광역시 영도구 봉래동5가,부상신고사고,0,0,0,1,차대차 - 정면충돌,교차로운행방법위반,젖음/습기,비,교차로 - 교차로안,승용,남,76세,상해없음,이륜,남,37세,부상신고
택시사고,2021061100100153,2021년 6월 11일 10시,금요일,부산광역시 부산진구 범전동,경상사고,0,0,1,0,차대차 - 측면충돌,안전거리미확보,젖음/습기,비,교차로 - 교차로안,승용,남,76세,상해없음,화물,남,70세,상해없음
택시사고,2021061100100214,2021년 6월 11일 12시,금요일,부산광역시 강서구 대저2동,중상사고,0,1,1,1,차대차 - 추돌,안전운전불이행,젖음/습기,비,교차로 - 교차로부근,승용,남,71세,상해없음,승용,남,36세,상해없음
택시사고,2021061100100283,2021년 6월 11일 14시,금요일,부산광역시 부산진구 범천동,중상사고,0,1,0,0,차대사람 - 기타,안전운전불이행,젖음/습기,비,단일로 - 기타,승용,남,56세,상해없음,보행자,여,10세,중상
택시사고,2021061100100325,2021년 6월 11일 15시,금요일,부산광역시 사상구 괘법동,경상사고,0,0,1,0,차대차 - 추돌,안전운전불이행,젖음/습기,맑음,단일로 - 기타,승용,남,69세,상해없음,승용,남,41세,경상
택시사고,2021061200100013,2021년 6월 12일 01시,토요일,부산광역시 동래구 온천동,경상사고,0,0,1,0,차대사람 - 차도통행중,안전운전불이행,건조,맑음,단일로 - 기타,승용,남,52세,상해없음,보행자,남,52세,경상
택시사고,2021061200100135,2021년 6월 12일 10시,토요일,부산광역시 영도구 동삼동,경상사고,0,0,3,0,차대차 - 측면충돌,중앙선침범,젖음/습기,비,단일로 - 기타,승용,남,72세,상해없음,승용,여,44세,경상
택시사고,2021061200100426,2021년 6월 12일 17시,토요일,부산광역시 금정구 서동,경상사고,0,0,2,0,차대차 - 측면충돌,안전운전불이행,젖음/습기,비,교차로 - 교차로부근,승용,남,54세,상해없음,승용,남,62세,경상
택시사고,2021061200100473,2021년 6월 12일 18시,토요일,부산광역시 사하구 괴정동,경상사고,0,0,3,0,차대차 - 측면충돌,교차로운행방법위반,건조,맑음,교차로 - 교차로안,승용,남,62세,상해없음,승용,여,39세,경상
택시사고,2021061200100508,2021년 6월 12일 19시,토요일,부산광역시 연제구 연산동,경상사고,0,0,2,0,차대차 - 측면충돌,안전운전불이행,젖음/습기,비,교차로 - 교차로부근,승용,남,72세,상해없음,승용,여,40세,경상
택시사고,2021061200100588,2021년 6월 12일 22시,토요일,부산광역시 동구 좌천동,경상사고,0,0,1,0,차대차 - 추돌,안전거리미확보,건조,맑음,단일로 - 고가도로위,승용,남,68세,상해없음,승용,남,67세,경상
택시사고,2021061200100589,2021년 6월 12일 22시,토요일,부산광역시 금정구 서동,경상사고,0,0,1,0,차대사람 - 횡단중,안전운전불이행,젖음/습기,비,교차로 - 교차로안,승용,남,60세,상해없음,보행자,여,60세,경상
택시사고,2021061200100614,2021년 6월 12일 23시,토요일,부산광역시 부산진구 당감동,중상사고,0,1,1,0,차대차 - 추돌,안전운전불이행,젖음/습기,비,단일로 - 고가도로위,승용,남,60세,상해없음,승용,남,65세,중상
택시사고,2021061300100128,2021년 6월 13일 12시,일요일,부산광역시 수영구 민락동,경상사고,0,0,1,0,차대차 - 기타,중앙선침범,건조,맑음,교차로 - 교차로안,승용,남,74세,상해없음,이륜,남,33세,경상
택시사고,2021061300100348,2021년 6월 13일 18시,일요일,부산광역시 금정구 부곡동,경상사고,0,0,2,0,차대차 - 측면충돌,신호위반,건조,맑음,단일로 - 기타,승용,남,67세,상해없음,승용,남,30세,경상
택시사고,2021061300100407,2021년 6월 13일 20시,일요일,부산광역시 수영구 광안동,중상사고,0,1,1,0,차대차 - 기타,신호위반,건조,맑음,기타 - 기타,승용,남,47세,상해없음,이륜,남,21세,중상
택시사고,2021061300100408,2021년 6월 13일 20시,일요일,부산광역시 해운대구 좌동,중상사고,0,2,0,0,차대차 - 측면충돌,중앙선침범,건조,맑음,교차로 - 교차로부근,승용,남,64세,상해없음,이륜,남,42세,중상
택시사고,2021061400100015,2021년 6월 14일 03시,월요일,부산광역시 남구 대연동,중상사고,0,1,2,0,차대차 - 측면충돌,신호위반,건조,맑음,교차로 - 교차로안,승용,남,59세,상해없음,승용,남,60세,상해없음
택시사고,2021061400100019,2021년 6월 14일 04시,월요일,부산광역시 강서구 대저2동,중상사고,0,1,1,0,차대차 - 추돌,안전운전불이행,건조,흐림,단일로 - 기타,승용,남,52세,상해없음,화물,남,46세,경상
택시사고,2021061400100229,2021년 6월 14일 12시,월요일,부산광역시 사하구 하단동,경상사고,0,0,1,0,차대차 - 기타,안전운전불이행,건조,맑음,단일로 - 기타,승용,남,64세,상해없음,승용,남,38세,경상
택시사고,2021061400100572,2021년 6월 14일 22시,월요일,부산광역시 사하구 다대동,중상사고,0,1,0,0,차대사람 - 기타,안전운전불이행,건조,맑음,단일로 - 기타,승용,남,61세,상해없음,보행자,남,50세,중상
택시사고,2021061500100033,2021년 6월 15일 06시,화요일,부산광역시 영도구 청학동,경상사고,0,0,1,0,차대차 - 기타,신호위반,건조,맑음,단일로 - 기타,승용,남,53세,상해없음,승용,남,36세,경상
택시사고,2021061500100313,2021년 6월 15일 15시,화요일,부산광역시 동구 초량동,중상사고,0,1,0,0,차대차 - 측면충돌,교차로운행방법위반,젖음/습기,비,교차로 - 교차로안,승용,남,68세,상해없음,이륜,남,30세,중상
택시사고,2021061500100428,2021년 6월 15일 18시,화요일,부산광역시 수영구 광안동,경상사고,0,0,1,0,차대차 - 기타,기타,젖음/습기,비,단일로 - 기타,승용,남,68세,상해없음,이륜,남,21세,경상
택시사고,2021061600100184,2021년 6월 16일 11시,수요일,부산광역시 해운대구 반여동,경상사고,0,0,1,0,차대차 - 측면충돌,교차로운행방법위반,젖음/습기,비,교차로 - 교차로안,승용,남,54세,상해없음,이륜,남,34세,경상
택시사고,2021061600100218,2021년 6월 16일 12시,수요일,부산광역시 서구 아미동1가,경상사고,0,0,1,0,차대사람 - 길가장자리구역통행중,안전운전불이행,건조,맑음,단일로 - 기타,승용,남,59세,상해없음,보행자,남,64세,경상
택시사고,2021061700100278,2021년 6월 17일 14시,목요일,부산광역시 강서구 대저2동,경상사고,0,0,1,0,차대차 - 추돌,안전운전불이행,건조,맑음,단일로 - 기타,승용,남,70세,상해없음,승용,남,60세,경상
택시사고,2021061700100307,2021년 6월 17일 15시,목요일,부산광역시 해운대구 반여동,중상사고,0,1,0,0,차대차 - 측면충돌,안전운전불이행,건조,맑음,기타 - 기타,승용,남,62세,상해없음,이륜,여,33세,중상
택시사고,2021061700100534,2021년 6월 17일 22시,목요일,부산광역시 수영구 광안동,경상사고,0,0,1,0,차대차 - 추돌,안전운전불이행,건조,맑음,기타 - 기타,승용,남,50세,상해없음,이륜,남,24세,경상
택시사고,2021061800100095,2021년 6월 18일 09시,금요일,부산광역시 부산진구 개금동,중상사고,0,3,2,0,차대차 - 기타,신호위반,건조,맑음,교차로 - 교차로부근,승용,남,70세,상해없음,승용,남,71세,경상
택시사고,2021061800100096,2021년 6월 18일 09시,금요일,부산광역시 연제구 거제동,경상사고,0,0,1,0,차대사람 - 기타,안전운전불이행,건조,맑음,단일로 - 기타,승용,남,50세,상해없음,보행자,남,50세,경상
택시사고,2021061800100452,2021년 6월 18일 19시,금요일,부산광역시 강서구 봉림동,경상사고,0,0,1,0,차대차 - 기타,안전운전불이행,건조,맑음,단일로 - 기타,승용,남,67세,상해없음,승용,남,70세,경상
택시사고,2021061900100052,2021년 6월 19일 05시,토요일,부산광역시 사상구 모라동,중상사고,0,1,0,0,차대차 - 측면충돌,신호위반,건조,맑음,교차로 - 교차로안,승용,남,71세,상해없음,원동기,남,22세,중상
택시사고,2021061900100086,2021년 6월 19일 08시,토요일,부산광역시 남구 대연동,경상사고,0,0,1,0,차대차 - 기타,차로위반,건조,맑음,교차로 - 교차로안,승용,남,76세,상해없음,승용,남,50세,경상
택시사고,2021061900100388,2021년 6월 19일 16시,토요일,부산광역시 금정구 부곡동,경상사고,0,0,1,0,차대차 - 기타,안전운전불이행,건조,맑음,교차로 - 교차로안,승용,남,62세,상해없음,승용,남,29세,경상
택시사고,2021061900100432,2021년 6월 19일 17시,토요일,부산광역시 북구 구포동,중상사고,0,1,0,0,차대차 - 기타,안전거리미확보,건조,맑음,단일로 - 기타,승용,남,55세,상해없음,원동기,남,58세,중상
택시사고,2021061900100487,2021년 6월 19일 18시,토요일,부산광역시 수영구 민락동,경상사고,0,0,1,0,차대차 - 기타,안전운전불이행,건조,맑음,단일로 - 기타,승용,남,64세,상해없음,승용,여,40세,경상
택시사고,2.02106E+15,2021년 6월 19일 22시,토요일,부산광역시 수영구 광안동,부상신고사고,0,0,0,1,차대차 - 기타,안전운전불이행,건조,맑음,단일로 - 기타,승용,남,67세,상해없음,자전거,남,21세,부상신고
택시사고,2021062000100029,2021년 6월 20일 03시,일요일,부산광역시 사하구 괴정동,경상사고,0,0,1,0,차량단독 - 기타,안전운전불이행,건조,맑음,단일로 - 지하차도(도로)내,승용,남,55세,상해없음,,,,
택시사고,2021062000100226,2021년 6월 20일 14시,일요일,부산광역시 연제구 연산동,경상사고,0,0,1,1,차대차 - 추돌,안전운전불이행,건조,맑음,단일로 - 기타,승용,남,63세,상해없음,이륜,남,22세,경상
택시사고,2021062000100451,2021년 6월 20일 21시,일요일,부산광역시 부산진구 연지동,중상사고,0,1,1,0,차대차 - 추돌,안전운전불이행,건조,맑음,기타 - 기타,승용,남,62세,상해없음,승용,남,50세,경상
택시사고,2021062100100162,2021년 6월 21일 10시,월요일,부산광역시 사상구 학장동,경상사고,0,0,1,0,차대차 - 추돌,안전거리미확보,건조,맑음,교차로 - 교차로부근,승용,남,77세,상해없음,이륜,남,34세,경상
택시사고,2021062100100199,2021년 6월 21일 11시,월요일,부산광역시 금정구 부곡동,부상신고사고,0,0,0,1,차대차 - 기타,안전운전불이행,건조,맑음,기타 - 기타,승용,남,74세,상해없음,승용,남,65세,부상신고
택시사고,2021062100100294,2021년 6월 21일 14시,월요일,부산광역시 동래구 명륜동,부상신고사고,0,0,0,2,차량단독 - 기타,안전운전불이행,건조,맑음,교차로 - 교차로안,승용,남,67세,상해없음,,,,
택시사고,2021062100100295,2021년 6월 21일 14시,월요일,부산광역시 연제구 연산동,경상사고,0,0,1,0,차대차 - 추돌,안전운전불이행,건조,맑음,단일로 - 기타,승용,남,64세,상해없음,승용,여,33세,경상
택시사고,2021062100100442,2021년 6월 21일 17시,월요일,부산광역시 사상구 모라동,경상사고,0,0,3,0,차대차 - 추돌,안전운전불이행,건조,맑음,단일로 - 터널,승용,남,60세,상해없음,승용,남,64세,경상
택시사고,2021062100100542,2021년 6월 21일 19시,월요일,부산광역시 수영구 남천동,경상사고,0,0,1,0,차대차 - 추돌,안전운전불이행,건조,맑음,단일로 - 교량,승용,남,50세,상해없음,화물,남,26세,상해없음
택시사고,2021062200100005,2021년 6월 22일 00시,화요일,부산광역시 부산진구 부전동,경상사고,0,0,1,0,차대차 - 추돌,직진우회전진행방해,건조,맑음,교차로 - 교차로안,승용,남,64세,상해없음,이륜,남,24세,경상
택시사고,2021062200100077,2021년 6월 22일 08시,화요일,부산광역시 남구 문현동,경상사고,0,0,1,0,차대차 - 추돌,안전운전불이행,건조,맑음,단일로 - 기타,승용,남,71세,상해없음,승용,남,43세,경상
택시사고,2021062200100122,2021년 6월 22일 09시,화요일,부산광역시 사상구 학장동,경상사고,0,0,2,0,차대차 - 기타,안전운전불이행,건조,맑음,단일로 - 기타,승용,남,66세,상해없음,승용,남,64세,경상
택시사고,2.02106E+15,2021년 6월 22일 13시,화요일,부산광역시 동구 범일동,경상사고,0,0,2,0,차대차 - 측면충돌,차로위반,건조,맑음,단일로 - 기타,승용,남,42세,상해없음,승용,여,48세,경상
택시사고,2021062200100401,2021년 6월 22일 17시,화요일,부산광역시 사상구 괘법동,경상사고,0,0,1,0,차대차 - 추돌,안전거리미확보,건조,맑음,교차로 - 교차로부근,승용,남,30세,상해없음,승용,남,68세,경상
택시사고,2021062200100475,2021년 6월 22일 19시,화요일,부산광역시 연제구 거제동,경상사고,0,0,1,0,차대차 - 기타,교차로운행방법위반,건조,맑음,교차로 - 교차로안,승용,남,69세,상해없음,이륜,남,27세,경상
택시사고,2.02106E+15,2021년 6월 22일 22시,화요일,부산광역시 동래구 사직동,경상사고,0,0,1,0,차대차 - 기타,신호위반,건조,맑음,교차로 - 교차로안,승용,남,65세,상해없음,이륜,남,39세,경상
택시사고,2021062300100002,2021년 6월 23일 00시,수요일,부산광역시 부산진구 부전동,중상사고,0,1,0,0,차대차 - 측면충돌,신호위반,건조,맑음,교차로 - 교차로안,승용,남,71세,상해없음,이륜,남,41세,중상
택시사고,2021062300100004,2021년 6월 23일 00시,수요일,부산광역시 부산진구 개금동,경상사고,0,0,1,1,차대차 - 측면충돌,교차로운행방법위반,건조,맑음,교차로 - 교차로안,승용,남,59세,상해없음,이륜,남,24세,경상
택시사고,2021062300100046,2021년 6월 23일 07시,수요일,부산광역시 서구 암남동,중상사고,0,1,1,0,차량단독 - 공작물충돌,안전운전불이행,건조,맑음,단일로 - 기타,승용,남,60세,경상,,,,
택시사고,2021062400100529,2021년 6월 24일 19시,목요일,부산광역시 사상구 주례동,중상사고,0,1,0,0,차대차 - 기타,교차로운행방법위반,건조,맑음,교차로 - 교차로안,승용,남,56세,상해없음,이륜,남,60세,중상
택시사고,2021062500100664,2021년 6월 25일 22시,금요일,부산광역시 영도구 영선동2가,경상사고,0,0,1,0,차대사람 - 기타,안전운전불이행,건조,맑음,단일로 - 기타,승용,남,52세,상해없음,보행자,여,72세,경상
택시사고,2021062600100178,2021년 6월 26일 11시,토요일,부산광역시 동래구 명장동,중상사고,0,1,0,0,차대차 - 측면충돌,안전운전불이행,건조,맑음,교차로 - 교차로부근,승용,남,68세,상해없음,승용,여,46세,중상
택시사고,2021062600100219,2021년 6월 26일 12시,토요일,부산광역시 부산진구 전포동,경상사고,0,0,2,0,차대차 - 추돌,안전운전불이행,건조,맑음,교차로 - 교차로부근,승용,남,73세,상해없음,화물,남,47세,경상
택시사고,2021062600100366,2021년 6월 26일 16시,토요일,부산광역시 수영구 남천동,경상사고,0,0,1,0,차대차 - 기타,안전운전불이행,건조,맑음,단일로 - 기타,승용,남,60세,상해없음,이륜,남,39세,경상
택시사고,2021062600100399,2021년 6월 26일 17시,토요일,부산광역시 사하구 감천동,경상사고,0,0,1,0,차대차 - 기타,신호위반,건조,맑음,교차로 - 교차로부근,승용,남,60세,상해없음,이륜,남,21세,경상
택시사고,2021062600100518,2021년 6월 26일 20시,토요일,부산광역시 부산진구 양정동,중상사고,0,1,0,0,차대차 - 기타,안전운전불이행,건조,맑음,교차로 - 교차로안,승용,남,58세,상해없음,자전거,여,10세,중상
택시사고,2021062600100519,2021년 6월 26일 20시,토요일,부산광역시 사하구 괴정동,경상사고,0,0,1,0,차대차 - 기타,안전거리미확보,건조,맑음,단일로 - 기타,승용,남,69세,상해없음,이륜,남,29세,경상
택시사고,2021062600100615,2021년 6월 26일 23시,토요일,부산광역시 남구 대연동,경상사고,0,0,1,0,차대사람 - 기타,교차로운행방법위반,건조,맑음,교차로 - 교차로안,승용,남,62세,상해없음,보행자,여,24세,경상
택시사고,2021062600100616,2021년 6월 26일 23시,토요일,부산광역시 부산진구 범천동,경상사고,0,0,1,0,차대차 - 기타,중앙선침범,건조,맑음,단일로 - 기타,승용,남,60세,상해없음,승용,남,46세,경상
택시사고,2.02106E+15,2021년 6월 27일 17시,일요일,부산광역시 금정구 서동,경상사고,0,0,1,0,차대차 - 추돌,직진우회전진행방해,건조,맑음,교차로 - 교차로안,승용,남,63세,상해없음,승용,남,32세,경상
택시사고,2021062800100082,2021년 6월 28일 08시,월요일,부산광역시 해운대구 재송동,경상사고,0,0,1,0,차대사람 - 횡단중,보행자보호의무위반,건조,맑음,교차로 - 교차로부근,승용,남,71세,상해없음,보행자,남,7세,경상
택시사고,2021062800100492,2021년 6월 28일 18시,월요일,부산광역시 중구 중앙동4가,경상사고,0,0,3,0,차대차 - 측면충돌,신호위반,건조,맑음,교차로 - 교차로부근,승용,남,71세,경상,승용,남,20세,경상
택시사고,2021062800100647,2021년 6월 28일 23시,월요일,부산광역시 서구 암남동,경상사고,0,0,1,0,차대차 - 측면충돌,신호위반,건조,맑음,교차로 - 교차로안,승용,남,66세,상해없음,승용,남,57세,상해없음
택시사고,2021062900100019,2021년 6월 29일 03시,화요일,부산광역시 남구 대연동,경상사고,0,0,1,0,차대차 - 기타,신호위반,건조,맑음,교차로 - 교차로안,승용,남,66세,상해없음,이륜,남,27세,경상
택시사고,2021062900100118,2021년 6월 29일 09시,화요일,부산광역시 해운대구 재송동,경상사고,0,0,1,0,차대차 - 기타,기타,건조,맑음,단일로 - 기타,승용,남,64세,상해없음,자전거,여,70세,경상
택시사고,2021062900100188,2021년 6월 29일 11시,화요일,부산광역시 사상구 주례동,중상사고,0,1,0,0,차대차 - 측면충돌,차로위반,건조,맑음,단일로 - 기타,승용,남,64세,상해없음,원동기,남,21세,중상
택시사고,2021062900100214,2021년 6월 29일 12시,화요일,부산광역시 사상구 괘법동,경상사고,0,0,1,0,차대사람 - 기타,안전운전불이행,건조,맑음,교차로 - 교차로부근,승용,남,57세,상해없음,보행자,남,50세,경상
택시사고,2021062900100638,2021년 6월 29일 23시,화요일,부산광역시 동래구 명륜동,경상사고,0,0,1,0,차대사람 - 횡단중,안전운전불이행,건조,맑음,단일로 - 기타,승용,남,61세,상해없음,보행자,남,20세,경상
택시사고,2021063000100015,2021년 6월 30일 01시,수요일,부산광역시 남구 용호동,사망사고,1,0,0,0,차대사람 - 기타,안전운전불이행,건조,맑음,교차로 - 교차로횡단보도내,승용,남,66세,상해없음,보행자,남,63세,사망
택시사고,2021063000100023,2021년 6월 30일 02시,수요일,부산광역시 수영구 광안동,중상사고,0,1,0,0,차대차 - 기타,기타,건조,맑음,단일로 - 기타,승용,남,56세,상해없음,이륜,남,57세,중상
택시사고,2021063000100263,2021년 6월 30일 13시,수요일,부산광역시 북구 덕천동,경상사고,0,0,1,1,차대차 - 측면충돌,신호위반,건조,맑음,교차로 - 교차로안,승용,남,68세,부상신고,승용,남,40세,경상
택시사고,2021063000100265,2021년 6월 30일 13시,수요일,부산광역시 금정구 두구동,경상사고,0,0,1,0,차대차 - 추돌,안전운전불이행,건조,맑음,단일로 - 기타,승용,남,51세,상해없음,화물,남,60세,경상
택시사고,2021063000100374,2021년 6월 30일 16시,수요일,부산광역시 강서구 명지동,경상사고,0,0,1,0,차대차 - 기타,신호위반,건조,맑음,교차로 - 교차로횡단보도내,승용,남,41세,상해없음,자전거,여,24세,경상
택시사고,2021070100100329,2021년 7월 1일 15시,목요일,부산광역시 사하구 하단동,경상사고,0,0,1,0,차대차 - 측면충돌,안전운전불이행,건조,맑음,단일로 - 기타,승용,남,58세,상해없음,자전거,남,56세,경상
택시사고,2021070100100571,2021년 7월 1일 21시,목요일,부산광역시 부산진구 양정동,경상사고,0,0,1,1,차대차 - 기타,차로위반,건조,기타,단일로 - 기타,승용,남,59세,부상신고,승용,남,37세,경상
택시사고,2021070200100052,2021년 7월 2일 07시,금요일,부산광역시 수영구 광안동,경상사고,0,0,2,0,차대차 - 측면충돌,교차로운행방법위반,건조,맑음,교차로 - 교차로안,승용,남,61세,경상,화물,남,24세,경상
택시사고,2021070200100226,2021년 7월 2일 12시,금요일,부산광역시 금정구 남산동,중상사고,0,1,0,0,차대사람 - 횡단중,보행자보호의무위반,건조,흐림,교차로 - 교차로안,승용,남,79세,상해없음,보행자,여,68세,중상
택시사고,2021070200100678,2021년 7월 2일 22시,금요일,부산광역시 동래구 사직동,중상사고,0,2,1,0,차대차 - 기타,신호위반,건조,맑음,교차로 - 교차로부근,승용,남,66세,상해없음,승용,남,49세,중상
택시사고,2021070300100032,2021년 7월 3일 03시,토요일,부산광역시 동래구 안락동,중상사고,0,1,1,0,차대차 - 측면충돌,신호위반,건조,맑음,교차로 - 교차로안,승용,남,63세,상해없음,승용,남,65세,중상
택시사고,2021070300100048,2021년 7월 3일 06시,토요일,부산광역시 서구 충무동1가,경상사고,0,0,1,0,차대차 - 기타,차로위반,건조,맑음,교차로 - 교차로안,승용,남,59세,상해없음,승용,여,31세,상해없음