사고부문,사고번호,사고일시,요일,시군구,사고내용,사망자수,중상자수,경상자수,부상신고자수,사고유형,법규위반,노면상태,기상상태,도로형태,가해운전자 차종,가해운전자 성별,가해운전자 연령,가해운전자 상해정도,피해운전자 차종,피해운전자 성별,피해운전자 연령,피해운전자 상해정도
택시사고,2021103000100532,2021년 10월 30일 22시,토요일,부산광역시 부산진구 당감동,경상사고,0,0,2,0,차대차 - 기타,기타,건조,맑음,기타 - 기타,승용,남,56세,상해없음,이륜,남,17세,경상
택시사고,2021103100100001,2021년 10월 31일 00시,일요일,부산광역시 금정구 부곡동,중상사고,0,1,1,0,차대사람 - 횡단중,안전운전불이행,건조,맑음,단일로 - 기타,승용,남,63세,상해없음,보행자,여,21세,중상
택시사고,2021103100100045,2021년 10월 31일 06시,일요일,부산광역시 서구 충무동1가,부상신고사고,0,0,0,1,차대차 - 측면충돌,안전운전불이행,건조,맑음,단일로 - 기타,승용,남,66세,상해없음,승용,남,76세,부상신고
택시사고,2.0211E+15,2021년 10월 31일 18시,일요일,부산광역시 해운대구 우동,경상사고,0,0,1,0,차대사람 - 횡단중,신호위반,건조,맑음,단일로 - 기타,승용,남,58세,상해없음,보행자,여,23세,경상
택시사고,2021103100100487,2021년 10월 31일 23시,일요일,부산광역시 부산진구 부전동,경상사고,0,0,1,0,차대차 - 정면충돌,신호위반,건조,맑음,교차로 - 교차로안,승용,남,67세,상해없음,이륜,남,22세,경상
택시사고,2021110100100019,2021년 11월 1일 02시,월요일,부산광역시 수영구 광안동,중상사고,0,1,0,0,차대차 - 측면충돌,중앙선침범,건조,맑음,단일로 - 기타,승용,남,58세,상해없음,이륜,남,41세,중상
택시사고,2021110100100085,2021년 11월 1일 08시,월요일,부산광역시 부산진구 전포동,경상사고,0,0,1,0,차대사람 - 길가장자리구역통행중,기타,건조,맑음,기타 - 기타,승용,남,72세,상해없음,보행자,남,11세,경상
택시사고,2021110100100149,2021년 11월 1일 10시,월요일,부산광역시 강서구 명지동,부상신고사고,0,0,0,1,차대차 - 측면충돌,안전거리미확보,건조,맑음,단일로 - 기타,승용,남,68세,상해없음,화물,남,53세,상해없음
택시사고,2021110100100363,2021년 11월 1일 16시,월요일,부산광역시 수영구 남천동,경상사고,0,0,1,0,차대차 - 기타,기타,건조,맑음,단일로 - 기타,승용,남,71세,상해없음,자전거,남,61세,경상
택시사고,2021110100100406,2021년 11월 1일 17시,월요일,부산광역시 서구 아미동1가,경상사고,0,0,1,0,차대차 - 추돌,안전운전불이행,건조,맑음,교차로 - 교차로부근,승용,남,67세,상해없음,승용,남,35세,경상
택시사고,2021110100100456,2021년 11월 1일 18시,월요일,부산광역시 남구 용호동,중상사고,0,1,0,0,차대차 - 정면충돌,직진우회전진행방해,건조,맑음,교차로 - 교차로안,승용,남,47세,상해없음,이륜,남,22세,중상
택시사고,2021110100100458,2021년 11월 1일 18시,월요일,부산광역시 동래구 명장동,경상사고,0,0,1,0,차대차 - 측면충돌,교차로운행방법위반,건조,맑음,교차로 - 교차로안,승용,남,68세,상해없음,승용,여,52세,경상
택시사고,2021110100100513,2021년 11월 1일 19시,월요일,부산광역시 부산진구 범천동,경상사고,0,0,1,0,차대차 - 기타,안전운전불이행,건조,맑음,교차로 - 교차로횡단보도내,승용,남,67세,상해없음,이륜,남,28세,경상
택시사고,2021110100100603,2021년 11월 1일 23시,월요일,부산광역시 사하구 장림동,중상사고,0,1,0,0,차대사람 - 횡단중,기타,건조,맑음,교차로 - 교차로횡단보도내,승용,남,66세,상해없음,보행자,여,19세,중상
택시사고,2.02111E+15,2021년 11월 2일 13시,화요일,부산광역시 연제구 연산동,중상사고,0,1,0,0,차대차 - 기타,교차로운행방법위반,건조,맑음,교차로 - 교차로부근,승용,남,74세,상해없음,자전거,여,55세,중상
택시사고,2021110200100328,2021년 11월 2일 15시,화요일,부산광역시 부산진구 가야동,경상사고,0,0,1,0,차대차 - 측면충돌,신호위반,건조,맑음,교차로 - 교차로안,승용,남,78세,상해없음,승용,남,73세,경상
택시사고,2021110200100357,2021년 11월 2일 16시,화요일,부산광역시 수영구 광안동,경상사고,0,0,1,0,차대차 - 기타,안전운전불이행,건조,맑음,단일로 - 기타,승용,남,60세,상해없음,승합,남,61세,경상
택시사고,2021110200100397,2021년 11월 2일 17시,화요일,부산광역시 사하구 장림동,경상사고,0,0,1,0,차대차 - 측면충돌,신호위반,건조,맑음,교차로 - 교차로부근,승용,남,60세,상해없음,이륜,남,17세,경상
택시사고,2021110300100164,2021년 11월 3일 10시,수요일,부산광역시 부산진구 범천동,경상사고,0,0,1,0,차대차 - 기타,차로위반,건조,맑음,단일로 - 기타,승용,남,54세,상해없음,승용,남,53세,상해없음
택시사고,2021110300100373,2021년 11월 3일 16시,수요일,부산광역시 서구 암남동,중상사고,0,1,0,0,차대사람 - 길가장자리구역통행중,안전운전불이행,건조,맑음,단일로 - 기타,승용,남,57세,상해없음,보행자,여,70세,중상
택시사고,2021110300100375,2021년 11월 3일 16시,수요일,부산광역시 부산진구 부전동,경상사고,0,0,1,0,차대차 - 측면충돌,안전거리미확보,건조,맑음,교차로 - 교차로부근,승용,남,64세,기타불명,승용,남,63세,경상
택시사고,2021110300100514,2021년 11월 3일 19시,수요일,부산광역시 북구 화명동,중상사고,0,1,0,0,차량단독 - 공작물충돌,안전운전불이행,건조,맑음,단일로 - 터널,승용,남,61세,중상,,,,
택시사고,2021110400100014,2021년 11월 4일 01시,목요일,부산광역시 서구 토성동3가,경상사고,0,0,2,0,차대차 - 측면충돌,교차로운행방법위반,건조,맑음,교차로 - 교차로안,승용,남,58세,상해없음,승용,남,26세,경상
택시사고,2021110400100169,2021년 11월 4일 10시,목요일,부산광역시 사상구 감전동,부상신고사고,0,0,0,1,차대차 - 측면충돌,안전거리미확보,건조,맑음,단일로 - 기타,승용,남,72세,상해없음,승용,남,40세,상해없음
택시사고,2021110400100526,2021년 11월 4일 19시,목요일,부산광역시 해운대구 우동,중상사고,0,1,0,0,차대사람 - 보도통행중,보행자보호의무위반,건조,맑음,단일로 - 기타,승용,남,57세,상해없음,보행자,남,44세,중상
택시사고,2021110400100599,2021년 11월 4일 22시,목요일,부산광역시 부산진구 당감동,경상사고,0,0,2,0,차대차 - 기타,직진우회전진행방해,건조,기타,교차로 - 교차로안,승용,남,65세,상해없음,승용,남,30세,경상
택시사고,2021110400100616,2021년 11월 4일 23시,목요일,부산광역시 연제구 연산동,경상사고,0,0,2,0,차대차 - 측면충돌,안전운전불이행,건조,맑음,단일로 - 기타,승용,남,59세,상해없음,승용,남,35세,경상
택시사고,2021110500100591,2021년 11월 5일 20시,금요일,부산광역시 영도구 남항동1가,중상사고,0,1,0,0,차대차 - 정면충돌,안전운전불이행,건조,맑음,교차로 - 교차로안,승용,남,68세,상해없음,자전거,남,12세,중상
택시사고,2021110500100593,2021년 11월 5일 20시,금요일,부산광역시 사하구 하단동,경상사고,0,0,1,0,차대차 - 기타,신호위반,건조,맑음,교차로 - 교차로안,승용,남,69세,상해없음,이륜,남,39세,경상
택시사고,2021110600100195,2021년 11월 6일 12시,토요일,부산광역시 부산진구 당감동,중상사고,0,1,0,0,차대차 - 기타,안전거리미확보,건조,맑음,교차로 - 교차로부근,승용,남,66세,상해없음,이륜,남,31세,중상
택시사고,2021110600100316,2021년 11월 6일 15시,토요일,부산광역시 부산진구 전포동,중상사고,0,1,0,0,차대차 - 기타,기타,건조,맑음,교차로 - 교차로부근,승용,남,65세,상해없음,이륜,남,22세,중상
택시사고,2021110600100566,2021년 11월 6일 21시,토요일,부산광역시 부산진구 양정동,경상사고,0,0,1,0,차대차 - 기타,안전운전불이행,건조,맑음,단일로 - 기타,승용,남,63세,상해없음,승합,남,56세,경상
택시사고,2021110800100024,2021년 11월 8일 03시,월요일,부산광역시 연제구 연산동,중상사고,0,1,0,0,차대차 - 기타,중앙선침범,건조,맑음,단일로 - 기타,승용,남,62세,상해없음,승용,남,22세,중상
택시사고,2021110800100602,2021년 11월 8일 20시,월요일,부산광역시 사하구 괴정동,경상사고,0,0,3,0,차대차 - 기타,안전거리미확보,건조,맑음,단일로 - 기타,승용,남,68세,상해없음,승용,남,26세,경상
택시사고,2021110900100004,2021년 11월 9일 00시,화요일,부산광역시 사상구 학장동,경상사고,0,0,1,0,차대차 - 측면충돌,신호위반,건조,맑음,교차로 - 교차로안,승용,남,65세,상해없음,승용,남,58세,경상
택시사고,2021110900100083,2021년 11월 9일 08시,화요일,부산광역시 동래구 온천동,경상사고,0,0,1,0,차대차 - 측면충돌,안전운전불이행,건조,맑음,단일로 - 기타,승용,남,64세,상해없음,승용,여,51세,경상
택시사고,2021110900100124,2021년 11월 9일 09시,화요일,부산광역시 동구 범일동,경상사고,0,0,1,0,차량단독 - 기타,안전운전불이행,건조,맑음,단일로 - 기타,승용,남,58세,상해없음,,,,
택시사고,2021110900100363,2021년 11월 9일 16시,화요일,부산광역시 영도구 청학동,중상사고,0,1,0,0,차대사람 - 길가장자리구역통행중,교차로운행방법위반,건조,맑음,단일로 - 기타,승용,남,64세,상해없음,보행자,여,64세,중상
택시사고,2021110900100472,2021년 11월 9일 18시,화요일,부산광역시 부산진구 전포동,경상사고,0,0,2,0,차대차 - 기타,차로위반,건조,기타,교차로 - 교차로부근,승용,남,64세,기타불명,승용,남,38세,경상
택시사고,2.02111E+15,2021년 11월 9일 19시,화요일,부산광역시 북구 만덕동,경상사고,0,0,1,0,차대차 - 측면충돌,안전운전불이행,건조,맑음,교차로 - 교차로부근,승용,남,65세,상해없음,승용,여,39세,경상
택시사고,2021110900100666,2021년 11월 9일 23시,화요일,부산광역시 부산진구 초읍동,중상사고,0,1,0,0,차대사람 - 기타,안전운전불이행,건조,맑음,교차로 - 교차로안,승용,남,66세,상해없음,보행자,남,65세,중상
택시사고,2021111000100003,2021년 11월 10일 00시,수요일,부산광역시 부산진구 범천동,경상사고,0,0,1,0,차대차 - 측면충돌,교차로운행방법위반,건조,맑음,교차로 - 교차로부근,승용,남,63세,상해없음,승용,남,20세,경상
택시사고,2021111000100532,2021년 11월 10일 20시,수요일,부산광역시 부산진구 전포동,경상사고,0,0,1,0,차대차 - 기타,안전운전불이행,건조,맑음,단일로 - 기타,승용,남,66세,상해없음,이륜,남,32세,경상
택시사고,2021111000100626,2021년 11월 10일 23시,수요일,부산광역시 서구 서대신동2가,경상사고,0,0,1,0,차대차 - 측면충돌,신호위반,건조,맑음,단일로 - 기타,승용,남,55세,상해없음,이륜,남,31세,경상
택시사고,2021111100100472,2021년 11월 11일 18시,목요일,부산광역시 사하구 하단동,경상사고,0,0,1,0,차대차 - 추돌,안전운전불이행,건조,맑음,단일로 - 기타,승용,남,63세,상해없음,승용,남,27세,상해없음
택시사고,2021111200100582,2021년 11월 12일 20시,금요일,부산광역시 수영구 민락동,경상사고,0,0,2,0,차대차 - 추돌,안전운전불이행,건조,맑음,기타 - 기타,승용,남,71세,상해없음,승용,여,28세,경상
택시사고,2.02111E+15,2021년 11월 13일 01시,토요일,부산광역시 부산진구 부전동,경상사고,0,0,3,0,차대차 - 측면충돌,안전운전불이행,건조,맑음,교차로 - 교차로안,승용,남,68세,상해없음,승용,남,67세,상해없음
택시사고,2021111300100047,2021년 11월 13일 02시,토요일,부산광역시 강서구 명지동,중상사고,0,1,0,0,차량단독 - 기타,안전운전불이행,건조,맑음,단일로 - 기타,승용,남,59세,상해없음,,,,
택시사고,2021111300100056,2021년 11월 13일 03시,토요일,부산광역시 연제구 연산동,경상사고,0,0,4,0,차대차 - 측면충돌,안전운전불이행,건조,맑음,교차로 - 교차로부근,승용,남,77세,상해없음,승용,여,26세,경상
택시사고,2021111300100614,2021년 11월 13일 22시,토요일,부산광역시 동구 범일동,경상사고,0,0,1,0,차량단독 - 기타,안전운전불이행,건조,맑음,교차로 - 교차로부근,승용,남,73세,상해없음,,,,
택시사고,2021111300100615,2021년 11월 13일 22시,토요일,부산광역시 동구 초량동,부상신고사고,0,0,0,1,차대사람 - 차도통행중,안전운전불이행,건조,맑음,단일로 - 기타,승용,남,74세,상해없음,보행자,남,27세,부상신고
택시사고,2021111300100616,2021년 11월 13일 22시,토요일,부산광역시 서구 충무동1가,경상사고,0,0,1,0,차대차 - 기타,교차로운행방법위반,건조,맑음,단일로 - 기타,승용,남,52세,상해없음,승합,남,45세,상해없음
택시사고,2021111400100004,2021년 11월 14일 00시,일요일,부산광역시 부산진구 부전동,경상사고,0,0,1,0,차대사람 - 횡단중,안전운전불이행,건조,맑음,단일로 - 기타,승용,남,58세,상해없음,보행자,남,24세,경상
택시사고,2.02111E+15,2021년 11월 14일 12시,일요일,부산광역시 해운대구 재송동,경상사고,0,0,1,0,차대차 - 기타,안전거리미확보,건조,맑음,단일로 - 기타,승용,남,64세,상해없음,승용,여,60세,경상
택시사고,2.02111E+15,2021년 11월 15일 08시,월요일,부산광역시 부산진구 가야동,경상사고,0,0,1,0,차대사람 - 기타,보행자보호의무위반,건조,맑음,단일로 - 기타,승용,남,69세,기타불명,보행자,남,7세,경상
택시사고,2021111500100257,2021년 11월 15일 13시,월요일,부산광역시 수영구 광안동,경상사고,0,0,1,0,차대차 - 기타,안전운전불이행,건조,맑음,주차장 - 주차장,승용,남,82세,상해없음,승용,여,41세,경상
택시사고,2.02111E+15,2021년 11월 15일 15시,월요일,부산광역시 금정구 서동,경상사고,0,0,1,0,차량단독 - 기타,안전운전불이행,건조,맑음,교차로 - 교차로안,승용,남,58세,상해없음,,,,
택시사고,2021111500100562,2021년 11월 15일 20시,월요일,부산광역시 사하구 다대동,경상사고,0,0,1,0,차대사람 - 기타,교차로운행방법위반,건조,맑음,교차로 - 교차로안,승용,남,62세,상해없음,보행자,남,56세,경상
택시사고,2021111500100635,2021년 11월 15일 23시,월요일,부산광역시 부산진구 양정동,경상사고,0,0,1,0,차대차 - 측면충돌,직진우회전진행방해,건조,맑음,교차로 - 교차로안,승용,남,60세,상해없음,승용,여,37세,경상
택시사고,2.02111E+15,2021년 11월 16일 01시,화요일,부산광역시 중구 중앙동6가,경상사고,0,0,1,0,차대차 - 측면충돌,안전거리미확보,건조,맑음,교차로 - 교차로부근,승용,남,77세,상해없음,승용,남,53세,경상
택시사고,2021111600100053,2021년 11월 16일 06시,화요일,부산광역시 수영구 광안동,중상사고,0,1,0,0,차대사람 - 횡단중,안전운전불이행,건조,맑음,교차로 - 교차로안,승용,남,71세,상해없음,보행자,여,78세,중상
택시사고,2021111600100611,2021년 11월 16일 22시,화요일,부산광역시 사하구 괴정동,경상사고,0,0,1,0,차대차 - 기타,안전거리미확보,건조,맑음,단일로 - 기타,승용,남,61세,상해없음,이륜,남,31세,경상
택시사고,2021111700100397,2021년 11월 17일 16시,수요일,부산광역시 동구 좌천동,경상사고,0,0,2,0,차대차 - 추돌,안전거리미확보,건조,맑음,단일로 - 기타,승용,남,66세,상해없음,승용,여,71세,경상
택시사고,2.02111E+15,2021년 11월 18일 23시,목요일,부산광역시 수영구 광안동,경상사고,0,0,3,0,차대차 - 측면충돌,안전운전불이행,건조,맑음,단일로 - 기타,승용,남,57세,경상,승용,남,62세,경상
택시사고,2021111900100258,2021년 11월 19일 13시,금요일,부산광역시 사하구 하단동,경상사고,0,0,1,0,차대차 - 기타,안전운전불이행,건조,맑음,교차로 - 교차로부근,승용,남,51세,경상,승용,여,35세,상해없음
택시사고,2021111900100328,2021년 11월 19일 15시,금요일,부산광역시 동구 초량동,경상사고,0,0,1,0,차대차 - 기타,안전운전불이행,건조,맑음,교차로 - 교차로안,승용,남,67세,상해없음,승용,남,52세,경상
택시사고,2021111900100366,2021년 11월 19일 16시,금요일,부산광역시 금정구 서동,경상사고,0,0,1,0,차대사람 - 횡단중,안전운전불이행,건조,맑음,교차로 - 교차로부근,승용,남,68세,상해없음,보행자,여,74세,경상
택시사고,2021111900100535,2021년 11월 19일 19시,금요일,부산광역시 수영구 광안동,경상사고,0,0,2,0,차대차 - 측면충돌,안전거리미확보,건조,맑음,단일로 - 기타,승용,남,57세,상해없음,화물,남,41세,경상
택시사고,2.02111E+15,2021년 11월 20일 01시,토요일,부산광역시 부산진구 부암동,사망사고,1,0,0,0,차대사람 - 기타,기타,건조,맑음,기타 - 기타,승용,남,61세,상해없음,보행자,남,73세,사망
택시사고,2.02111E+15,2021년 11월 20일 20시,토요일,부산광역시 연제구 거제동,경상사고,0,0,1,0,차대차 - 기타,안전운전불이행,건조,맑음,교차로 - 교차로부근,승용,남,67세,상해없음,승합,남,41세,상해없음
택시사고,2021112100100013,2021년 11월 21일 01시,일요일,부산광역시 영도구 동삼동,경상사고,0,0,1,0,차대차 - 기타,중앙선침범,건조,맑음,단일로 - 기타,승용,남,67세,기타불명,승용,여,24세,경상
택시사고,2021112100100014,2021년 11월 21일 01시,일요일,부산광역시 부산진구 초읍동,중상사고,0,1,2,0,차대차 - 측면충돌,안전운전불이행,건조,맑음,교차로 - 교차로안,승용,남,65세,상해없음,이륜,남,17세,중상
택시사고,2021112100100419,2021년 11월 21일 20시,일요일,부산광역시 금정구 장전동,경상사고,0,0,1,0,차대차 - 기타,안전운전불이행,건조,맑음,단일로 - 기타,승용,남,65세,상해없음,기타불명,기타불명,미분류,기타불명
택시사고,2021112100100443,2021년 11월 21일 21시,일요일,부산광역시 사하구 괴정동,중상사고,0,1,1,0,차대차 - 추돌,안전운전불이행,건조,맑음,단일로 - 기타,승용,남,56세,상해없음,원동기,남,25세,중상
택시사고,2021112200100528,2021년 11월 22일 19시,월요일,부산광역시 강서구 명지동,중상사고,0,1,0,0,차대차 - 측면충돌,안전거리미확보,건조,맑음,교차로 - 교차로부근,승용,남,71세,상해없음,이륜,남,46세,중상
택시사고,2021112200100571,2021년 11월 22일 21시,월요일,부산광역시 연제구 거제동,경상사고,0,0,1,0,차대차 - 기타,기타,건조,맑음,단일로 - 기타,승용,남,53세,상해없음,자전거,남,16세,경상
택시사고,2021112300100567,2021년 11월 23일 22시,화요일,부산광역시 연제구 연산동,경상사고,0,0,3,0,차대차 - 후진중충돌,안전운전불이행,건조,맑음,교차로 - 교차로부근,승용,남,66세,상해없음,승용,남,63세,경상
택시사고,2021112300100588,2021년 11월 23일 23시,화요일,부산광역시 부산진구 부전동,경상사고,0,0,1,0,차대차 - 측면충돌,신호위반,건조,맑음,교차로 - 교차로안,승용,남,60세,상해없음,승용,남,53세,상해없음
택시사고,2021112300100589,2021년 11월 23일 23시,화요일,부산광역시 금정구 구서동,중상사고,0,1,0,0,차대사람 - 차도통행중,안전운전불이행,건조,맑음,교차로 - 교차로안,승용,남,63세,상해없음,보행자,남,63세,중상
택시사고,2021112400100056,2021년 11월 24일 07시,수요일,부산광역시 강서구 대저2동,경상사고,0,0,1,0,차대차 - 추돌,안전운전불이행,건조,맑음,교차로 - 교차로부근,승용,남,66세,상해없음,승용,남,27세,경상
택시사고,2021112400100113,2021년 11월 24일 09시,수요일,부산광역시 부산진구 개금동,경상사고,0,0,2,0,차대차 - 측면충돌,직진우회전진행방해,건조,맑음,교차로 - 교차로안,승용,남,74세,상해없음,승용,여,43세,경상
택시사고,2021112400100196,2021년 11월 24일 12시,수요일,부산광역시 금정구 남산동,경상사고,0,0,1,0,차대차 - 측면충돌,교차로운행방법위반,건조,맑음,교차로 - 교차로안,승용,남,65세,상해없음,승용,여,35세,경상
택시사고,2021112400100265,2021년 11월 24일 14시,수요일,부산광역시 중구 영주동,경상사고,0,0,2,0,차대차 - 추돌,안전운전불이행,건조,맑음,교차로 - 교차로부근,승용,남,60세,상해없음,승용,남,59세,경상
택시사고,2021112400100317,2021년 11월 24일 16시,수요일,부산광역시 부산진구 부전동,중상사고,0,1,0,0,차대차 - 추돌,기타,건조,맑음,단일로 - 기타,승용,남,65세,상해없음,승합,남,41세,상해없음
택시사고,2021112500100646,2021년 11월 25일 22시,목요일,부산광역시 금정구 장전동,경상사고,0,0,2,0,차대차 - 측면충돌,교차로운행방법위반,건조,맑음,교차로 - 교차로안,승용,남,69세,상해없음,승용,남,45세,경상
택시사고,2021112500100666,2021년 11월 25일 23시,목요일,부산광역시 동래구 온천동,경상사고,0,0,1,0,차대사람 - 기타,안전운전불이행,건조,맑음,교차로 - 교차로안,승용,남,65세,상해없음,보행자,여,59세,경상
택시사고,2021112600100112,2021년 11월 26일 08시,금요일,부산광역시 금정구 구서동,경상사고,0,0,1,0,차대차 - 추돌,안전운전불이행,건조,맑음,단일로 - 기타,승용,남,58세,상해없음,승용,남,54세,경상
택시사고,2021112600100228,2021년 11월 26일 11시,금요일,부산광역시 금정구 구서동,경상사고,0,0,1,0,차대차 - 추돌,차로위반,건조,맑음,단일로 - 기타,승용,남,66세,상해없음,이륜,남,30세,경상
택시사고,2021112600100419,2021년 11월 26일 16시,금요일,부산광역시 부산진구 범천동,중상사고,0,1,0,0,차대사람 - 기타,안전운전불이행,건조,맑음,단일로 - 기타,승용,남,70세,상해없음,보행자,남,24세,중상
택시사고,2.02111E+15,2021년 11월 26일 18시,금요일,부산광역시 금정구 부곡동,경상사고,0,0,3,0,차대차 - 추돌,안전운전불이행,건조,맑음,단일로 - 기타,승용,남,69세,상해없음,승용,남,69세,경상
택시사고,2021112600100656,2021년 11월 26일 20시,금요일,부산광역시 금정구 장전동,중상사고,0,1,0,0,차대차 - 기타,기타,건조,맑음,단일로 - 기타,승용,남,70세,상해없음,이륜,남,23세,중상
택시사고,2021112700100038,2021년 11월 27일 04시,토요일,부산광역시 서구 동대신동2가,경상사고,0,0,2,0,차대차 - 정면충돌,중앙선침범,건조,맑음,단일로 - 기타,승용,남,68세,상해없음,승용,남,71세,경상
택시사고,2021112700100039,2021년 11월 27일 04시,토요일,부산광역시 사하구 구평동,경상사고,0,0,1,0,차대차 - 측면충돌,신호위반,건조,맑음,교차로 - 교차로안,승용,남,62세,상해없음,승용,남,51세,경상
택시사고,2021112700100593,2021년 11월 27일 23시,토요일,부산광역시 영도구 동삼동,중상사고,0,1,0,0,차대차 - 기타,안전운전불이행,건조,맑음,단일로 - 기타,승용,남,56세,상해없음,이륜,남,57세,중상
택시사고,2021112800100441,2021년 11월 28일 21시,일요일,부산광역시 사하구 괴정동,경상사고,0,0,1,0,차대사람 - 횡단중,신호위반,건조,맑음,단일로 - 기타,승용,남,75세,상해없음,보행자,남,45세,경상
택시사고,2021112900100151,2021년 11월 29일 09시,월요일,부산광역시 서구 동대신동2가,중상사고,0,1,0,0,차량단독 - 기타,기타,건조,맑음,단일로 - 기타,승용,남,63세,상해없음,,,,
택시사고,2021112900100616,2021년 11월 29일 22시,월요일,부산광역시 동래구 온천동,경상사고,0,0,1,0,차대차 - 후진중충돌,안전운전불이행,건조,맑음,단일로 - 기타,승용,남,63세,상해없음,이륜,여,38세,경상
택시사고,2021112900100618,2021년 11월 29일 22시,월요일,부산광역시 부산진구 전포동,경상사고,0,0,1,0,차대사람 - 기타,안전운전불이행,건조,맑음,단일로 - 기타,승용,남,59세,상해없음,보행자,여,21세,경상
택시사고,2021113000100297,2021년 11월 30일 13시,화요일,부산광역시 부산진구 부전동,중상사고,0,1,0,0,차대차 - 측면충돌,기타,젖음/습기,비,교차로 - 교차로부근,승용,남,72세,상해없음,이륜,남,46세,중상
택시사고,2021113000100298,2021년 11월 30일 13시,화요일,부산광역시 연제구 연산동,경상사고,0,0,1,0,차대차 - 기타,교차로운행방법위반,젖음/습기,비,교차로 - 교차로안,승용,남,64세,상해없음,승용,남,29세,경상
택시사고,2021120100100065,2021년 12월 1일 07시,수요일,부산광역시 동구 초량동,경상사고,0,0,1,0,차대차 - 측면충돌,안전운전불이행,건조,맑음,교차로 - 교차로부근,승용,남,59세,상해없음,승용,여,54세,경상
택시사고,2021120100100261,2021년 12월 1일 13시,수요일,부산광역시 영도구 대교동1가,경상사고,0,0,1,0,차대사람 - 횡단중,보행자보호의무위반,건조,맑음,단일로 - 기타,승용,남,58세,상해없음,보행자,여,32세,경상
택시사고,2021120100100454,2021년 12월 1일 18시,수요일,부산광역시 부산진구 부암동,중상사고,0,1,1,0,차대차 - 측면충돌,교차로운행방법위반,건조,맑음,교차로 - 교차로안,승용,남,69세,경상,승용,남,42세,중상
택시사고,2021120100100455,2021년 12월 1일 18시,수요일,부산광역시 사하구 다대동,부상신고사고,0,0,0,1,차대차 - 기타,안전운전불이행,건조,맑음,교차로 - 교차로부근,승용,남,65세,상해없음,승용,남,43세,부상신고
택시사고,2021120200100095,2021년 12월 2일 08시,목요일,부산광역시 부산진구 개금동,경상사고,0,0,1,0,차대차 - 측면충돌,안전거리미확보,건조,맑음,단일로 - 기타,승용,남,79세,상해없음,승용,남,75세,상해없음
택시사고,2021120300100015,2021년 12월 3일 01시,금요일,부산광역시 금정구 부곡동,중상사고,0,2,1,0,차대차 - 측면충돌,교차로운행방법위반,건조,맑음,교차로 - 교차로안,승용,남,69세,경상,승용,남,26세,중상
택시사고,2021120300100139,2021년 12월 3일 08시,금요일,부산광역시 부산진구 양정동,중상사고,0,1,0,0,차대차 - 기타,안전운전불이행,건조,맑음,교차로 - 교차로안,승용,남,69세,기타불명,이륜,남,16세,중상
택시사고,2021120300100677,2021년 12월 3일 21시,금요일,부산광역시 수영구 민락동,경상사고,0,0,2,0,차대차 - 정면충돌,교차로운행방법위반,건조,맑음,교차로 - 교차로안,승용,남,57세,기타불명,이륜,남,43세,경상
택시사고,2021120300100706,2021년 12월 3일 22시,금요일,부산광역시 영도구 대교동2가,경상사고,0,0,1,0,차량단독 - 기타,기타,건조,맑음,단일로 - 기타,승용,남,65세,상해없음,,,,
택시사고,2021120300100709,2021년 12월 3일 22시,금요일,부산광역시 부산진구 전포동,경상사고,0,0,1,0,차대사람 - 횡단중,안전운전불이행,건조,맑음,교차로 - 교차로부근,승용,남,62세,상해없음,보행자,남,48세,경상
택시사고,2021120400100149,2021년 12월 4일 11시,토요일,부산광역시 중구 중앙동4가,중상사고,0,1,0,0,차대차 - 추돌,안전거리미확보,건조,맑음,단일로 - 기타,승용,남,71세,상해없음,화물,남,65세,중상
택시사고,2021120400100151,2021년 12월 4일 11시,토요일,부산광역시 해운대구 우동,경상사고,0,0,2,0,차대차 - 기타,신호위반,건조,맑음,교차로 - 교차로안,승용,남,64세,경상,승용,남,24세,경상
택시사고,2021120400100441,2021년 12월 4일 19시,토요일,부산광역시 부산진구 개금동,중상사고,0,1,0,0,차대차 - 측면충돌,차로위반,건조,맑음,단일로 - 기타,승용,남,66세,상해없음,이륜,남,44세,중상
택시사고,2021120400100551,2021년 12월 4일 23시,토요일,부산광역시 남구 대연동,부상신고사고,0,0,0,1,차대차 - 측면충돌,안전운전불이행,건조,맑음,교차로 - 교차로안,승용,남,67세,상해없음,이륜,남,21세,부상신고
택시사고,2021120500100006,2021년 12월 5일 00시,일요일,부산광역시 연제구 연산동,경상사고,0,0,1,0,차대차 - 추돌,안전운전불이행,건조,맑음,단일로 - 기타,승용,남,67세,상해없음,승용,남,53세,경상
택시사고,2021120500100237,2021년 12월 5일 15시,일요일,부산광역시 사하구 다대동,중상사고,0,1,0,0,차대사람 - 횡단중,안전운전불이행,건조,맑음,단일로 - 기타,승용,남,63세,상해없음,보행자,여,57세,중상
택시사고,2021120500100358,2021년 12월 5일 19시,일요일,부산광역시 남구 대연동,경상사고,0,0,1,0,차대차 - 측면충돌,기타,건조,맑음,기타 - 기타,승용,남,61세,상해없음,이륜,남,50세,경상
택시사고,2021120600100412,2021년 12월 6일 18시,월요일,부산광역시 수영구 광안동,경상사고,0,0,3,0,차대차 - 측면충돌,안전거리미확보,건조,맑음,단일로 - 기타,승용,남,71세,경상,화물,남,50세,경상