사고부문,사고번호,사고일시,요일,시군구,사고내용,사망자수,중상자수,경상자수,부상신고자수,사고유형,법규위반,노면상태,기상상태,도로형태,가해운전자 차종,가해운전자 성별,가해운전자 연령,가해운전자 상해정도,피해운전자 차종,피해운전자 성별,피해운전자 연령,피해운전자 상해정도
택시사고,2021120800100361,2021년 12월 8일 16시,수요일,부산광역시 사하구 하단동,경상사고,0,0,1,0,차대차 - 기타,안전거리미확보,건조,맑음,단일로 - 기타,승용,남,74세,상해없음,이륜,남,19세,경상
택시사고,2.02112E+15,2021년 12월 9일 11시,목요일,부산광역시 강서구 명지동,경상사고,0,0,1,0,차대차 - 측면충돌,안전운전불이행,건조,맑음,단일로 - 기타,승용,남,68세,상해없음,승용,남,47세,경상
택시사고,2021120900100316,2021년 12월 9일 17시,목요일,부산광역시 남구 대연동,경상사고,0,0,1,0,차대차 - 측면충돌,안전거리미확보,건조,맑음,단일로 - 기타,승용,남,69세,기타불명,승용,남,41세,경상
택시사고,2021120900100504,2021년 12월 9일 22시,목요일,부산광역시 중구 중앙동4가,중상사고,0,1,0,0,차대차 - 측면충돌,신호위반,건조,맑음,교차로 - 교차로안,승용,남,59세,상해없음,승용,여,27세,중상
택시사고,2021121000100019,2021년 12월 10일 01시,금요일,부산광역시 수영구 망미동,경상사고,0,0,1,0,차대차 - 후진중충돌,안전운전불이행,건조,맑음,단일로 - 기타,승용,남,65세,상해없음,이륜,남,47세,경상
택시사고,2021121000100513,2021년 12월 10일 19시,금요일,부산광역시 영도구 영선동3가,경상사고,0,0,1,0,차대사람 - 기타,안전운전불이행,건조,맑음,단일로 - 기타,승용,남,70세,상해없음,보행자,여,38세,경상
택시사고,2.02112E+15,2021년 12월 11일 23시,토요일,부산광역시 중구 대창동2가,경상사고,0,0,3,0,차대차 - 측면충돌,신호위반,건조,맑음,교차로 - 교차로안,승용,남,59세,상해없음,승용,여,32세,경상
택시사고,2021121100100521,2021년 12월 11일 23시,토요일,부산광역시 부산진구 부전동,중상사고,0,1,0,0,차량단독 - 기타,기타,건조,맑음,교차로 - 교차로안,승용,남,68세,상해없음,,,,
택시사고,2021121200100201,2021년 12월 12일 15시,일요일,부산광역시 수영구 광안동,경상사고,0,0,2,0,차대차 - 추돌,안전운전불이행,건조,맑음,단일로 - 기타,승용,남,70세,상해없음,승용,남,28세,경상
택시사고,2021121300100444,2021년 12월 13일 18시,월요일,부산광역시 동래구 안락동,경상사고,0,0,2,0,차대차 - 측면충돌,불법유턴,건조,맑음,단일로 - 기타,승용,남,69세,상해없음,승용,남,32세,경상
택시사고,2021121400100135,2021년 12월 14일 10시,화요일,부산광역시 동구 초량동,중상사고,0,1,0,0,차대차 - 측면충돌,안전거리미확보,건조,맑음,단일로 - 기타,승용,남,63세,상해없음,이륜,남,39세,중상
택시사고,2021121500100029,2021년 12월 15일 02시,수요일,부산광역시 부산진구 범천동,경상사고,0,0,1,0,차량단독 - 기타,안전운전불이행,건조,맑음,단일로 - 기타,승용,남,73세,상해없음,,,,
택시사고,2021121500100043,2021년 12월 15일 05시,수요일,부산광역시 중구 대창동1가,중상사고,0,1,1,0,차대차 - 측면충돌,신호위반,건조,맑음,단일로 - 기타,승용,남,47세,상해없음,화물,남,45세,경상
택시사고,2021121500100233,2021년 12월 15일 12시,수요일,부산광역시 사상구 주례동,중상사고,0,1,0,0,차대차 - 측면충돌,신호위반,건조,맑음,단일로 - 기타,승용,남,67세,상해없음,원동기,남,25세,중상
택시사고,2021121500100261,2021년 12월 15일 13시,수요일,부산광역시 부산진구 양정동,경상사고,0,0,1,0,차대사람 - 기타,안전운전불이행,건조,맑음,교차로 - 교차로안,승용,남,67세,기타불명,보행자,여,22세,경상
택시사고,2021121500100285,2021년 12월 15일 14시,수요일,부산광역시 동구 초량동,중상사고,0,1,0,1,차대차 - 기타,교차로운행방법위반,건조,맑음,교차로 - 교차로부근,승용,남,73세,상해없음,승용,남,49세,중상
택시사고,2021121500100287,2021년 12월 15일 14시,수요일,부산광역시 금정구 부곡동,경상사고,0,0,1,0,차대차 - 측면충돌,안전운전불이행,건조,맑음,단일로 - 기타,승용,남,67세,상해없음,승용,남,48세,경상
택시사고,2021121600100334,2021년 12월 16일 17시,목요일,부산광역시 사상구 괘법동,경상사고,0,0,1,2,차대차 - 기타,안전운전불이행,건조,맑음,단일로 - 기타,승용,남,64세,상해없음,승용,남,48세,경상
택시사고,2021121700100467,2021년 12월 17일 18시,금요일,부산광역시 수영구 광안동,부상신고사고,0,0,0,1,차대사람 - 차도통행중,안전운전불이행,건조,맑음,교차로 - 교차로안,승용,남,43세,상해없음,보행자,남,56세,부상신고
택시사고,2021121800100068,2021년 12월 18일 04시,토요일,부산광역시 금정구 장전동,중상사고,0,1,1,0,차대차 - 측면충돌,교차로운행방법위반,건조,맑음,교차로 - 교차로안,승용,남,60세,경상,승용,남,27세,중상
택시사고,2021121800100099,2021년 12월 18일 08시,토요일,부산광역시 연제구 연산동,중상사고,0,1,0,0,차대사람 - 기타,보행자보호의무위반,건조,맑음,단일로 - 기타,승용,남,62세,상해없음,보행자,여,46세,중상
택시사고,2021121900100101,2021년 12월 19일 12시,일요일,부산광역시 부산진구 부암동,경상사고,0,0,3,1,차대차 - 추돌,안전운전불이행,건조,맑음,단일로 - 기타,승용,남,72세,기타불명,승용,남,52세,경상
택시사고,2021122000100151,2021년 12월 20일 11시,월요일,부산광역시 동래구 온천동,경상사고,0,0,1,0,차대사람 - 횡단중,보행자보호의무위반,건조,맑음,교차로 - 교차로안,승용,남,59세,상해없음,보행자,여,56세,경상
택시사고,2021122000100509,2021년 12월 20일 19시,월요일,부산광역시 사하구 하단동,경상사고,0,0,1,0,차대사람 - 차도통행중,안전운전불이행,건조,맑음,단일로 - 기타,승용,남,62세,상해없음,보행자,남,63세,경상
택시사고,2021122000100548,2021년 12월 20일 20시,월요일,부산광역시 기장군 기장읍,경상사고,0,0,1,0,차대차 - 기타,안전운전불이행,건조,맑음,단일로 - 기타,승용,남,61세,상해없음,이륜,남,37세,경상
택시사고,2021122100100002,2021년 12월 21일 00시,화요일,부산광역시 부산진구 개금동,경상사고,0,0,2,0,차대차 - 기타,기타,건조,맑음,교차로 - 교차로안,승용,남,58세,기타불명,승용,남,51세,경상
택시사고,2021122100100022,2021년 12월 21일 06시,화요일,부산광역시 남구 대연동,경상사고,0,0,1,0,차대차 - 정면충돌,신호위반,건조,맑음,교차로 - 교차로안,승용,남,64세,상해없음,승용,남,53세,경상
택시사고,2021122100100079,2021년 12월 21일 08시,화요일,부산광역시 서구 아미동2가,경상사고,0,0,1,0,차량단독 - 기타,안전운전불이행,건조,맑음,단일로 - 기타,승용,남,72세,상해없음,,,,
택시사고,2021122100100218,2021년 12월 21일 13시,화요일,부산광역시 서구 충무동3가,중상사고,0,1,0,0,차대사람 - 기타,안전운전불이행,건조,맑음,교차로 - 교차로안,승용,남,75세,상해없음,보행자,남,86세,중상
택시사고,2021122100100437,2021년 12월 21일 19시,화요일,부산광역시 동래구 사직동,경상사고,0,0,1,0,차대차 - 측면충돌,차로위반,건조,맑음,단일로 - 기타,승용,남,67세,상해없음,원동기,남,46세,경상
택시사고,2021122300100155,2021년 12월 23일 11시,목요일,부산광역시 동구 수정동,중상사고,0,1,0,0,차대사람 - 차도통행중,안전운전불이행,건조,맑음,단일로 - 기타,승용,남,53세,상해없음,보행자,남,70세,중상
택시사고,2021122300100187,2021년 12월 23일 12시,목요일,부산광역시 사상구 괘법동,중상사고,0,1,0,0,차대사람 - 길가장자리구역통행중,안전운전불이행,건조,맑음,단일로 - 기타,승용,남,66세,상해없음,보행자,여,82세,중상
택시사고,2021122300100405,2021년 12월 23일 18시,목요일,부산광역시 부산진구 부전동,경상사고,0,0,1,0,차대차 - 측면충돌,신호위반,건조,맑음,교차로 - 교차로부근,승용,남,62세,상해없음,자전거,남,12세,경상
택시사고,2021122300100453,2021년 12월 23일 19시,목요일,부산광역시 부산진구 부전동,중상사고,0,1,0,0,차대차 - 기타,기타,건조,맑음,단일로 - 기타,승용,남,66세,상해없음,이륜,남,37세,중상
택시사고,2021122500100009,2021년 12월 25일 01시,토요일,부산광역시 강서구 대저2동,경상사고,0,0,1,0,차량단독 - 기타,안전운전불이행,건조,맑음,교차로 - 교차로부근,승용,남,70세,상해없음,,,,
택시사고,2021122500100173,2021년 12월 25일 14시,토요일,부산광역시 부산진구 부전동,경상사고,0,0,1,0,차대차 - 기타,기타,건조,맑음,기타 - 기타,승용,남,69세,상해없음,이륜,남,32세,경상
택시사고,2021122500100281,2021년 12월 25일 18시,토요일,부산광역시 부산진구 부전동,중상사고,0,1,1,0,차대차 - 추돌,안전운전불이행,건조,맑음,기타 - 기타,승용,남,66세,상해없음,승용,남,39세,상해없음
택시사고,2021122600100045,2021년 12월 26일 10시,일요일,부산광역시 북구 구포동,중상사고,0,1,0,0,차대차 - 기타,교차로운행방법위반,건조,맑음,교차로 - 교차로안,승용,남,64세,상해없음,승용,남,49세,중상
택시사고,2021122600100126,2021년 12월 26일 14시,일요일,부산광역시 동래구 온천동,경상사고,0,0,1,0,차대사람 - 횡단중,보행자보호의무위반,건조,맑음,교차로 - 교차로횡단보도내,승용,남,56세,상해없음,보행자,여,48세,경상
택시사고,2021122600100127,2021년 12월 26일 14시,일요일,부산광역시 사하구 괴정동,중상사고,0,2,1,0,차대차 - 기타,안전거리미확보,건조,맑음,단일로 - 기타,승용,남,77세,경상,승용,여,63세,중상
택시사고,2021122600100295,2021년 12월 26일 20시,일요일,부산광역시 수영구 광안동,중상사고,0,1,0,0,차대차 - 기타,차로위반,건조,맑음,단일로 - 기타,승용,남,53세,상해없음,승용,남,29세,상해없음
택시사고,2021122700100185,2021년 12월 27일 12시,월요일,부산광역시 해운대구 우동,경상사고,0,0,1,0,차대차 - 추돌,신호위반,건조,맑음,교차로 - 교차로부근,승용,남,73세,상해없음,승용,여,38세,경상
택시사고,2021122700100249,2021년 12월 27일 14시,월요일,부산광역시 남구 감만동,중상사고,0,1,1,0,차대차 - 기타,안전운전불이행,건조,맑음,단일로 - 기타,승용,남,54세,상해없음,특수,남,41세,상해없음
택시사고,2021122800100027,2021년 12월 28일 05시,화요일,부산광역시 사상구 엄궁동,경상사고,0,0,1,0,차대사람 - 기타,기타,건조,맑음,단일로 - 기타,승용,남,69세,상해없음,보행자,여,68세,경상
택시사고,2021122800100041,2021년 12월 28일 06시,화요일,부산광역시 수영구 광안동,경상사고,0,0,1,0,차대사람 - 횡단중,안전운전불이행,건조,맑음,단일로 - 기타,승용,남,55세,상해없음,보행자,남,27세,경상
택시사고,2021122800100324,2021년 12월 28일 17시,화요일,부산광역시 금정구 장전동,경상사고,0,0,1,0,차대사람 - 기타,안전운전불이행,건조,맑음,단일로 - 기타,승용,남,60세,상해없음,보행자,남,18세,경상
택시사고,2021122800100522,2021년 12월 28일 22시,화요일,부산광역시 남구 대연동,경상사고,0,0,1,0,차대차 - 측면충돌,교차로운행방법위반,건조,맑음,교차로 - 교차로부근,승용,남,66세,상해없음,승용,남,60세,상해없음
택시사고,2.02112E+15,2021년 12월 29일 15시,수요일,부산광역시 연제구 연산동,경상사고,0,0,1,0,차대차 - 기타,안전운전불이행,건조,맑음,단일로 - 기타,승용,남,66세,상해없음,이륜,남,38세,경상
택시사고,2021122900100299,2021년 12월 29일 16시,수요일,부산광역시 남구 대연동,경상사고,0,0,1,0,차대차 - 측면충돌,안전운전불이행,건조,맑음,단일로 - 기타,승용,남,75세,상해없음,승용,남,53세,경상
택시사고,2021122900100343,2021년 12월 29일 17시,수요일,부산광역시 사상구 괘법동,경상사고,0,0,1,0,차대사람 - 기타,안전운전불이행,건조,흐림,단일로 - 기타,승용,남,52세,기타불명,보행자,여,78세,경상
택시사고,2021122900100542,2021년 12월 29일 22시,수요일,부산광역시 부산진구 부전동,경상사고,0,0,1,0,차대차 - 측면충돌,신호위반,건조,맑음,교차로 - 교차로안,승용,남,73세,상해없음,이륜,남,50세,경상
택시사고,2021123000100402,2021년 12월 30일 18시,목요일,부산광역시 금정구 부곡동,경상사고,0,0,1,0,차대차 - 추돌,안전거리미확보,건조,맑음,교차로 - 교차로부근,승용,남,57세,상해없음,승용,남,35세,경상
택시사고,2021123000100514,2021년 12월 30일 20시,목요일,부산광역시 수영구 망미동,경상사고,0,0,2,0,차대차 - 측면충돌,안전운전불이행,건조,맑음,교차로 - 교차로부근,승용,남,71세,상해없음,승용,남,27세,경상
택시사고,2021123100100038,2021년 12월 31일 07시,금요일,부산광역시 연제구 거제동,중상사고,0,1,0,0,차대사람 - 횡단중,안전운전불이행,건조,맑음,단일로 - 기타,승용,남,69세,상해없음,보행자,남,82세,중상
택시사고,2021123100100494,2021년 12월 31일 19시,금요일,부산광역시 동래구 명륜동,경상사고,0,0,1,0,차대사람 - 기타,안전운전불이행,건조,맑음,교차로 - 교차로부근,승용,남,51세,상해없음,보행자,여,28세,경상
택시사고,2021123100100601,2021년 12월 31일 22시,금요일,부산광역시 서구 서대신동2가,경상사고,0,0,1,0,차대차 - 측면충돌,안전거리미확보,건조,맑음,단일로 - 기타,승용,남,68세,상해없음,승용,남,80세,상해없음
택시사고,2022010100100003,2022년 1월 1일 00시,토요일,부산광역시 부산진구 부전동,중상사고,0,1,0,0,차대차 - 측면충돌,안전운전불이행,건조,맑음,단일로 - 기타,승용,남,62세,상해없음,이륜,남,32세,중상
택시사고,2022010100100252,2022년 1월 1일 18시,토요일,부산광역시 사하구 신평동,중상사고,0,1,0,0,차대차 - 측면충돌,신호위반,건조,맑음,단일로 - 기타,승용,남,70세,상해없음,이륜,남,25세,중상
택시사고,2022010100100383,2022년 1월 1일 22시,토요일,부산광역시 부산진구 가야동,경상사고,0,0,1,0,차대차 - 추돌,안전운전불이행,건조,맑음,교차로 - 교차로안,승용,남,77세,상해없음,이륜,남,27세,경상
택시사고,2022010100100384,2022년 1월 1일 22시,토요일,부산광역시 부산진구 부암동,경상사고,0,0,1,0,차대차 - 기타,교차로운행방법위반,건조,기타,교차로 - 교차로안,승용,남,80세,상해없음,이륜,남,33세,경상
택시사고,2022010200100321,2022년 1월 2일 20시,일요일,부산광역시 사하구 장림동,경상사고,0,0,2,0,차량단독 - 기타,안전운전불이행,건조,맑음,단일로 - 기타,승용,남,57세,상해없음,,,,
택시사고,2022010300100055,2022년 1월 3일 07시,월요일,부산광역시 강서구 대저1동,부상신고사고,0,0,0,2,차대차 - 기타,안전거리미확보,건조,맑음,단일로 - 기타,승용,남,64세,부상신고,화물,남,62세,상해없음
택시사고,2022010300100255,2022년 1월 3일 13시,월요일,부산광역시 부산진구 부전동,중상사고,0,1,0,0,차대차 - 기타,교차로운행방법위반,건조,맑음,교차로 - 교차로부근,승용,남,64세,상해없음,승합,남,55세,상해없음
택시사고,2022010400100439,2022년 1월 4일 19시,화요일,부산광역시 부산진구 범천동,경상사고,0,0,2,0,차대차 - 측면충돌,신호위반,건조,맑음,교차로 - 교차로안,승용,남,64세,상해없음,승용,남,44세,경상
택시사고,2.02201E+15,2022년 1월 4일 19시,화요일,부산광역시 부산진구 부전동,경상사고,0,0,1,0,차대차 - 추돌,교차로운행방법위반,건조,맑음,교차로 - 교차로안,승용,남,59세,상해없음,이륜,남,26세,경상
택시사고,2022010400100469,2022년 1월 4일 20시,화요일,부산광역시 해운대구 우동,중상사고,0,1,0,0,차대차 - 기타,안전운전불이행,건조,흐림,교차로 - 교차로안,승용,남,67세,상해없음,원동기,남,40세,중상
택시사고,2022010400100496,2022년 1월 4일 21시,화요일,부산광역시 연제구 거제동,사망사고,1,0,0,0,차대차 - 추돌,안전운전불이행,건조,맑음,단일로 - 기타,승용,남,70세,상해없음,기타불명,여,74세,사망
택시사고,2022010400100526,2022년 1월 4일 22시,화요일,부산광역시 수영구 수영동,경상사고,0,0,1,0,차대차 - 기타,안전운전불이행,건조,맑음,교차로 - 교차로안,승용,남,59세,상해없음,원동기,남,28세,경상
택시사고,2022010400100539,2022년 1월 4일 23시,화요일,부산광역시 서구 충무동3가,경상사고,0,0,1,0,차대사람 - 차도통행중,안전운전불이행,건조,맑음,단일로 - 기타,승용,남,66세,상해없음,보행자,남,26세,경상
택시사고,2022010500100151,2022년 1월 5일 12시,수요일,부산광역시 해운대구 반여동,경상사고,0,0,1,1,차대차 - 측면충돌,안전운전불이행,건조,흐림,기타 - 기타,승용,남,74세,부상신고,승용,남,31세,경상
택시사고,2022010500100448,2022년 1월 5일 22시,수요일,부산광역시 동구 초량동,사망사고,1,0,2,0,차대차 - 추돌,안전거리미확보,젖음/습기,비,기타 - 기타,승용,남,66세,상해없음,승용,남,70세,사망
택시사고,2022010600100164,2022년 1월 6일 11시,목요일,부산광역시 연제구 연산동,경상사고,0,0,1,0,차대차 - 기타,교차로운행방법위반,건조,맑음,단일로 - 기타,승용,남,66세,상해없음,이륜,남,34세,경상
택시사고,2022010600100355,2022년 1월 6일 17시,목요일,부산광역시 부산진구 가야동,경상사고,0,0,1,0,차대차 - 기타,안전운전불이행,건조,맑음,교차로 - 교차로안,승용,남,67세,상해없음,승용,여,31세,경상
택시사고,2.02201E+15,2022년 1월 6일 18시,목요일,부산광역시 해운대구 우동,경상사고,0,0,2,1,차대차 - 측면충돌,안전운전불이행,건조,맑음,단일로 - 기타,승용,남,72세,상해없음,승용,남,31세,부상신고
택시사고,2022010600100443,2022년 1월 6일 19시,목요일,부산광역시 부산진구 부전동,중상사고,0,1,0,0,차대차 - 정면충돌,중앙선침범,건조,맑음,단일로 - 기타,승용,남,69세,상해없음,이륜,남,31세,중상
택시사고,2022010600100536,2022년 1월 6일 22시,목요일,부산광역시 남구 대연동,중상사고,0,1,0,0,차량단독 - 기타,안전운전불이행,건조,맑음,기타 - 기타,승용,남,68세,상해없음,,,,
택시사고,2022010700100035,2022년 1월 7일 06시,금요일,부산광역시 남구 문현동,중상사고,0,1,0,0,차대사람 - 횡단중,안전운전불이행,건조,맑음,단일로 - 기타,승용,남,66세,상해없음,보행자,남,66세,중상
택시사고,2022010800100341,2022년 1월 8일 17시,토요일,부산광역시 사상구 엄궁동,경상사고,0,0,1,0,차대차 - 기타,안전거리미확보,건조,맑음,단일로 - 기타,승용,남,76세,상해없음,승용,남,27세,경상
택시사고,2022010900100109,2022년 1월 9일 13시,일요일,부산광역시 동래구 안락동,경상사고,0,0,1,0,차대차 - 측면충돌,안전운전불이행,건조,맑음,단일로 - 기타,승용,남,78세,상해없음,승용,남,33세,경상
택시사고,2022010900100143,2022년 1월 9일 15시,일요일,부산광역시 부산진구 연지동,경상사고,0,0,2,0,차대차 - 측면충돌,중앙선침범,건조,맑음,단일로 - 기타,승용,남,63세,상해없음,승용,남,47세,경상
택시사고,2022011000100181,2022년 1월 10일 11시,월요일,부산광역시 중구 부평동2가,경상사고,0,0,1,0,차대사람 - 횡단중,안전운전불이행,건조,맑음,교차로 - 교차로부근,승용,남,73세,상해없음,보행자,여,69세,경상
택시사고,2022011000100219,2022년 1월 10일 12시,월요일,부산광역시 기장군 철마면,중상사고,0,1,0,0,차대차 - 추돌,안전운전불이행,건조,맑음,단일로 - 기타,승용,남,63세,상해없음,자전거,남,47세,중상
택시사고,2022011100100054,2022년 1월 11일 07시,화요일,부산광역시 동래구 온천동,경상사고,0,0,2,0,차대차 - 측면충돌,교차로운행방법위반,건조,맑음,교차로 - 교차로안,승용,남,60세,경상,승용,남,29세,경상
택시사고,2022011100100306,2022년 1월 11일 15시,화요일,부산광역시 강서구 송정동,경상사고,0,0,2,0,차대차 - 후진중충돌,안전운전불이행,건조,맑음,단일로 - 지하차도(도로)내,승용,남,72세,상해없음,승용,남,54세,경상
택시사고,2022011200100136,2022년 1월 12일 10시,수요일,부산광역시 중구 남포동6가,중상사고,0,1,0,0,차대사람 - 횡단중,안전운전불이행,건조,맑음,교차로 - 교차로안,승용,남,64세,상해없음,보행자,여,66세,중상
택시사고,2022011200100407,2022년 1월 12일 18시,수요일,부산광역시 기장군 기장읍,경상사고,0,0,1,0,차대사람 - 기타,보행자보호의무위반,건조,맑음,교차로 - 교차로횡단보도내,승용,남,65세,상해없음,보행자,여,31세,경상
택시사고,2022011200100571,2022년 1월 12일 22시,수요일,부산광역시 해운대구 반여동,중상사고,0,1,0,0,차량단독 - 공작물충돌,안전운전불이행,건조,맑음,단일로 - 기타,승용,남,56세,중상,,,,
택시사고,2022011300100274,2022년 1월 13일 14시,목요일,부산광역시 남구 감만동,경상사고,0,0,1,0,차대차 - 기타,신호위반,건조,맑음,교차로 - 교차로안,승용,남,64세,상해없음,특수,남,43세,경상
택시사고,2022011300100407,2022년 1월 13일 18시,목요일,부산광역시 연제구 거제동,경상사고,0,0,1,0,차대차 - 추돌,안전거리미확보,건조,맑음,단일로 - 기타,승용,남,73세,상해없음,이륜,남,40세,경상
택시사고,2022011400100213,2022년 1월 14일 12시,금요일,부산광역시 해운대구 중동,부상신고사고,0,0,0,1,차대차 - 기타,안전운전불이행,건조,맑음,교차로 - 교차로안,승용,남,68세,상해없음,화물,남,39세,상해없음
택시사고,2022011400100249,2022년 1월 14일 13시,금요일,부산광역시 금정구 구서동,경상사고,0,0,1,0,차대사람 - 횡단중,신호위반,건조,맑음,단일로 - 기타,승용,남,72세,상해없음,보행자,여,9세,경상
택시사고,2.02201E+15,2022년 1월 14일 13시,금요일,부산광역시 연제구 연산동,중상사고,0,1,0,0,차대차 - 기타,안전거리미확보,건조,맑음,단일로 - 기타,승용,남,65세,상해없음,원동기,남,64세,중상
택시사고,2022011400100646,2022년 1월 14일 22시,금요일,부산광역시 수영구 민락동,경상사고,0,0,1,0,차대사람 - 보도통행중,신호위반,건조,맑음,단일로 - 기타,승용,남,57세,상해없음,보행자,여,53세,경상
택시사고,2.02201E+15,2022년 1월 15일 14시,토요일,부산광역시 연제구 연산동,경상사고,0,0,1,0,차대차 - 추돌,안전운전불이행,건조,맑음,단일로 - 기타,승용,남,72세,상해없음,승용,남,36세,경상
택시사고,2022011600100259,2022년 1월 16일 18시,일요일,부산광역시 해운대구 우동,경상사고,0,0,1,0,차대차 - 측면충돌,안전운전불이행,건조,맑음,단일로 - 기타,승용,남,60세,상해없음,이륜,남,27세,경상
택시사고,2022011700100119,2022년 1월 17일 10시,월요일,부산광역시 수영구 민락동,경상사고,0,0,1,0,차대차 - 기타,안전운전불이행,건조,맑음,단일로 - 기타,승용,남,72세,상해없음,승용,남,56세,상해없음
택시사고,2.02201E+15,2022년 1월 17일 10시,월요일,부산광역시 해운대구 송정동,중상사고,0,1,0,0,차대차 - 측면충돌,안전운전불이행,건조,맑음,교차로 - 교차로안,승용,남,47세,상해없음,자전거,남,80세,중상
택시사고,2022011700100263,2022년 1월 17일 15시,월요일,부산광역시 부산진구 가야동,경상사고,0,0,1,0,차대차 - 정면충돌,안전거리미확보,건조,맑음,교차로 - 교차로부근,승용,남,69세,상해없음,이륜,남,25세,경상
택시사고,2022011700100517,2022년 1월 17일 23시,월요일,부산광역시 사하구 하단동,중상사고,0,1,0,0,차대사람 - 횡단중,안전운전불이행,건조,맑음,교차로 - 교차로부근,승용,남,67세,상해없음,보행자,남,26세,중상
택시사고,2022011800100206,2022년 1월 18일 12시,화요일,부산광역시 동래구 안락동,경상사고,0,0,1,0,차대사람 - 횡단중,안전운전불이행,건조,맑음,단일로 - 기타,승용,남,67세,상해없음,보행자,여,31세,경상
택시사고,2022011800100237,2022년 1월 18일 13시,화요일,부산광역시 영도구 영선동2가,중상사고,0,1,0,0,차대사람 - 횡단중,보행자보호의무위반,건조,맑음,교차로 - 교차로횡단보도내,승용,남,60세,상해없음,보행자,남,54세,중상
택시사고,2022011800100366,2022년 1월 18일 16시,화요일,부산광역시 수영구 민락동,부상신고사고,0,0,0,1,차대사람 - 보도통행중,신호위반,건조,맑음,교차로 - 교차로부근,승용,남,75세,상해없음,보행자,여,26세,부상신고
택시사고,2022011800100403,2022년 1월 18일 17시,화요일,부산광역시 동구 좌천동,경상사고,0,0,1,0,차대차 - 측면충돌,안전거리미확보,건조,맑음,단일로 - 기타,승용,남,65세,상해없음,이륜,남,47세,경상
택시사고,2022011900100439,2022년 1월 19일 21시,수요일,부산광역시 부산진구 부전동,중상사고,0,1,0,0,차대사람 - 횡단중,안전운전불이행,건조,맑음,단일로 - 기타,승용,남,57세,상해없음,보행자,여,21세,중상
택시사고,2022012000100513,2022년 1월 20일 21시,목요일,부산광역시 부산진구 전포동,경상사고,0,0,1,0,차대차 - 측면충돌,안전운전불이행,건조,맑음,교차로 - 교차로안,승용,남,63세,상해없음,이륜,남,29세,경상
택시사고,2022012000100556,2022년 1월 20일 22시,목요일,부산광역시 북구 덕천동,경상사고,0,0,1,0,차대사람 - 차도통행중,안전운전불이행,건조,맑음,기타 - 기타,승용,남,64세,상해없음,보행자,남,27세,경상
택시사고,2022012100100206,2022년 1월 21일 11시,금요일,부산광역시 동구 초량동,중상사고,0,1,0,0,차대차 - 기타,안전운전불이행,건조,맑음,단일로 - 기타,승용,남,69세,상해없음,이륜,남,60세,중상
택시사고,2022012100100571,2022년 1월 21일 19시,금요일,부산광역시 사하구 하단동,경상사고,0,0,1,0,차대차 - 측면충돌,안전운전불이행,건조,맑음,교차로 - 교차로부근,승용,남,67세,상해없음,승용,남,66세,경상
택시사고,2022012100100651,2022년 1월 21일 21시,금요일,부산광역시 수영구 수영동,부상신고사고,0,0,0,1,차대차 - 측면충돌,안전거리미확보,건조,맑음,단일로 - 기타,승용,남,67세,상해없음,원동기,남,40세,부상신고
택시사고,2022012100100697,2022년 1월 21일 22시,금요일,부산광역시 부산진구 부전동,중상사고,0,1,1,0,차대차 - 측면충돌,직진우회전진행방해,건조,맑음,교차로 - 교차로안,승용,남,57세,경상,이륜,남,39세,중상
택시사고,2022012200100011,2022년 1월 22일 01시,토요일,부산광역시 사하구 하단동,경상사고,0,0,1,0,차대차 - 기타,안전거리미확보,건조,맑음,단일로 - 기타,승용,남,58세,상해없음,승용,남,26세,경상
택시사고,2022012200100057,2022년 1월 22일 08시,토요일,부산광역시 사상구 괘법동,경상사고,0,0,1,0,차대차 - 기타,안전거리미확보,건조,맑음,단일로 - 기타,승용,남,64세,상해없음,화물,남,53세,상해없음
택시사고,2022012200100264,2022년 1월 22일 15시,토요일,부산광역시 연제구 거제동,경상사고,0,0,3,0,차대차 - 기타,차로위반,건조,맑음,단일로 - 기타,승용,남,69세,상해없음,승용,남,37세,상해없음
택시사고,2022012200100326,2022년 1월 22일 17시,토요일,부산광역시 부산진구 부전동,중상사고,0,1,0,0,차대차 - 측면충돌,안전거리미확보,건조,맑음,단일로 - 기타,승용,남,68세,상해없음,이륜,남,23세,중상
택시사고,2.02201E+15,2022년 1월 22일 23시,토요일,부산광역시 중구 중앙동6가,중상사고,0,1,2,0,차대차 - 측면충돌,신호위반,건조,맑음,교차로 - 교차로부근,승용,남,72세,상해없음,승합,남,43세,경상
택시사고,2022012400100069,2022년 1월 24일 08시,월요일,부산광역시 남구 대연동,사망사고,1,0,0,0,차대사람 - 보도통행중,보행자보호의무위반,건조,흐림,단일로 - 기타,승용,남,62세,상해없음,보행자,남,74세,사망
택시사고,2022012400100181,2022년 1월 24일 11시,월요일,부산광역시 수영구 광안동,중상사고,0,1,0,0,차대차 - 측면충돌,안전운전불이행,건조,맑음,교차로 - 교차로안,승용,남,67세,상해없음,이륜,남,80세,중상
택시사고,2022012500100068,2022년 1월 25일 08시,화요일,부산광역시 부산진구 개금동,경상사고,0,0,1,0,차대사람 - 횡단중,신호위반,건조,맑음,단일로 - 기타,승용,남,77세,상해없음,보행자,여,56세,경상