사고부문,사고번호,사고일시,요일,시군구,사고내용,사망자수,중상자수,경상자수,부상신고자수,사고유형,법규위반,노면상태,기상상태,도로형태,가해운전자 차종,가해운전자 성별,가해운전자 연령,가해운전자 상해정도,피해운전자 차종,피해운전자 성별,피해운전자 연령,피해운전자 상해정도
택시사고,2.02201E+15,2022년 1월 25일 10시,화요일,부산광역시 해운대구 우동,중상사고,0,1,0,0,차대사람 - 횡단중,안전운전불이행,건조,흐림,교차로 - 교차로안,승용,남,60세,상해없음,보행자,여,81세,중상
택시사고,2022012500100277,2022년 1월 25일 15시,화요일,부산광역시 부산진구 범천동,경상사고,0,0,2,0,차대차 - 기타,안전운전불이행,건조,맑음,교차로 - 교차로부근,승용,남,60세,상해없음,승용,남,63세,경상
택시사고,2022012700100097,2022년 1월 27일 09시,목요일,부산광역시 연제구 연산동,경상사고,0,0,2,0,차대차 - 기타,교차로운행방법위반,건조,맑음,교차로 - 교차로안,승용,남,64세,상해없음,승용,남,84세,경상
택시사고,2022012700100123,2022년 1월 27일 10시,목요일,부산광역시 강서구 명지동,중상사고,0,1,0,0,차대차 - 측면충돌,신호위반,건조,맑음,교차로 - 교차로횡단보도내,승용,남,75세,상해없음,승용,여,35세,중상
택시사고,2022012700100353,2022년 1월 27일 17시,목요일,부산광역시 부산진구 가야동,중상사고,0,1,0,0,차대사람 - 횡단중,안전운전불이행,건조,맑음,기타 - 기타,승용,남,64세,상해없음,보행자,남,10세,중상
택시사고,2022012800100436,2022년 1월 28일 18시,금요일,부산광역시 서구 동대신동1가,경상사고,0,0,1,0,차대차 - 측면충돌,안전운전불이행,건조,맑음,교차로 - 교차로부근,승용,남,63세,상해없음,이륜,남,36세,경상
택시사고,2022012800100437,2022년 1월 28일 18시,금요일,부산광역시 부산진구 연지동,중상사고,0,1,1,0,차대차 - 정면충돌,신호위반,건조,맑음,교차로 - 교차로안,승용,남,62세,상해없음,승용,남,42세,중상
택시사고,2.02201E+15,2022년 1월 28일 19시,금요일,부산광역시 부산진구 가야동,경상사고,0,0,1,0,차대차 - 정면충돌,신호위반,건조,맑음,교차로 - 교차로안,승용,남,63세,상해없음,이륜,남,29세,경상
택시사고,2022012900100105,2022년 1월 29일 11시,토요일,부산광역시 사상구 괘법동,경상사고,0,0,1,1,차대차 - 측면충돌,안전운전불이행,건조,맑음,교차로 - 교차로부근,승용,남,66세,부상신고,승용,여,56세,경상
택시사고,2022012900100261,2022년 1월 29일 16시,토요일,부산광역시 금정구 장전동,경상사고,0,0,1,0,차대차 - 측면충돌,교차로운행방법위반,건조,맑음,교차로 - 교차로안,승용,남,66세,상해없음,이륜,남,25세,경상
택시사고,2022012900100356,2022년 1월 29일 19시,토요일,부산광역시 북구 구포동,경상사고,0,0,2,0,차대차 - 측면충돌,안전거리미확보,건조,맑음,단일로 - 기타,승용,남,64세,상해없음,승용,남,28세,경상
택시사고,2022012900100416,2022년 1월 29일 21시,토요일,부산광역시 부산진구 전포동,경상사고,0,0,3,0,차대차 - 측면충돌,안전거리미확보,건조,맑음,교차로 - 교차로부근,승용,남,64세,상해없음,승용,여,30세,경상
택시사고,2022012900100417,2022년 1월 29일 21시,토요일,부산광역시 사하구 장림동,중상사고,0,1,0,0,차대사람 - 횡단중,보행자보호의무위반,건조,맑음,단일로 - 기타,승용,남,59세,상해없음,보행자,남,63세,중상
택시사고,2022013000100026,2022년 1월 30일 06시,일요일,부산광역시 해운대구 반여동,중상사고,0,1,0,0,차대차 - 기타,신호위반,건조,맑음,교차로 - 교차로안,승용,남,66세,상해없음,자전거,남,67세,중상
택시사고,2022013000100032,2022년 1월 30일 08시,일요일,부산광역시 연제구 연산동,경상사고,0,0,1,0,차대차 - 기타,안전운전불이행,건조,맑음,교차로 - 교차로부근,승용,남,60세,상해없음,자전거,남,68세,경상
택시사고,2022013000100332,2022년 1월 30일 21시,일요일,부산광역시 부산진구 양정동,중상사고,0,1,0,0,차대차 - 측면충돌,안전운전불이행,건조,맑음,교차로 - 교차로안,승용,남,71세,상해없음,이륜,남,20세,중상
택시사고,2022013000100333,2022년 1월 30일 21시,일요일,부산광역시 사상구 괘법동,경상사고,0,0,1,0,차대사람 - 차도통행중,안전운전불이행,건조,맑음,교차로 - 교차로부근,승용,남,64세,상해없음,보행자,남,64세,경상
택시사고,2022013000100365,2022년 1월 30일 23시,일요일,부산광역시 남구 대연동,사망사고,1,0,0,0,차대사람 - 보도통행중,안전운전불이행,건조,맑음,교차로 - 교차로횡단보도내,승용,남,62세,상해없음,보행자,남,79세,사망
택시사고,2.02201E+15,2022년 1월 31일 01시,월요일,부산광역시 부산진구 부전동,경상사고,0,0,2,0,차대차 - 측면충돌,신호위반,건조,맑음,교차로 - 교차로안,승용,남,67세,상해없음,승용,남,55세,경상
택시사고,2022013100100084,2022년 1월 31일 12시,월요일,부산광역시 사상구 모라동,경상사고,0,0,1,0,차대차 - 측면충돌,신호위반,건조,맑음,교차로 - 교차로안,승용,남,78세,상해없음,원동기,남,29세,경상
택시사고,2022013100100148,2022년 1월 31일 15시,월요일,부산광역시 수영구 망미동,경상사고,0,0,1,0,차대사람 - 기타,안전운전불이행,건조,맑음,단일로 - 기타,승용,남,68세,상해없음,보행자,남,31세,경상
택시사고,2022020100100022,2022년 2월 1일 08시,화요일,부산광역시 해운대구 재송동,경상사고,0,0,2,0,차대차 - 측면충돌,안전거리미확보,건조,맑음,교차로 - 교차로부근,승용,남,73세,상해없음,승용,남,44세,경상
택시사고,2.02202E+15,2022년 2월 1일 11시,화요일,부산광역시 동구 범일동,경상사고,0,0,2,0,차대차 - 측면충돌,차로위반,건조,맑음,교차로 - 교차로부근,승용,남,74세,상해없음,승용,남,40세,경상
택시사고,2022020200100204,2022년 2월 2일 18시,수요일,부산광역시 서구 동대신동3가,경상사고,0,0,1,0,차대차 - 측면충돌,중앙선침범,건조,맑음,단일로 - 기타,승용,남,50세,상해없음,승용,남,58세,경상
택시사고,2022020200100284,2022년 2월 2일 21시,수요일,부산광역시 동래구 사직동,중상사고,0,1,1,0,차량단독 - 공작물충돌,안전운전불이행,건조,맑음,단일로 - 기타,승용,남,68세,상해없음,,,,
택시사고,2022020200100285,2022년 2월 2일 21시,수요일,부산광역시 부산진구 양정동,중상사고,0,1,0,0,차대사람 - 길가장자리구역통행중,안전운전불이행,건조,맑음,교차로 - 교차로부근,승용,남,68세,상해없음,보행자,남,25세,중상
택시사고,2022020300100081,2022년 2월 3일 09시,목요일,부산광역시 수영구 남천동,경상사고,0,0,2,0,차대차 - 측면충돌,안전거리미확보,건조,맑음,단일로 - 기타,승용,남,65세,상해없음,이륜,남,20세,경상
택시사고,2022020300100162,2022년 2월 3일 12시,목요일,부산광역시 동구 초량동,중상사고,0,1,0,0,차대차 - 기타,교차로운행방법위반,건조,맑음,교차로 - 교차로안,승용,여,64세,상해없음,이륜,남,63세,중상
택시사고,2022020400100244,2022년 2월 4일 15시,금요일,부산광역시 금정구 서동,중상사고,0,1,0,0,차대사람 - 기타,기타,건조,맑음,단일로 - 기타,승용,남,48세,상해없음,보행자,남,60세,중상
택시사고,2022020500100064,2022년 2월 5일 10시,토요일,부산광역시 중구 중앙동4가,중상사고,0,1,1,0,차대차 - 추돌,안전운전불이행,건조,맑음,단일로 - 기타,승용,남,56세,상해없음,이륜,남,45세,경상
택시사고,2022020600100025,2022년 2월 6일 09시,일요일,부산광역시 강서구 명지동,경상사고,0,0,1,0,차대차 - 추돌,신호위반,건조,맑음,교차로 - 교차로안,승용,남,62세,상해없음,승용,남,51세,경상
택시사고,2022020700100319,2022년 2월 7일 19시,월요일,부산광역시 중구 부평동2가,경상사고,0,0,1,0,차대차 - 기타,교차로운행방법위반,건조,맑음,교차로 - 교차로안,승용,남,67세,상해없음,이륜,남,39세,경상
택시사고,2022020900100354,2022년 2월 9일 18시,수요일,부산광역시 금정구 구서동,경상사고,0,0,1,0,차대사람 - 횡단중,안전운전불이행,건조,맑음,교차로 - 교차로부근,승용,남,75세,상해없음,보행자,남,12세,경상
택시사고,2022020900100486,2022년 2월 9일 21시,수요일,부산광역시 부산진구 부전동,경상사고,0,0,1,0,차대사람 - 횡단중,보행자보호의무위반,건조,맑음,단일로 - 기타,승용,남,62세,상해없음,보행자,여,33세,경상
택시사고,2022021000100084,2022년 2월 10일 09시,목요일,부산광역시 사하구 괴정동,경상사고,0,0,1,0,차대차 - 기타,안전운전불이행,건조,맑음,교차로 - 교차로부근,승용,남,71세,기타불명,이륜,남,48세,경상
택시사고,2022021100100251,2022년 2월 11일 15시,금요일,부산광역시 동구 범일동,중상사고,0,1,2,0,차대차 - 측면충돌,교차로운행방법위반,건조,맑음,교차로 - 교차로안,승용,남,62세,중상,승용,여,29세,경상
택시사고,2022021100100319,2022년 2월 11일 17시,금요일,부산광역시 부산진구 전포동,경상사고,0,0,1,0,차대차 - 기타,기타,건조,맑음,단일로 - 기타,승용,남,79세,상해없음,원동기,남,28세,경상
택시사고,2022021200100011,2022년 2월 12일 01시,토요일,부산광역시 사상구 괘법동,경상사고,0,0,1,0,차대차 - 측면충돌,안전거리미확보,건조,맑음,교차로 - 교차로부근,승용,남,68세,상해없음,이륜,남,35세,경상
택시사고,2022021200100388,2022년 2월 12일 21시,토요일,부산광역시 수영구 민락동,경상사고,0,0,1,0,차대차 - 측면충돌,안전운전불이행,건조,맑음,교차로 - 교차로안,승용,남,69세,상해없음,승용,남,44세,상해없음
택시사고,2022021200100428,2022년 2월 12일 23시,토요일,부산광역시 중구 광복동1가,중상사고,0,1,1,0,차대차 - 측면충돌,신호위반,건조,맑음,교차로 - 교차로안,승용,남,64세,상해없음,승합,남,59세,상해없음
택시사고,2.02202E+15,2022년 2월 13일 02시,일요일,부산광역시 부산진구 전포동,경상사고,0,0,1,0,차대차 - 기타,안전운전불이행,건조,맑음,단일로 - 기타,승용,남,64세,상해없음,자전거,남,21세,경상
택시사고,2022021300100238,2022년 2월 13일 19시,일요일,부산광역시 부산진구 전포동,경상사고,0,0,1,0,차대차 - 기타,직진우회전진행방해,건조,맑음,교차로 - 교차로안,승용,남,57세,상해없음,자전거,남,47세,경상
택시사고,2022021400100115,2022년 2월 14일 10시,월요일,부산광역시 연제구 연산동,경상사고,0,0,2,0,차대차 - 기타,안전운전불이행,건조,맑음,단일로 - 기타,승용,남,77세,상해없음,승용,여,20세,경상
택시사고,2022021400100271,2022년 2월 14일 15시,월요일,부산광역시 해운대구 우동,경상사고,0,0,1,0,차대사람 - 횡단중,보행자보호의무위반,건조,맑음,단일로 - 기타,승용,남,73세,상해없음,보행자,남,50세,경상
택시사고,2.02202E+15,2022년 2월 15일 09시,화요일,부산광역시 동구 수정동,경상사고,0,0,1,0,차대사람 - 보도통행중,보행자보호의무위반,건조,맑음,단일로 - 기타,승용,남,60세,상해없음,보행자,남,79세,경상
택시사고,2022021500100109,2022년 2월 15일 11시,화요일,부산광역시 사상구 모라동,경상사고,0,0,4,0,차대차 - 측면충돌,신호위반,건조,맑음,교차로 - 교차로안,승용,남,83세,기타불명,승용,남,71세,경상
택시사고,2.02202E+15,2022년 2월 15일 18시,화요일,부산광역시 동구 초량동,경상사고,0,0,1,0,차대차 - 추돌,안전운전불이행,건조,맑음,교차로 - 교차로부근,승용,남,70세,상해없음,승용,남,45세,경상
택시사고,2.02202E+15,2022년 2월 15일 23시,화요일,부산광역시 부산진구 전포동,경상사고,0,0,1,0,차대차 - 기타,신호위반,건조,맑음,교차로 - 교차로안,승용,남,64세,상해없음,승용,여,56세,경상
택시사고,2022021600100164,2022년 2월 16일 13시,수요일,부산광역시 사하구 하단동,경상사고,0,0,3,0,차대차 - 추돌,신호위반,건조,맑음,교차로 - 교차로안,승용,남,67세,상해없음,승용,여,41세,경상
택시사고,2022021600100301,2022년 2월 16일 18시,수요일,부산광역시 동래구 명장동,중상사고,0,1,0,0,차대차 - 기타,안전거리미확보,건조,맑음,단일로 - 기타,승용,남,67세,상해없음,승합,남,37세,상해없음
택시사고,2022021600100355,2022년 2월 16일 19시,수요일,부산광역시 부산진구 범천동,경상사고,0,0,1,0,차대차 - 추돌,안전거리미확보,건조,맑음,교차로 - 교차로안,승용,남,57세,상해없음,이륜,남,31세,경상
택시사고,2022021700100012,2022년 2월 17일 02시,목요일,부산광역시 해운대구 좌동,중상사고,0,1,0,0,차대사람 - 기타,안전운전불이행,건조,맑음,교차로 - 교차로안,승용,남,63세,상해없음,보행자,여,51세,중상
택시사고,2022021700100088,2022년 2월 17일 09시,목요일,부산광역시 북구 화명동,경상사고,0,0,2,0,차대차 - 추돌,안전운전불이행,건조,맑음,교차로 - 교차로부근,승용,남,57세,상해없음,화물,남,23세,경상
택시사고,2022021700100089,2022년 2월 17일 09시,목요일,부산광역시 영도구 청학동,중상사고,0,1,0,0,차대차 - 기타,안전운전불이행,건조,맑음,단일로 - 기타,승용,남,68세,상해없음,승용,여,40세,기타불명
택시사고,2022021700100279,2022년 2월 17일 16시,목요일,부산광역시 부산진구 초읍동,경상사고,0,0,1,0,차대사람 - 차도통행중,안전운전불이행,건조,맑음,단일로 - 기타,승용,남,60세,상해없음,보행자,여,23세,경상
택시사고,2022021700100479,2022년 2월 17일 23시,목요일,부산광역시 연제구 연산동,경상사고,0,0,1,0,차대차 - 기타,안전운전불이행,건조,맑음,교차로 - 교차로부근,승용,남,59세,상해없음,이륜,남,30세,경상
택시사고,2.02202E+15,2022년 2월 18일 03시,금요일,부산광역시 부산진구 부전동,부상신고사고,0,0,0,1,차대차 - 기타,안전거리미확보,건조,맑음,단일로 - 기타,승용,남,50세,상해없음,원동기,남,31세,부상신고
택시사고,2022021800100097,2022년 2월 18일 09시,금요일,부산광역시 서구 동대신동3가,경상사고,0,0,1,0,차대차 - 추돌,차로위반,건조,맑음,교차로 - 교차로부근,승용,남,47세,상해없음,원동기,남,46세,경상
택시사고,2022021800100472,2022년 2월 18일 21시,금요일,부산광역시 연제구 연산동,경상사고,0,0,1,0,차량단독 - 기타,기타,건조,맑음,단일로 - 기타,승용,남,74세,상해없음,,,,
택시사고,2022022000100029,2022년 2월 20일 05시,일요일,부산광역시 부산진구 전포동,경상사고,0,0,1,0,차대차 - 추돌,안전운전불이행,건조,맑음,단일로 - 기타,승용,남,68세,상해없음,승용,남,42세,상해없음
택시사고,2.02202E+15,2022년 2월 20일 12시,일요일,부산광역시 금정구 서동,중상사고,0,1,4,0,차대차 - 기타,교차로운행방법위반,건조,맑음,교차로 - 교차로안,승용,남,72세,상해없음,원동기,남,18세,중상
택시사고,2022022000100217,2022년 2월 20일 17시,일요일,부산광역시 동구 초량동,중상사고,0,1,0,0,차대사람 - 보도통행중,보행자보호의무위반,건조,맑음,단일로 - 기타,승용,여,65세,상해없음,보행자,남,39세,중상
택시사고,2022022100100043,2022년 2월 21일 07시,월요일,부산광역시 서구 충무동1가,경상사고,0,0,1,0,차대사람 - 기타,안전운전불이행,건조,맑음,단일로 - 기타,승용,남,65세,상해없음,보행자,남,49세,경상
택시사고,2022022100100285,2022년 2월 21일 15시,월요일,부산광역시 영도구 신선동1가,중상사고,0,1,0,0,차대차 - 측면충돌,안전운전불이행,건조,맑음,단일로 - 기타,승용,남,62세,기타불명,이륜,남,58세,중상
택시사고,2022022200100317,2022년 2월 22일 17시,화요일,부산광역시 동래구 명륜동,경상사고,0,0,1,0,차대차 - 측면충돌,안전운전불이행,건조,맑음,단일로 - 기타,승용,남,67세,상해없음,승용,남,67세,경상
택시사고,2022022200100346,2022년 2월 22일 18시,화요일,부산광역시 수영구 광안동,중상사고,0,1,0,0,차대차 - 기타,안전거리미확보,건조,맑음,단일로 - 기타,승용,남,64세,상해없음,이륜,남,34세,중상
택시사고,2022022200100393,2022년 2월 22일 19시,화요일,부산광역시 영도구 남항동3가,경상사고,0,0,2,0,차대차 - 추돌,안전운전불이행,건조,맑음,교차로 - 교차로안,승용,남,69세,상해없음,화물,남,64세,경상
택시사고,2022022200100425,2022년 2월 22일 20시,화요일,부산광역시 부산진구 부전동,경상사고,0,0,1,0,차대사람 - 기타,안전운전불이행,건조,맑음,단일로 - 기타,승용,남,71세,상해없음,보행자,남,49세,경상
택시사고,2022022300100086,2022년 2월 23일 10시,수요일,부산광역시 부산진구 전포동,중상사고,0,2,0,0,차대차 - 측면충돌,안전거리미확보,건조,맑음,단일로 - 기타,승용,남,65세,상해없음,승용,남,36세,중상
택시사고,2022022300100421,2022년 2월 23일 21시,수요일,부산광역시 남구 대연동,중상사고,0,1,0,0,차대사람 - 보도통행중,안전운전불이행,건조,맑음,교차로 - 교차로안,승용,남,73세,상해없음,보행자,남,67세,중상
택시사고,2022022300100423,2022년 2월 23일 21시,수요일,부산광역시 사하구 신평동,중상사고,0,1,0,0,차대차 - 측면충돌,신호위반,건조,맑음,교차로 - 교차로안,승용,남,24세,상해없음,승용,여,50세,중상
택시사고,2022022400100101,2022년 2월 24일 09시,목요일,부산광역시 강서구 대저2동,중상사고,0,2,0,0,차대차 - 기타,신호위반,건조,맑음,교차로 - 교차로안,승용,남,78세,상해없음,승용,남,57세,상해없음
택시사고,2022022400100422,2022년 2월 24일 19시,목요일,부산광역시 동구 초량동,경상사고,0,0,1,0,차대사람 - 차도통행중,안전운전불이행,건조,맑음,단일로 - 지하차도(도로)내,승용,남,50세,상해없음,보행자,남,58세,경상
택시사고,2022022400100424,2022년 2월 24일 19시,목요일,부산광역시 수영구 광안동,경상사고,0,0,2,0,차대차 - 측면충돌,안전운전불이행,건조,맑음,교차로 - 교차로부근,승용,여,70세,상해없음,승용,남,28세,경상
택시사고,2022022500100276,2022년 2월 25일 14시,금요일,부산광역시 사하구 괴정동,중상사고,0,1,0,0,차대사람 - 차도통행중,안전운전불이행,건조,맑음,교차로 - 교차로부근,승용,남,59세,상해없음,보행자,남,72세,중상
택시사고,2022022500100456,2022년 2월 25일 19시,금요일,부산광역시 부산진구 전포동,중상사고,0,1,0,0,차대차 - 기타,중앙선침범,건조,맑음,교차로 - 교차로부근,승용,남,57세,상해없음,이륜,남,24세,중상
택시사고,2022022500100539,2022년 2월 25일 22시,금요일,부산광역시 영도구 봉래동4가,경상사고,0,0,2,0,차대차 - 정면충돌,교차로운행방법위반,건조,맑음,교차로 - 교차로횡단보도내,승용,남,70세,기타불명,승용,남,36세,경상
택시사고,2.02202E+15,2022년 2월 26일 17시,토요일,부산광역시 부산진구 부전동,경상사고,0,0,1,0,차대차 - 기타,안전운전불이행,건조,맑음,교차로 - 교차로안,승용,남,43세,상해없음,개인형이동수단(PM),남,35세,경상
택시사고,2022022600100417,2022년 2월 26일 20시,토요일,부산광역시 연제구 연산동,경상사고,0,0,1,0,차대차 - 기타,교차로운행방법위반,건조,맑음,교차로 - 교차로횡단보도내,승용,남,76세,상해없음,자전거,남,62세,경상
택시사고,2022022800100211,2022년 2월 28일 13시,월요일,부산광역시 남구 용호동,중상사고,0,1,0,0,차대사람 - 기타,기타,건조,맑음,단일로 - 기타,승용,남,70세,상해없음,보행자,여,63세,중상
택시사고,2.02202E+15,2022년 2월 28일 14시,월요일,부산광역시 부산진구 전포동,경상사고,0,0,1,0,차량단독 - 기타,기타,건조,맑음,교차로 - 교차로부근,승용,남,62세,상해없음,,,,
택시사고,2022022800100514,2022년 2월 28일 22시,월요일,부산광역시 금정구 남산동,경상사고,0,0,1,0,차대사람 - 기타,안전운전불이행,건조,맑음,교차로 - 교차로부근,승용,남,72세,상해없음,보행자,남,44세,경상
택시사고,2022030100100062,2022년 3월 1일 10시,화요일,부산광역시 북구 금곡동,경상사고,0,0,1,0,차대차 - 기타,안전운전불이행,젖음/습기,비,단일로 - 기타,승용,남,76세,상해없음,이륜,여,19세,경상
택시사고,2.02203E+15,2022년 3월 1일 11시,화요일,부산광역시 동래구 명장동,경상사고,0,0,3,0,차대차 - 측면충돌,신호위반,건조,맑음,교차로 - 교차로안,승용,남,84세,상해없음,승용,여,52세,경상
택시사고,2022030100100152,2022년 3월 1일 14시,화요일,부산광역시 해운대구 중동,중상사고,0,1,0,0,차대차 - 기타,안전운전불이행,건조,맑음,단일로 - 기타,승용,남,68세,상해없음,이륜,남,35세,중상
택시사고,2022030100100262,2022년 3월 1일 18시,화요일,부산광역시 부산진구 범천동,경상사고,0,0,1,0,차대차 - 측면충돌,안전거리미확보,건조,맑음,교차로 - 교차로부근,승용,남,69세,상해없음,이륜,남,33세,경상
택시사고,2022030200100317,2022년 3월 2일 16시,수요일,부산광역시 서구 아미동1가,경상사고,0,0,1,0,차량단독 - 기타,안전운전불이행,건조,맑음,교차로 - 교차로안,승용,남,61세,상해없음,,,,
택시사고,2022030200100356,2022년 3월 2일 17시,수요일,부산광역시 부산진구 전포동,경상사고,0,0,1,0,차대차 - 정면충돌,중앙선침범,건조,맑음,교차로 - 교차로횡단보도내,승용,남,63세,상해없음,이륜,남,24세,경상
택시사고,2022030200100436,2022년 3월 2일 19시,수요일,부산광역시 동래구 사직동,경상사고,0,0,1,0,차대차 - 추돌,안전거리미확보,건조,맑음,교차로 - 교차로안,승용,남,52세,상해없음,승용,남,56세,경상
택시사고,2022030300100279,2022년 3월 3일 15시,목요일,부산광역시 동구 초량동,경상사고,0,0,1,0,차대차 - 측면충돌,신호위반,건조,맑음,교차로 - 교차로안,승용,남,68세,상해없음,승용,여,24세,경상
택시사고,2022030300100491,2022년 3월 3일 22시,목요일,부산광역시 동래구 사직동,경상사고,0,0,1,0,차대차 - 측면충돌,신호위반,건조,맑음,단일로 - 지하차도(도로)내,승용,남,66세,상해없음,개인형이동수단(PM),남,22세,경상
택시사고,2022030400100102,2022년 3월 4일 11시,금요일,부산광역시 서구 암남동,중상사고,0,1,0,0,차대사람 - 횡단중,안전운전불이행,건조,맑음,교차로 - 교차로횡단보도내,승용,남,59세,상해없음,보행자,여,80세,중상
택시사고,2022030500100019,2022년 3월 5일 02시,토요일,부산광역시 부산진구 개금동,경상사고,0,0,1,0,차대차 - 측면충돌,신호위반,건조,맑음,교차로 - 교차로안,승용,남,66세,상해없음,승용,남,27세,경상
택시사고,2022030500100089,2022년 3월 5일 10시,토요일,부산광역시 사하구 장림동,경상사고,0,0,1,0,차대차 - 기타,안전운전불이행,건조,맑음,교차로 - 교차로안,승용,남,72세,상해없음,이륜,남,42세,경상
택시사고,2022030500100118,2022년 3월 5일 11시,토요일,부산광역시 남구 문현동,경상사고,0,0,2,0,차대차 - 측면충돌,안전운전불이행,건조,맑음,단일로 - 기타,승용,남,61세,경상,건설기계,남,49세,경상
택시사고,2022030500100283,2022년 3월 5일 16시,토요일,부산광역시 남구 대연동,중상사고,0,1,1,0,차대차 - 측면충돌,안전운전불이행,건조,맑음,단일로 - 기타,승용,남,57세,상해없음,이륜,남,54세,중상
택시사고,2022030500100443,2022년 3월 5일 23시,토요일,부산광역시 영도구 대교동1가,경상사고,0,0,2,0,차대차 - 추돌,안전거리미확보,건조,맑음,단일로 - 교량,승용,남,55세,기타불명,승용,남,70세,경상
택시사고,2022030600100001,2022년 3월 6일 00시,일요일,부산광역시 수영구 민락동,경상사고,0,0,1,0,차대사람 - 차도통행중,안전운전불이행,건조,맑음,단일로 - 기타,승용,남,73세,상해없음,보행자,남,22세,경상
택시사고,2022030600100132,2022년 3월 6일 14시,일요일,부산광역시 남구 대연동,경상사고,0,0,2,0,차대차 - 추돌,기타,건조,맑음,교차로 - 교차로안,승용,남,66세,상해없음,승용,남,42세,경상
택시사고,2022030700100397,2022년 3월 7일 22시,월요일,부산광역시 남구 대연동,중상사고,0,1,0,0,차대사람 - 기타,안전운전불이행,건조,맑음,단일로 - 기타,승용,남,68세,상해없음,보행자,남,32세,중상
택시사고,2022030700100418,2022년 3월 7일 23시,월요일,부산광역시 연제구 연산동,중상사고,0,1,2,0,차대차 - 정면충돌,안전운전불이행,건조,맑음,교차로 - 교차로안,승용,남,65세,기타불명,승용,남,59세,경상
택시사고,2022030800100001,2022년 3월 8일 00시,화요일,부산광역시 부산진구 양정동,경상사고,0,0,1,0,차대차 - 추돌,안전거리미확보,건조,맑음,단일로 - 기타,승용,남,72세,상해없음,승용,남,29세,경상
택시사고,2022030800100181,2022년 3월 8일 13시,화요일,부산광역시 남구 대연동,부상신고사고,0,0,0,1,차대차 - 측면충돌,기타,건조,맑음,단일로 - 기타,승용,남,68세,상해없음,이륜,남,52세,부상신고
택시사고,2022030800100414,2022년 3월 8일 20시,화요일,부산광역시 연제구 연산동,경상사고,0,0,1,0,차대사람 - 차도통행중,안전운전불이행,건조,맑음,단일로 - 기타,승용,남,64세,상해없음,보행자,남,71세,경상
택시사고,2022031000100016,2022년 3월 10일 03시,목요일,부산광역시 남구 용당동,경상사고,0,0,1,0,차대사람 - 기타,보행자보호의무위반,건조,맑음,교차로 - 교차로안,승용,남,68세,상해없음,보행자,남,42세,경상
택시사고,2022031000100064,2022년 3월 10일 08시,목요일,부산광역시 수영구 수영동,경상사고,0,0,1,0,차대차 - 추돌,안전거리미확보,건조,맑음,교차로 - 교차로부근,승용,남,61세,기타불명,승용,남,31세,경상
택시사고,2022031000100251,2022년 3월 10일 15시,목요일,부산광역시 부산진구 연지동,중상사고,0,1,0,0,차대차 - 기타,안전운전불이행,건조,맑음,교차로 - 교차로안,승용,남,72세,상해없음,이륜,남,51세,중상
택시사고,2022031000100271,2022년 3월 10일 16시,목요일,부산광역시 동구 수정동,경상사고,0,0,1,0,차대차 - 정면충돌,안전운전불이행,건조,맑음,단일로 - 기타,승용,남,69세,상해없음,자전거,남,12세,경상
택시사고,2022031000100307,2022년 3월 10일 17시,목요일,부산광역시 금정구 장전동,경상사고,0,0,1,0,차대차 - 추돌,안전운전불이행,건조,맑음,단일로 - 지하차도(도로)내,승용,남,70세,상해없음,승용,여,38세,경상
택시사고,2022031000100378,2022년 3월 10일 20시,목요일,부산광역시 남구 우암동,경상사고,0,0,1,0,차대차 - 정면충돌,신호위반,건조,맑음,교차로 - 교차로안,승용,남,66세,상해없음,자전거,남,30세,경상
택시사고,2022031000100381,2022년 3월 10일 20시,목요일,부산광역시 강서구 대저1동,경상사고,0,0,1,0,차대차 - 측면충돌,안전거리미확보,건조,맑음,단일로 - 기타,승용,남,58세,상해없음,이륜,남,36세,경상
택시사고,2022031100100144,2022년 3월 11일 11시,금요일,부산광역시 수영구 망미동,경상사고,0,0,1,0,차대차 - 기타,신호위반,건조,맑음,교차로 - 교차로부근,승용,남,66세,상해없음,이륜,남,29세,경상
택시사고,2022031100100175,2022년 3월 11일 12시,금요일,부산광역시 부산진구 가야동,경상사고,0,0,5,0,차대차 - 측면충돌,안전운전불이행,건조,맑음,단일로 - 기타,승용,남,67세,상해없음,승용,남,52세,경상
택시사고,2022031100100501,2022년 3월 11일 23시,금요일,부산광역시 동래구 온천동,경상사고,0,0,2,0,차대차 - 측면충돌,안전운전불이행,건조,맑음,교차로 - 교차로안,승용,남,28세,기타불명,승용,남,35세,경상
택시사고,2022031100100503,2022년 3월 11일 23시,금요일,부산광역시 동래구 사직동,중상사고,0,1,0,0,차대차 - 기타,교차로운행방법위반,건조,맑음,교차로 - 교차로안,승용,남,64세,상해없음,승용,남,48세,중상
택시사고,2022031200100052,2022년 3월 12일 09시,토요일,부산광역시 서구 암남동,경상사고,0,0,1,0,차대차 - 추돌,안전거리미확보,건조,맑음,교차로 - 교차로부근,승용,남,56세,상해없음,이륜,남,85세,경상
택시사고,2022031200100157,2022년 3월 12일 13시,토요일,부산광역시 동구 범일동,중상사고,0,1,0,0,차대사람 - 횡단중,신호위반,건조,맑음,단일로 - 기타,승용,남,60세,상해없음,보행자,여,21세,중상
택시사고,2022031300100222,2022년 3월 13일 18시,일요일,부산광역시 북구 덕천동,중상사고,0,1,0,0,차대차 - 기타,안전거리미확보,젖음/습기,비,단일로 - 기타,승용,남,60세,상해없음,이륜,남,35세,중상