사고부문,사고번호,사고일시,요일,시군구,사고내용,사망자수,중상자수,경상자수,부상신고자수,사고유형,법규위반,노면상태,기상상태,도로형태,가해운전자 차종,가해운전자 성별,가해운전자 연령,가해운전자 상해정도,피해운전자 차종,피해운전자 성별,피해운전자 연령,피해운전자 상해정도
택시사고,2022031300100271,2022년 3월 13일 20시,일요일,부산광역시 남구 대연동,경상사고,0,0,1,0,차대차 - 측면충돌,안전거리미확보,건조,맑음,단일로 - 기타,승용,남,45세,상해없음,승용,여,31세,경상
택시사고,2022031300100272,2022년 3월 13일 20시,일요일,부산광역시 남구 용호동,경상사고,0,0,1,0,차대차 - 기타,안전운전불이행,젖음/습기,맑음,교차로 - 교차로부근,승용,남,64세,상해없음,자전거,남,14세,경상
택시사고,2022031400100049,2022년 3월 14일 08시,월요일,부산광역시 사상구 덕포동,중상사고,0,1,0,0,차대사람 - 차도통행중,안전운전불이행,건조,맑음,주차장 - 주차장,승용,남,67세,상해없음,보행자,여,56세,중상
택시사고,2022031500100258,2022년 3월 15일 15시,화요일,부산광역시 사하구 괴정동,경상사고,0,0,1,0,차대사람 - 기타,안전운전불이행,건조,맑음,단일로 - 기타,승용,남,67세,상해없음,보행자,여,43세,경상
택시사고,2022031500100439,2022년 3월 15일 22시,화요일,부산광역시 부산진구 범천동,중상사고,0,1,0,0,차대차 - 기타,안전운전불이행,건조,맑음,단일로 - 기타,승용,남,67세,상해없음,이륜,남,35세,중상
택시사고,2022031600100043,2022년 3월 16일 07시,수요일,부산광역시 사하구 괴정동,중상사고,0,1,2,0,차대차 - 추돌,신호위반,건조,맑음,단일로 - 기타,승용,남,63세,상해없음,승용,여,43세,경상
택시사고,2022031600100434,2022년 3월 16일 22시,수요일,부산광역시 부산진구 개금동,부상신고사고,0,0,0,1,차대사람 - 기타,안전운전불이행,건조,맑음,단일로 - 기타,승용,남,63세,상해없음,보행자,남,24세,부상신고
택시사고,2022031700100001,2022년 3월 17일 00시,목요일,부산광역시 연제구 연산동,경상사고,0,0,1,0,차대사람 - 기타,교차로운행방법위반,건조,맑음,교차로 - 교차로안,승용,남,60세,상해없음,보행자,남,49세,경상
택시사고,2022031700100282,2022년 3월 17일 18시,목요일,부산광역시 강서구 명지동,경상사고,0,0,1,0,차대차 - 측면충돌,안전운전불이행,젖음/습기,비,교차로 - 교차로부근,승용,남,50세,상해없음,승용,여,32세,경상
택시사고,2022031700100411,2022년 3월 17일 21시,목요일,부산광역시 동래구 안락동,경상사고,0,0,2,0,차량단독 - 공작물충돌,안전운전불이행,젖음/습기,맑음,단일로 - 터널,승용,남,68세,상해없음,,,,
택시사고,2022031800100013,2022년 3월 18일 01시,금요일,부산광역시 부산진구 범천동,경상사고,0,0,2,0,차대차 - 기타,교차로운행방법위반,젖음/습기,비,교차로 - 교차로안,승용,남,57세,상해없음,승용,남,27세,경상
택시사고,2022031800100087,2022년 3월 18일 10시,금요일,부산광역시 남구 문현동,경상사고,0,0,2,0,차대차 - 기타,안전운전불이행,건조,맑음,기타 - 기타,승용,남,64세,경상,승용,여,29세,경상
택시사고,2.02203E+15,2022년 3월 18일 22시,금요일,부산광역시 사하구 감천동,중상사고,0,1,0,0,차대사람 - 기타,안전운전불이행,건조,맑음,교차로 - 교차로부근,승용,남,60세,상해없음,보행자,남,25세,중상
택시사고,2022032000100168,2022년 3월 20일 16시,일요일,부산광역시 사하구 당리동,경상사고,0,0,1,0,차대차 - 추돌,교차로운행방법위반,건조,맑음,교차로 - 교차로안,승용,남,71세,상해없음,원동기,남,57세,경상
택시사고,2022032000100185,2022년 3월 20일 17시,일요일,부산광역시 남구 문현동,경상사고,0,0,1,0,차대차 - 정면충돌,안전운전불이행,건조,맑음,단일로 - 기타,승용,남,60세,상해없음,승용,남,60세,경상
택시사고,2022032000100245,2022년 3월 20일 20시,일요일,부산광역시 기장군 기장읍,경상사고,0,0,2,0,차대차 - 측면충돌,신호위반,건조,맑음,교차로 - 교차로부근,승용,남,59세,상해없음,승용,남,36세,경상
택시사고,2022032100100001,2022년 3월 21일 00시,월요일,부산광역시 부산진구 부전동,경상사고,0,0,1,0,차대사람 - 횡단중,안전운전불이행,건조,맑음,기타 - 기타,승용,남,59세,상해없음,보행자,남,28세,경상
택시사고,2.02203E+15,2022년 3월 21일 05시,월요일,부산광역시 부산진구 양정동,부상신고사고,0,0,0,2,차대차 - 추돌,안전운전불이행,건조,맑음,단일로 - 기타,승용,남,58세,부상신고,승용,남,66세,기타불명
택시사고,2022032100100162,2022년 3월 21일 12시,월요일,부산광역시 강서구 대저2동,경상사고,0,0,1,0,차대사람 - 차도통행중,안전운전불이행,건조,맑음,단일로 - 기타,승용,남,65세,상해없음,보행자,여,18세,경상
택시사고,2022032100100264,2022년 3월 21일 16시,월요일,부산광역시 금정구 장전동,중상사고,0,1,0,0,차대차 - 추돌,안전거리미확보,건조,맑음,교차로 - 교차로부근,승용,남,64세,상해없음,승용,남,41세,중상
택시사고,2022032100100422,2022년 3월 21일 23시,월요일,부산광역시 사하구 당리동,중상사고,0,1,1,0,차대차 - 추돌,신호위반,젖음/습기,비,교차로 - 교차로안,승용,남,66세,상해없음,승용,남,30세,경상
택시사고,2022032200100001,2022년 3월 22일 00시,화요일,부산광역시 해운대구 우동,중상사고,0,1,0,0,차대차 - 기타,교차로운행방법위반,젖음/습기,비,교차로 - 교차로안,승용,남,60세,상해없음,이륜,남,47세,중상
택시사고,2022032200100113,2022년 3월 22일 11시,화요일,부산광역시 북구 만덕동,중상사고,0,1,0,0,차대차 - 측면충돌,교차로운행방법위반,건조,맑음,교차로 - 교차로안,승용,남,66세,상해없음,원동기,남,27세,중상
택시사고,2022032200100286,2022년 3월 22일 17시,화요일,부산광역시 사하구 하단동,중상사고,0,1,0,0,차대차 - 기타,차로위반,건조,맑음,단일로 - 기타,승용,남,71세,상해없음,이륜,남,46세,중상
택시사고,2022032200100353,2022년 3월 22일 19시,화요일,부산광역시 사하구 하단동,중상사고,0,1,0,0,차대차 - 기타,안전운전불이행,건조,맑음,교차로 - 교차로부근,승용,남,63세,상해없음,이륜,남,25세,중상
택시사고,2022032200100378,2022년 3월 22일 20시,화요일,부산광역시 동구 좌천동,중상사고,0,1,0,0,차대사람 - 횡단중,안전운전불이행,건조,맑음,단일로 - 기타,승용,남,74세,상해없음,보행자,여,61세,중상
택시사고,2022032300100278,2022년 3월 23일 17시,수요일,부산광역시 연제구 연산동,중상사고,0,1,0,0,차대차 - 측면충돌,신호위반,건조,맑음,교차로 - 교차로안,승용,남,77세,상해없음,이륜,남,36세,중상
택시사고,2022032300100279,2022년 3월 23일 17시,수요일,부산광역시 기장군 정관읍,경상사고,0,0,1,0,차대차 - 기타,중앙선침범,건조,맑음,교차로 - 교차로부근,승용,남,71세,상해없음,이륜,남,40세,경상
택시사고,2022032400100081,2022년 3월 24일 09시,목요일,부산광역시 사하구 신평동,중상사고,0,1,0,0,차대차 - 추돌,안전운전불이행,건조,맑음,단일로 - 기타,승용,남,61세,상해없음,승용,남,32세,중상
택시사고,2022032400100152,2022년 3월 24일 12시,목요일,부산광역시 남구 문현동,중상사고,0,1,0,0,차대차 - 기타,신호위반,건조,맑음,교차로 - 교차로안,승용,남,71세,상해없음,이륜,남,75세,중상
택시사고,2022032400100155,2022년 3월 24일 12시,목요일,부산광역시 연제구 연산동,중상사고,0,2,0,0,차대차 - 추돌,기타,건조,맑음,교차로 - 교차로부근,승용,남,64세,상해없음,승용,여,35세,중상
택시사고,2022032400100237,2022년 3월 24일 15시,목요일,부산광역시 남구 용당동,경상사고,0,0,1,0,차대사람 - 기타,안전운전불이행,건조,맑음,단일로 - 기타,승용,남,58세,상해없음,보행자,여,64세,경상
택시사고,2022032500100092,2022년 3월 25일 09시,금요일,부산광역시 연제구 거제동,경상사고,0,0,1,0,차대차 - 측면충돌,교차로운행방법위반,건조,맑음,교차로 - 교차로안,승용,남,70세,상해없음,원동기,남,75세,경상
택시사고,2022032500100278,2022년 3월 25일 16시,금요일,부산광역시 서구 서대신동3가,경상사고,0,0,1,0,차대차 - 측면충돌,안전운전불이행,건조,맑음,교차로 - 교차로안,승용,남,65세,상해없음,승용,남,64세,경상
택시사고,2.02203E+15,2022년 3월 25일 22시,금요일,부산광역시 부산진구 가야동,경상사고,0,0,1,0,차대차 - 추돌,안전운전불이행,젖음/습기,비,단일로 - 기타,승용,남,64세,상해없음,이륜,남,50세,경상
택시사고,2022032500100592,2022년 3월 25일 23시,금요일,부산광역시 부산진구 부전동,경상사고,0,0,1,0,차대차 - 측면충돌,안전거리미확보,젖음/습기,비,단일로 - 기타,승용,남,55세,상해없음,이륜,남,29세,경상
택시사고,2022032600100008,2022년 3월 26일 00시,토요일,부산광역시 수영구 민락동,경상사고,0,0,1,0,차대차 - 기타,안전운전불이행,젖음/습기,비,단일로 - 기타,승용,남,61세,상해없음,승용,남,33세,경상
택시사고,2022032600100299,2022년 3월 26일 17시,토요일,부산광역시 부산진구 부전동,경상사고,0,0,1,0,차대사람 - 차도통행중,안전운전불이행,건조,맑음,교차로 - 교차로안,승용,남,64세,상해없음,보행자,남,23세,경상
택시사고,2022032600100345,2022년 3월 26일 19시,토요일,부산광역시 기장군 기장읍,경상사고,0,0,1,0,차대차 - 측면충돌,기타,건조,맑음,단일로 - 기타,승용,남,62세,상해없음,원동기,남,50세,경상
택시사고,2022032700100309,2022년 3월 27일 20시,일요일,부산광역시 해운대구 중동,경상사고,0,0,1,0,차대차 - 추돌,안전운전불이행,건조,맑음,단일로 - 기타,승용,남,71세,상해없음,승용,여,50세,상해없음
택시사고,2022032700100335,2022년 3월 27일 21시,일요일,부산광역시 동구 초량동,중상사고,0,1,1,0,차대차 - 추돌,안전운전불이행,건조,맑음,단일로 - 기타,승용,남,64세,상해없음,승용,남,55세,경상
택시사고,2022032800100242,2022년 3월 28일 14시,월요일,부산광역시 수영구 수영동,경상사고,0,0,3,0,차대차 - 기타,안전운전불이행,건조,맑음,단일로 - 기타,승용,남,62세,상해없음,승용,남,19세,경상
택시사고,2.02203E+15,2022년 3월 28일 23시,월요일,부산광역시 수영구 민락동,경상사고,0,0,1,0,차대차 - 기타,안전운전불이행,건조,맑음,교차로 - 교차로안,승용,남,69세,상해없음,승용,남,44세,경상
택시사고,2022033000100116,2022년 3월 30일 10시,수요일,부산광역시 사상구 괘법동,경상사고,0,0,1,0,차대사람 - 횡단중,보행자보호의무위반,건조,맑음,단일로 - 기타,승용,남,62세,상해없음,보행자,남,31세,경상
택시사고,2022033000100135,2022년 3월 30일 11시,수요일,부산광역시 강서구 명지동,경상사고,0,0,2,0,차대차 - 측면충돌,안전운전불이행,건조,맑음,단일로 - 기타,승용,남,66세,상해없음,승용,남,67세,경상
택시사고,2022033000100221,2022년 3월 30일 14시,수요일,부산광역시 부산진구 부전동,중상사고,0,1,0,0,차대차 - 측면충돌,기타,건조,맑음,단일로 - 기타,승용,남,74세,상해없음,이륜,남,58세,중상
택시사고,2022033000100261,2022년 3월 30일 15시,수요일,부산광역시 부산진구 양정동,경상사고,0,0,1,0,차대차 - 측면충돌,안전거리미확보,건조,맑음,교차로 - 교차로안,승용,남,82세,상해없음,승용,남,28세,경상
택시사고,2022033000100315,2022년 3월 30일 17시,수요일,부산광역시 사하구 장림동,경상사고,0,0,1,0,차대차 - 측면충돌,안전운전불이행,건조,맑음,단일로 - 기타,승용,남,64세,상해없음,승용,남,69세,경상
택시사고,2022033000100345,2022년 3월 30일 18시,수요일,부산광역시 부산진구 부전동,경상사고,0,0,1,0,차대사람 - 기타,안전운전불이행,건조,맑음,교차로 - 교차로안,승용,남,65세,상해없음,보행자,여,58세,경상
택시사고,2022033000100438,2022년 3월 30일 21시,수요일,부산광역시 연제구 거제동,중상사고,0,1,0,0,차대사람 - 기타,교차로운행방법위반,건조,맑음,교차로 - 교차로안,승용,남,71세,상해없음,보행자,남,52세,중상
택시사고,2022033100100213,2022년 3월 31일 14시,목요일,부산광역시 사하구 감천동,경상사고,0,0,1,0,차대사람 - 보도통행중,안전운전불이행,건조,맑음,단일로 - 기타,승용,남,57세,상해없음,보행자,남,34세,경상
택시사고,2022033100100304,2022년 3월 31일 17시,목요일,부산광역시 해운대구 재송동,중상사고,0,1,0,0,차대차 - 측면충돌,안전운전불이행,건조,맑음,기타 - 기타,승용,여,70세,상해없음,이륜,남,49세,중상
택시사고,2022040100100059,2022년 4월 1일 08시,금요일,부산광역시 사하구 구평동,중상사고,0,1,0,0,차량단독 - 공작물충돌,안전운전불이행,건조,맑음,단일로 - 기타,승용,남,76세,상해없음,,,,
택시사고,2022040100100225,2022년 4월 1일 14시,금요일,부산광역시 수영구 광안동,경상사고,0,0,1,0,차대차 - 정면충돌,안전운전불이행,건조,맑음,교차로 - 교차로안,승용,남,65세,상해없음,승용,여,47세,상해없음
택시사고,2022040100100368,2022년 4월 1일 18시,금요일,부산광역시 해운대구 우동,경상사고,0,0,2,0,차대차 - 정면충돌,중앙선침범,건조,맑음,교차로 - 교차로부근,승용,남,54세,상해없음,승용,여,40세,경상
택시사고,2022040100100407,2022년 4월 1일 19시,금요일,부산광역시 동구 초량동,경상사고,0,0,1,0,차대사람 - 차도통행중,보행자보호의무위반,건조,맑음,교차로 - 교차로안,승용,남,69세,상해없음,보행자,여,57세,경상
택시사고,2022040200100414,2022년 4월 2일 18시,토요일,부산광역시 연제구 연산동,경상사고,0,0,1,0,차대사람 - 차도통행중,안전운전불이행,건조,맑음,단일로 - 기타,승용,남,58세,상해없음,보행자,여,6세,경상
택시사고,2.02204E+15,2022년 4월 3일 02시,일요일,부산광역시 동래구 명장동,부상신고사고,0,0,0,1,차대차 - 측면충돌,안전운전불이행,건조,맑음,교차로 - 교차로안,승용,남,56세,상해없음,이륜,남,47세,부상신고
택시사고,2022040300100399,2022년 4월 3일 22시,일요일,부산광역시 금정구 서동,중상사고,0,1,0,0,차대사람 - 횡단중,안전운전불이행,건조,맑음,단일로 - 기타,승용,남,72세,상해없음,보행자,남,64세,중상
택시사고,2022040400100037,2022년 4월 4일 06시,월요일,부산광역시 부산진구 부전동,중상사고,0,1,1,0,차대차 - 측면충돌,신호위반,건조,맑음,교차로 - 교차로안,승용,남,71세,경상,이륜,남,33세,중상
택시사고,2022040400100246,2022년 4월 4일 13시,월요일,부산광역시 중구 중앙동4가,중상사고,0,1,0,0,차대차 - 기타,안전운전불이행,건조,맑음,교차로 - 교차로안,승용,남,64세,상해없음,이륜,남,67세,중상
택시사고,2022040500100141,2022년 4월 5일 10시,화요일,부산광역시 부산진구 개금동,경상사고,0,0,1,0,차대사람 - 길가장자리구역통행중,안전운전불이행,건조,맑음,단일로 - 기타,승용,남,71세,상해없음,보행자,여,37세,경상
택시사고,2022040500100523,2022년 4월 5일 22시,화요일,부산광역시 기장군 기장읍,중상사고,0,1,0,0,차대차 - 기타,교차로운행방법위반,건조,맑음,교차로 - 교차로안,승용,남,59세,상해없음,개인형이동수단(PM),여,24세,중상
택시사고,2022040600100039,2022년 4월 6일 06시,수요일,부산광역시 부산진구 범천동,중상사고,0,1,0,2,차대차 - 측면충돌,안전거리미확보,건조,맑음,단일로 - 기타,승용,남,66세,상해없음,이륜,남,18세,부상신고
택시사고,2022040600100529,2022년 4월 6일 23시,수요일,부산광역시 부산진구 부전동,경상사고,0,0,1,0,차대사람 - 차도통행중,안전운전불이행,건조,맑음,단일로 - 기타,승용,남,72세,상해없음,보행자,남,22세,경상
택시사고,2022040700100451,2022년 4월 7일 19시,목요일,부산광역시 영도구 동삼동,경상사고,0,0,1,0,차대차 - 측면충돌,교차로운행방법위반,건조,맑음,교차로 - 교차로부근,승용,남,60세,상해없음,이륜,남,18세,경상
택시사고,2022040700100453,2022년 4월 7일 19시,목요일,부산광역시 부산진구 양정동,중상사고,0,1,0,0,차대사람 - 기타,안전운전불이행,건조,맑음,단일로 - 기타,승용,남,56세,상해없음,보행자,여,71세,중상
택시사고,2022040800100082,2022년 4월 8일 08시,금요일,부산광역시 남구 대연동,경상사고,0,0,1,0,차대사람 - 횡단중,보행자보호의무위반,건조,맑음,단일로 - 기타,승용,남,80세,상해없음,보행자,여,13세,경상
택시사고,2022040800100083,2022년 4월 8일 08시,금요일,부산광역시 남구 대연동,경상사고,0,0,1,0,차대차 - 기타,안전운전불이행,건조,맑음,단일로 - 기타,승용,남,70세,상해없음,승용,여,47세,상해없음
택시사고,2022040900100419,2022년 4월 9일 17시,토요일,부산광역시 수영구 광안동,경상사고,0,0,1,0,차대차 - 추돌,안전거리미확보,건조,맑음,단일로 - 기타,승용,남,64세,상해없음,자전거,남,23세,경상
택시사고,2022040900100494,2022년 4월 9일 19시,토요일,부산광역시 부산진구 당감동,경상사고,0,0,2,0,차대차 - 기타,안전거리미확보,건조,맑음,기타 - 기타,승용,남,66세,상해없음,이륜,남,26세,상해없음
택시사고,2022040900100577,2022년 4월 9일 22시,토요일,부산광역시 동구 범일동,경상사고,0,0,1,0,차대차 - 측면충돌,교차로운행방법위반,건조,맑음,교차로 - 교차로부근,승용,남,73세,상해없음,자전거,남,13세,경상
택시사고,2022040900100602,2022년 4월 9일 23시,토요일,부산광역시 부산진구 전포동,경상사고,0,0,2,0,차대차 - 기타,교차로운행방법위반,건조,맑음,교차로 - 교차로안,승용,남,65세,상해없음,승용,남,64세,상해없음
택시사고,2022041000100032,2022년 4월 10일 02시,일요일,부산광역시 사하구 장림동,중상사고,0,1,0,0,차량단독 - 기타,안전거리미확보,건조,맑음,교차로 - 교차로부근,승용,남,66세,상해없음,,,,
택시사고,2022041000100038,2022년 4월 10일 03시,일요일,부산광역시 사하구 하단동,중상사고,0,1,1,0,차대차 - 측면충돌,직진우회전진행방해,건조,맑음,교차로 - 교차로안,승용,남,68세,경상,승용,남,66세,중상
택시사고,2022041000100387,2022년 4월 10일 20시,일요일,부산광역시 강서구 대저1동,경상사고,0,0,2,0,차대차 - 추돌,안전운전불이행,건조,맑음,교차로 - 교차로부근,승용,남,53세,상해없음,승용,남,68세,경상
택시사고,2022041000100407,2022년 4월 10일 21시,일요일,부산광역시 금정구 부곡동,중상사고,0,2,0,0,차대차 - 측면충돌,안전거리미확보,건조,맑음,단일로 - 기타,승용,남,71세,상해없음,승용,여,30세,중상
택시사고,2.02204E+15,2022년 4월 11일 08시,월요일,부산광역시 강서구 명지동,경상사고,0,0,2,0,차대차 - 기타,신호위반,건조,맑음,교차로 - 교차로부근,승용,남,59세,상해없음,승용,여,45세,경상
택시사고,2.02204E+15,2022년 4월 11일 16시,월요일,부산광역시 동래구 안락동,경상사고,0,0,1,0,차대사람 - 차도통행중,안전운전불이행,건조,맑음,단일로 - 기타,승용,남,62세,상해없음,보행자,남,62세,경상
택시사고,2022041100100451,2022년 4월 11일 18시,월요일,부산광역시 부산진구 초읍동,경상사고,0,0,1,0,차대사람 - 기타,안전운전불이행,건조,기타,단일로 - 기타,승용,남,69세,상해없음,보행자,여,11세,경상
택시사고,2022041100100594,2022년 4월 11일 23시,월요일,부산광역시 부산진구 부전동,경상사고,0,0,2,0,차대차 - 추돌,안전거리미확보,건조,맑음,단일로 - 기타,승용,남,68세,상해없음,승용,남,72세,경상
택시사고,2022041200100191,2022년 4월 12일 11시,화요일,부산광역시 사하구 당리동,중상사고,0,1,0,0,차대차 - 기타,안전운전불이행,건조,맑음,교차로 - 교차로부근,승용,남,54세,상해없음,승용,남,77세,상해없음
택시사고,2022041200100562,2022년 4월 12일 23시,화요일,부산광역시 동래구 온천동,경상사고,0,0,2,0,차량단독 - 공작물충돌,안전운전불이행,건조,맑음,단일로 - 기타,승용,남,65세,상해없음,,,,
택시사고,2022041300100162,2022년 4월 13일 11시,수요일,부산광역시 기장군 일광읍,경상사고,0,0,1,0,차대사람 - 횡단중,보행자보호의무위반,건조,맑음,교차로 - 교차로횡단보도내,승용,남,67세,상해없음,보행자,여,43세,경상
택시사고,2022041300100458,2022년 4월 13일 20시,수요일,부산광역시 부산진구 전포동,경상사고,0,0,1,0,차대차 - 측면충돌,기타,건조,맑음,교차로 - 교차로안,승용,남,69세,상해없음,이륜,여,26세,경상
택시사고,2022041300100491,2022년 4월 13일 21시,수요일,부산광역시 남구 문현동,경상사고,0,0,2,0,차대차 - 기타,안전운전불이행,건조,맑음,교차로 - 교차로안,승용,남,59세,경상,이륜,남,26세,경상
택시사고,2022041300100532,2022년 4월 13일 22시,수요일,부산광역시 부산진구 부전동,중상사고,0,1,0,0,차대사람 - 횡단중,중앙선침범,건조,맑음,단일로 - 기타,승용,남,49세,상해없음,보행자,여,45세,중상
택시사고,2022041400100298,2022년 4월 14일 15시,목요일,부산광역시 서구 암남동,중상사고,0,3,0,0,차대차 - 추돌,안전거리미확보,건조,맑음,교차로 - 교차로안,승용,남,62세,상해없음,승용,여,52세,중상
택시사고,2.02204E+15,2022년 4월 14일 15시,목요일,부산광역시 동래구 온천동,경상사고,0,0,1,0,차대차 - 측면충돌,안전거리미확보,건조,맑음,단일로 - 기타,승용,남,72세,상해없음,승용,남,66세,상해없음
택시사고,2022041400100359,2022년 4월 14일 17시,목요일,부산광역시 동구 초량동,경상사고,0,0,2,0,차대차 - 측면충돌,불법유턴,건조,흐림,단일로 - 기타,승용,남,70세,상해없음,승용,여,35세,경상
택시사고,2022041400100492,2022년 4월 14일 22시,목요일,부산광역시 사하구 괴정동,중상사고,0,1,0,0,차대차 - 추돌,중앙선침범,건조,맑음,단일로 - 기타,승용,남,71세,상해없음,원동기,남,30세,중상
택시사고,2022041500100035,2022년 4월 15일 06시,금요일,부산광역시 중구 중앙동4가,경상사고,0,0,3,0,차대차 - 측면충돌,안전운전불이행,건조,맑음,교차로 - 교차로부근,승용,남,75세,상해없음,승용,남,39세,상해없음
택시사고,2.02204E+15,2022년 4월 15일 07시,금요일,부산광역시 해운대구 반여동,경상사고,0,0,1,0,차대사람 - 횡단중,안전운전불이행,건조,맑음,교차로 - 교차로안,승용,남,68세,상해없음,보행자,남,68세,경상
택시사고,2.02204E+15,2022년 4월 15일 10시,금요일,부산광역시 영도구 대교동1가,중상사고,0,1,0,0,차대차 - 측면충돌,직진우회전진행방해,건조,맑음,교차로 - 교차로안,승용,남,76세,상해없음,이륜,남,23세,중상
택시사고,2022041500100247,2022년 4월 15일 13시,금요일,부산광역시 연제구 연산동,경상사고,0,0,1,0,차대차 - 추돌,안전거리미확보,건조,맑음,단일로 - 기타,승용,남,74세,상해없음,이륜,남,40세,경상
택시사고,2022041500100357,2022년 4월 15일 16시,금요일,부산광역시 부산진구 개금동,경상사고,0,0,1,0,차대차 - 추돌,안전운전불이행,건조,맑음,교차로 - 교차로부근,승용,남,64세,상해없음,승용,남,26세,경상
택시사고,2022041600100038,2022년 4월 16일 02시,토요일,부산광역시 수영구 광안동,경상사고,0,0,1,0,차대차 - 기타,교차로운행방법위반,건조,맑음,교차로 - 교차로안,승용,남,56세,상해없음,기타불명,기타불명,미분류,기타불명
택시사고,2022041600100302,2022년 4월 16일 14시,토요일,부산광역시 남구 대연동,경상사고,0,0,1,0,차대차 - 추돌,안전운전불이행,건조,맑음,단일로 - 기타,승용,남,60세,상해없음,승용,남,62세,경상
택시사고,2022041600100393,2022년 4월 16일 16시,토요일,부산광역시 부산진구 당감동,경상사고,0,0,4,0,차대차 - 추돌,안전운전불이행,건조,맑음,단일로 - 기타,승용,남,66세,상해없음,승합,남,29세,경상
택시사고,2022041700100032,2022년 4월 17일 01시,일요일,부산광역시 금정구 남산동,중상사고,0,1,1,0,차대차 - 측면충돌,안전운전불이행,건조,맑음,단일로 - 기타,승용,남,70세,경상,이륜,남,34세,중상
택시사고,2022041700100459,2022년 4월 17일 22시,일요일,부산광역시 동구 좌천동,경상사고,0,0,2,0,차대차 - 측면충돌,안전운전불이행,건조,맑음,단일로 - 기타,승용,남,71세,상해없음,승용,여,30세,경상
택시사고,2022041800100318,2022년 4월 18일 15시,월요일,부산광역시 부산진구 양정동,경상사고,0,0,1,0,차대차 - 측면충돌,안전거리미확보,건조,맑음,단일로 - 기타,승용,남,62세,상해없음,승용,여,29세,경상
택시사고,2022041800100555,2022년 4월 18일 23시,월요일,부산광역시 연제구 연산동,중상사고,0,1,0,0,차대사람 - 횡단중,안전운전불이행,건조,맑음,교차로 - 교차로횡단보도내,승용,남,69세,상해없음,보행자,남,61세,중상
택시사고,2022041800100556,2022년 4월 18일 23시,월요일,부산광역시 연제구 연산동,중상사고,0,1,0,0,차대차 - 추돌,안전운전불이행,건조,맑음,교차로 - 교차로안,승용,남,58세,상해없음,승용,남,68세,중상
택시사고,2022042000100247,2022년 4월 20일 12시,수요일,부산광역시 동구 수정동,중상사고,0,1,0,0,차대사람 - 횡단중,보행자보호의무위반,건조,맑음,교차로 - 교차로안,승용,남,80세,상해없음,보행자,여,82세,중상
택시사고,2022042100100145,2022년 4월 21일 10시,목요일,부산광역시 해운대구 반여동,중상사고,0,1,0,0,차대사람 - 기타,안전운전불이행,건조,맑음,단일로 - 기타,승용,남,72세,상해없음,보행자,여,39세,중상
택시사고,2022042100100173,2022년 4월 21일 11시,목요일,부산광역시 해운대구 우동,중상사고,0,3,0,0,차대차 - 추돌,기타,건조,맑음,단일로 - 기타,승용,남,67세,중상,특수,남,67세,상해없음
택시사고,2022042100100281,2022년 4월 21일 15시,목요일,부산광역시 부산진구 부전동,경상사고,0,0,1,0,차대사람 - 길가장자리구역통행중,안전운전불이행,젖음/습기,비,단일로 - 기타,승용,남,69세,상해없음,보행자,남,34세,경상
택시사고,2022042200100045,2022년 4월 22일 05시,금요일,부산광역시 북구 덕천동,경상사고,0,0,1,0,차대사람 - 횡단중,안전운전불이행,건조,맑음,단일로 - 지하차도(도로)내,승용,남,60세,상해없음,보행자,남,65세,경상
택시사고,2022042200100256,2022년 4월 22일 14시,금요일,부산광역시 부산진구 범전동,경상사고,0,0,5,0,차대차 - 추돌,안전운전불이행,건조,맑음,단일로 - 기타,승용,남,63세,상해없음,화물,남,27세,경상
택시사고,2022042300100018,2022년 4월 23일 01시,토요일,부산광역시 수영구 망미동,경상사고,0,0,2,0,차대차 - 측면충돌,안전운전불이행,건조,맑음,단일로 - 기타,승용,남,63세,경상,승용,남,31세,경상
택시사고,2022042300100328,2022년 4월 23일 16시,토요일,부산광역시 남구 대연동,중상사고,0,1,0,0,차대차 - 기타,기타,건조,맑음,단일로 - 지하차도(도로)내,승용,남,55세,상해없음,이륜,남,32세,중상
택시사고,2022042400100002,2022년 4월 24일 00시,일요일,부산광역시 수영구 민락동,경상사고,0,0,1,1,차대차 - 추돌,안전거리미확보,건조,맑음,단일로 - 기타,승용,남,56세,부상신고,이륜,남,26세,경상
택시사고,2022042400100032,2022년 4월 24일 02시,일요일,부산광역시 연제구 거제동,경상사고,0,0,1,0,차대차 - 정면충돌,안전운전불이행,건조,맑음,교차로 - 교차로횡단보도내,승용,남,62세,상해없음,이륜,남,20세,경상
택시사고,2022042400100302,2022년 4월 24일 17시,일요일,부산광역시 중구 보수동1가,경상사고,0,0,1,0,차대사람 - 횡단중,보행자보호의무위반,건조,맑음,교차로 - 교차로안,승용,남,61세,상해없음,보행자,여,65세,경상
택시사고,2022042400100333,2022년 4월 24일 18시,일요일,부산광역시 부산진구 부전동,경상사고,0,0,1,0,차대사람 - 기타,안전운전불이행,건조,맑음,단일로 - 기타,승용,남,61세,상해없음,보행자,남,35세,경상
택시사고,2.02204E+15,2022년 4월 24일 20시,일요일,부산광역시 해운대구 우동,경상사고,0,0,2,0,차대차 - 측면충돌,안전운전불이행,건조,맑음,교차로 - 교차로부근,승용,남,71세,경상,승용,여,38세,상해없음
택시사고,2022042500100022,2022년 4월 25일 04시,월요일,부산광역시 동구 초량동,경상사고,0,0,2,0,차대차 - 추돌,안전거리미확보,젖음/습기,흐림,단일로 - 기타,승용,남,64세,경상,승용,남,31세,상해없음