사고부문,사고번호,사고일시,요일,시군구,사고내용,사망자수,중상자수,경상자수,부상신고자수,사고유형,법규위반,노면상태,기상상태,도로형태,가해운전자 차종,가해운전자 성별,가해운전자 연령,가해운전자 상해정도,피해운전자 차종,피해운전자 성별,피해운전자 연령,피해운전자 상해정도
택시사고,2022042500100421,2022년 4월 25일 17시,월요일,부산광역시 사하구 신평동,경상사고,0,0,1,0,차대사람 - 차도통행중,안전운전불이행,건조,맑음,단일로 - 기타,승용,남,41세,상해없음,보행자,여,73세,경상
택시사고,2022042500100499,2022년 4월 25일 19시,월요일,부산광역시 동구 초량동,중상사고,0,1,0,0,차대사람 - 차도통행중,보행자보호의무위반,건조,맑음,단일로 - 기타,승용,남,63세,상해없음,보행자,여,54세,중상
택시사고,2022042600100048,2022년 4월 26일 04시,화요일,부산광역시 동구 범일동,경상사고,0,0,1,0,차대차 - 측면충돌,신호위반,젖음/습기,비,교차로 - 교차로안,승용,여,63세,상해없음,화물,남,70세,상해없음
택시사고,2022042600100189,2022년 4월 26일 10시,화요일,부산광역시 영도구 청학동,중상사고,0,1,0,0,차대사람 - 횡단중,안전운전불이행,건조,맑음,교차로 - 교차로안,승용,남,66세,상해없음,보행자,여,75세,중상
택시사고,2022042700100001,2022년 4월 27일 00시,수요일,부산광역시 기장군 기장읍,중상사고,0,1,0,0,차대차 - 측면충돌,교차로운행방법위반,건조,맑음,교차로 - 교차로안,승용,남,56세,상해없음,승용,여,45세,중상
택시사고,2022042700100029,2022년 4월 27일 04시,수요일,부산광역시 부산진구 범전동,중상사고,0,1,0,0,차대사람 - 횡단중,신호위반,건조,맑음,기타 - 기타,승용,남,65세,상해없음,보행자,남,84세,중상
택시사고,2022042700100256,2022년 4월 27일 13시,수요일,부산광역시 부산진구 당감동,경상사고,0,0,1,0,차대차 - 기타,차로위반,건조,맑음,단일로 - 기타,승용,남,75세,상해없음,이륜,남,42세,경상
택시사고,2.02204E+15,2022년 4월 28일 09시,목요일,부산광역시 부산진구 범천동,경상사고,0,0,1,0,차량단독 - 기타,안전거리미확보,건조,맑음,단일로 - 기타,승용,남,59세,상해없음,,,,
택시사고,2022042800100292,2022년 4월 28일 14시,목요일,부산광역시 남구 대연동,경상사고,0,0,1,0,차대차 - 기타,안전거리미확보,건조,맑음,단일로 - 기타,승용,남,68세,상해없음,승용,남,72세,경상
택시사고,2022042900100016,2022년 4월 29일 01시,금요일,부산광역시 동래구 온천동,경상사고,0,0,1,0,차대사람 - 횡단중,안전운전불이행,건조,맑음,단일로 - 기타,승용,남,65세,상해없음,보행자,여,61세,경상
택시사고,2.02204E+15,2022년 4월 29일 09시,금요일,부산광역시 부산진구 가야동,경상사고,0,0,1,0,차대차 - 기타,안전거리미확보,젖음/습기,비,단일로 - 기타,승용,남,65세,상해없음,승합,남,60세,기타불명
택시사고,2022042900100294,2022년 4월 29일 13시,금요일,부산광역시 강서구 대저2동,경상사고,0,0,1,0,차대사람 - 기타,안전운전불이행,건조,맑음,단일로 - 기타,승용,남,64세,상해없음,보행자,남,53세,경상
택시사고,2022043000100182,2022년 4월 30일 12시,토요일,부산광역시 연제구 연산동,경상사고,0,0,1,0,차대사람 - 횡단중,보행자보호의무위반,건조,맑음,교차로 - 교차로횡단보도내,승용,남,58세,상해없음,보행자,여,25세,경상
택시사고,2.02205E+15,2022년 5월 1일 04시,일요일,부산광역시 연제구 거제동,중상사고,0,1,0,0,차대사람 - 차도통행중,안전운전불이행,건조,맑음,단일로 - 기타,승용,남,77세,상해없음,보행자,남,24세,중상
택시사고,2022050200100232,2022년 5월 2일 12시,월요일,부산광역시 연제구 연산동,중상사고,0,1,0,0,차대사람 - 횡단중,보행자보호의무위반,건조,맑음,교차로 - 교차로횡단보도내,승용,남,68세,상해없음,보행자,남,84세,중상
택시사고,2.02205E+15,2022년 5월 2일 17시,월요일,부산광역시 동래구 온천동,경상사고,0,0,1,0,차대차 - 기타,안전운전불이행,건조,맑음,단일로 - 기타,승용,남,69세,상해없음,원동기,남,40세,경상
택시사고,2022050200100566,2022년 5월 2일 21시,월요일,부산광역시 사하구 장림동,경상사고,0,0,1,0,차대차 - 추돌,안전운전불이행,젖음/습기,비,단일로 - 기타,승용,남,63세,상해없음,이륜,남,51세,경상
택시사고,2022050200100611,2022년 5월 2일 23시,월요일,부산광역시 연제구 연산동,경상사고,0,0,1,0,차대사람 - 횡단중,안전운전불이행,젖음/습기,비,단일로 - 기타,승용,남,62세,상해없음,보행자,남,58세,경상
택시사고,2022050300100375,2022년 5월 3일 16시,화요일,부산광역시 해운대구 중동,경상사고,0,0,1,0,차대차 - 기타,신호위반,건조,맑음,교차로 - 교차로부근,승용,남,61세,상해없음,화물,남,68세,경상
택시사고,2022050300100417,2022년 5월 3일 17시,화요일,부산광역시 동구 범일동,경상사고,0,0,1,0,차대차 - 측면충돌,교차로운행방법위반,건조,맑음,교차로 - 교차로안,승용,남,66세,상해없음,이륜,남,27세,경상
택시사고,2022050300100544,2022년 5월 3일 20시,화요일,부산광역시 수영구 남천동,중상사고,0,1,0,0,차대차 - 기타,기타,건조,맑음,교차로 - 교차로부근,승용,남,70세,상해없음,이륜,남,34세,중상
택시사고,2022050400100003,2022년 5월 4일 00시,수요일,부산광역시 중구 중앙동6가,경상사고,0,0,5,0,차대차 - 측면충돌,신호위반,건조,맑음,교차로 - 교차로부근,승용,남,67세,상해없음,승용,남,66세,경상
택시사고,2.02205E+15,2022년 5월 4일 05시,수요일,부산광역시 사하구 괴정동,경상사고,0,0,1,0,차대차 - 기타,기타,건조,맑음,단일로 - 지하차도(도로)내,승용,남,67세,기타불명,승용,남,62세,상해없음
택시사고,2022050400100213,2022년 5월 4일 10시,수요일,부산광역시 금정구 서동,경상사고,0,0,1,0,차대사람 - 횡단중,보행자보호의무위반,건조,맑음,단일로 - 기타,승용,여,60세,상해없음,보행자,여,74세,경상
택시사고,2022050400100286,2022년 5월 4일 12시,수요일,부산광역시 동래구 명장동,중상사고,0,1,0,0,차대차 - 측면충돌,안전운전불이행,건조,맑음,교차로 - 교차로안,승용,남,71세,상해없음,원동기,남,32세,중상
택시사고,2022050400100529,2022년 5월 4일 18시,수요일,부산광역시 동래구 낙민동,경상사고,0,0,1,0,차대차 - 측면충돌,안전운전불이행,건조,맑음,단일로 - 기타,승용,남,73세,상해없음,승용,남,41세,경상
택시사고,2022050500100037,2022년 5월 5일 02시,목요일,부산광역시 중구 부평동2가,경상사고,0,0,1,0,차대사람 - 기타,안전운전불이행,건조,맑음,단일로 - 기타,승용,남,42세,상해없음,보행자,남,66세,경상
택시사고,2022050500100071,2022년 5월 5일 07시,목요일,부산광역시 금정구 서동,경상사고,0,0,1,0,차대차 - 측면충돌,신호위반,건조,맑음,교차로 - 교차로부근,승용,남,70세,상해없음,승용,남,47세,경상
택시사고,2022050500100365,2022년 5월 5일 17시,목요일,부산광역시 영도구 영선동4가,경상사고,0,0,1,0,차대차 - 추돌,안전운전불이행,건조,맑음,단일로 - 기타,승용,남,69세,상해없음,이륜,남,23세,경상
택시사고,2022050600100441,2022년 5월 6일 17시,금요일,부산광역시 수영구 남천동,경상사고,0,0,4,0,차대차 - 측면충돌,안전운전불이행,건조,맑음,단일로 - 교량,승용,남,74세,기타불명,승용,남,53세,경상
택시사고,2022050600100657,2022년 5월 6일 23시,금요일,부산광역시 수영구 민락동,경상사고,0,0,1,0,차대사람 - 기타,안전운전불이행,건조,맑음,기타 - 기타,승용,남,59세,상해없음,보행자,여,31세,경상
택시사고,2022050700100058,2022년 5월 7일 07시,토요일,부산광역시 동래구 안락동,경상사고,0,0,2,0,차대차 - 정면충돌,안전거리미확보,건조,맑음,교차로 - 교차로부근,승용,남,40세,상해없음,승용,여,51세,경상
택시사고,2022050700100068,2022년 5월 7일 08시,토요일,부산광역시 사상구 모라동,경상사고,0,0,1,0,차대차 - 측면충돌,신호위반,건조,맑음,교차로 - 교차로안,승용,남,70세,상해없음,자전거,남,60세,경상
택시사고,2.02205E+15,2022년 5월 7일 20시,토요일,부산광역시 사상구 괘법동,중상사고,0,1,0,0,차대차 - 측면충돌,안전거리미확보,건조,맑음,단일로 - 기타,승용,남,61세,상해없음,이륜,남,39세,중상
택시사고,2022050700100502,2022년 5월 7일 21시,토요일,부산광역시 부산진구 부전동,경상사고,0,0,1,0,차대사람 - 기타,안전운전불이행,건조,맑음,단일로 - 기타,승용,남,71세,상해없음,보행자,남,19세,경상
택시사고,2022050800100006,2022년 5월 8일 00시,일요일,부산광역시 동구 초량동,경상사고,0,0,1,0,차대차 - 추돌,안전운전불이행,건조,맑음,단일로 - 기타,승용,남,66세,상해없음,승용,남,62세,경상
택시사고,2.02205E+15,2022년 5월 8일 10시,일요일,부산광역시 영도구 동삼동,중상사고,0,1,1,0,차대사람 - 횡단중,안전운전불이행,건조,맑음,교차로 - 교차로부근,승용,남,72세,상해없음,보행자,여,68세,경상
택시사고,2022050800100466,2022년 5월 8일 22시,일요일,부산광역시 동구 초량동,중상사고,0,1,0,0,차대차 - 측면충돌,안전거리미확보,건조,맑음,단일로 - 기타,승용,남,30세,상해없음,이륜,남,32세,중상
택시사고,2022051000100056,2022년 5월 10일 07시,화요일,부산광역시 사하구 장림동,중상사고,0,1,0,0,차대사람 - 차도통행중,안전운전불이행,건조,맑음,교차로 - 교차로안,승용,남,70세,상해없음,보행자,남,17세,중상
택시사고,2.02205E+15,2022년 5월 10일 14시,화요일,부산광역시 중구 남포동1가,경상사고,0,0,1,0,차대차 - 기타,안전운전불이행,건조,맑음,교차로 - 교차로안,승용,남,71세,상해없음,승용,남,50세,경상
택시사고,2022051000100322,2022년 5월 10일 14시,화요일,부산광역시 동래구 낙민동,경상사고,0,0,1,0,차대차 - 추돌,안전운전불이행,건조,맑음,단일로 - 기타,승용,남,64세,상해없음,승용,남,64세,경상
택시사고,2022051100100178,2022년 5월 11일 11시,수요일,부산광역시 중구 신창동4가,중상사고,0,1,0,0,차대사람 - 기타,안전운전불이행,건조,맑음,단일로 - 기타,승용,남,68세,상해없음,보행자,여,84세,중상
택시사고,2022051100100204,2022년 5월 11일 12시,수요일,부산광역시 부산진구 전포동,중상사고,0,1,0,0,차대차 - 측면충돌,기타,건조,맑음,단일로 - 기타,승용,남,74세,상해없음,이륜,남,44세,중상
택시사고,2022051100100568,2022년 5월 11일 23시,수요일,부산광역시 남구 대연동,경상사고,0,0,1,0,차대사람 - 횡단중,신호위반,건조,맑음,교차로 - 교차로부근,승용,남,71세,상해없음,보행자,여,26세,경상
택시사고,2022051200100096,2022년 5월 12일 08시,목요일,부산광역시 수영구 망미동,경상사고,0,0,2,0,차대차 - 기타,기타,건조,맑음,단일로 - 기타,승용,남,81세,상해없음,개인형이동수단(PM),남,40세,경상
택시사고,2022051200100357,2022년 5월 12일 16시,목요일,부산광역시 남구 대연동,경상사고,0,0,2,0,차대차 - 기타,기타,건조,맑음,단일로 - 기타,승용,남,63세,상해없음,이륜,남,32세,경상
택시사고,2022051300100016,2022년 5월 13일 01시,금요일,부산광역시 사하구 다대동,사망사고,1,0,0,0,차대사람 - 횡단중,기타,건조,맑음,교차로 - 교차로횡단보도내,승용,남,63세,상해없음,보행자,남,55세,사망
택시사고,2022051300100085,2022년 5월 13일 08시,금요일,부산광역시 동래구 명륜동,경상사고,0,0,1,0,차대차 - 측면충돌,중앙선침범,건조,흐림,단일로 - 기타,승용,남,57세,상해없음,이륜,남,25세,경상
택시사고,2022051300100136,2022년 5월 13일 09시,금요일,부산광역시 동구 초량동,경상사고,0,0,1,0,차대차 - 측면충돌,안전거리미확보,건조,맑음,단일로 - 기타,승용,남,65세,상해없음,승용,여,51세,경상
택시사고,2022051300100164,2022년 5월 13일 10시,금요일,부산광역시 동래구 칠산동,경상사고,0,0,1,0,차대사람 - 횡단중,보행자보호의무위반,건조,맑음,교차로 - 교차로횡단보도내,승용,남,65세,상해없음,보행자,여,41세,경상
택시사고,2022051300100205,2022년 5월 13일 11시,금요일,부산광역시 기장군 기장읍,경상사고,0,0,1,0,차대차 - 기타,안전운전불이행,건조,맑음,교차로 - 교차로부근,승용,남,79세,상해없음,화물,남,50세,경상
택시사고,2022051300100608,2022년 5월 13일 21시,금요일,부산광역시 해운대구 우동,경상사고,0,0,1,0,차대차 - 측면충돌,안전운전불이행,건조,맑음,교차로 - 교차로안,승용,남,63세,기타불명,승용,남,25세,경상
택시사고,2022051300100643,2022년 5월 13일 22시,금요일,부산광역시 해운대구 중동,경상사고,0,0,1,0,차대차 - 추돌,안전운전불이행,건조,맑음,교차로 - 교차로부근,승용,남,59세,기타불명,승용,여,47세,경상
택시사고,2022051400100006,2022년 5월 14일 00시,토요일,부산광역시 부산진구 부전동,경상사고,0,0,1,0,차대사람 - 차도통행중,안전운전불이행,건조,맑음,교차로 - 교차로횡단보도내,승용,남,53세,상해없음,보행자,남,42세,경상
택시사고,2022051400100122,2022년 5월 14일 09시,토요일,부산광역시 동구 초량동,부상신고사고,0,0,0,1,차대차 - 추돌,안전운전불이행,건조,맑음,단일로 - 기타,승용,남,74세,상해없음,승용,남,47세,부상신고
택시사고,2022051400100306,2022년 5월 14일 14시,토요일,부산광역시 북구 덕천동,경상사고,0,0,1,0,차대사람 - 기타,안전운전불이행,건조,맑음,기타 - 기타,승용,남,75세,상해없음,보행자,남,82세,경상
택시사고,2022051400100347,2022년 5월 14일 15시,토요일,부산광역시 동래구 온천동,중상사고,0,1,0,0,차대차 - 기타,안전운전불이행,건조,맑음,교차로 - 교차로안,승용,남,72세,상해없음,사륜오토바이(ATV),남,43세,중상
택시사고,2022051400100348,2022년 5월 14일 15시,토요일,부산광역시 해운대구 반여동,경상사고,0,0,1,0,차대차 - 측면충돌,안전운전불이행,건조,맑음,단일로 - 기타,승용,남,57세,상해없음,이륜,남,25세,경상
택시사고,2022051400100523,2022년 5월 14일 19시,토요일,부산광역시 해운대구 우동,경상사고,0,0,1,0,차대사람 - 보도통행중,신호위반,건조,맑음,기타 - 기타,승용,남,56세,상해없음,보행자,여,23세,경상
택시사고,2022051500100005,2022년 5월 15일 00시,일요일,부산광역시 부산진구 연지동,중상사고,0,1,3,1,차대차 - 추돌,안전운전불이행,건조,맑음,교차로 - 교차로부근,승용,남,72세,부상신고,승용,여,44세,경상
택시사고,2022051500100498,2022년 5월 15일 23시,일요일,부산광역시 중구 대창동1가,경상사고,0,0,3,0,차대차 - 측면충돌,신호위반,건조,맑음,교차로 - 교차로안,승용,남,62세,상해없음,승합,남,42세,경상
택시사고,2022051600100181,2022년 5월 16일 10시,월요일,부산광역시 연제구 거제동,경상사고,0,0,1,0,차대차 - 측면충돌,안전거리미확보,건조,맑음,단일로 - 기타,승용,남,72세,상해없음,화물,남,30세,경상
택시사고,2022051600100241,2022년 5월 16일 12시,월요일,부산광역시 부산진구 개금동,경상사고,0,0,1,0,차대사람 - 기타,안전운전불이행,건조,맑음,단일로 - 기타,승용,남,65세,상해없음,보행자,남,53세,경상
택시사고,2022051600100472,2022년 5월 16일 18시,월요일,부산광역시 사하구 장림동,경상사고,0,0,3,0,차대차 - 추돌,기타,건조,맑음,단일로 - 기타,승용,남,63세,상해없음,이륜,남,39세,경상
택시사고,2022051700100011,2022년 5월 17일 01시,화요일,부산광역시 금정구 회동동,경상사고,0,0,3,0,차대차 - 추돌,기타,건조,맑음,교차로 - 교차로부근,승용,남,70세,경상,승용,여,64세,경상
택시사고,2022051700100187,2022년 5월 17일 11시,화요일,부산광역시 서구 서대신동3가,경상사고,0,0,1,0,차대사람 - 기타,안전운전불이행,건조,맑음,교차로 - 교차로부근,승용,남,67세,상해없음,보행자,여,2세,경상
택시사고,2.02205E+15,2022년 5월 17일 16시,화요일,부산광역시 기장군 기장읍,중상사고,0,2,0,0,차대사람 - 횡단중,안전운전불이행,건조,맑음,교차로 - 교차로부근,승용,남,68세,상해없음,보행자,여,17세,중상
택시사고,2022051700100507,2022년 5월 17일 19시,화요일,부산광역시 수영구 수영동,중상사고,0,1,0,0,차대차 - 측면충돌,기타,건조,맑음,단일로 - 기타,승용,남,57세,상해없음,이륜,남,22세,중상
택시사고,2022051800100173,2022년 5월 18일 10시,수요일,부산광역시 동구 범일동,경상사고,0,0,1,0,차대사람 - 횡단중,신호위반,건조,맑음,단일로 - 기타,승용,남,76세,상해없음,보행자,여,64세,경상
택시사고,2022051800100328,2022년 5월 18일 15시,수요일,부산광역시 연제구 거제동,중상사고,0,1,1,1,차대차 - 기타,안전운전불이행,건조,맑음,단일로 - 기타,승용,여,73세,상해없음,화물,남,49세,중상
택시사고,2022051900100382,2022년 5월 19일 17시,목요일,부산광역시 사상구 엄궁동,경상사고,0,0,2,0,차대차 - 측면충돌,신호위반,건조,맑음,교차로 - 교차로안,승용,남,63세,상해없음,승용,여,48세,경상
택시사고,2022051900100464,2022년 5월 19일 19시,목요일,부산광역시 해운대구 중동,중상사고,0,1,0,0,차대차 - 측면충돌,안전거리미확보,건조,맑음,교차로 - 교차로안,승용,남,55세,상해없음,이륜,남,63세,중상
택시사고,2022051900100522,2022년 5월 19일 21시,목요일,부산광역시 북구 만덕동,경상사고,0,0,1,0,차대사람 - 횡단중,신호위반,건조,맑음,교차로 - 교차로안,승용,남,64세,상해없음,보행자,남,61세,경상
택시사고,2022051900100523,2022년 5월 19일 21시,목요일,부산광역시 수영구 망미동,중상사고,0,1,0,0,차대차 - 기타,안전운전불이행,건조,맑음,단일로 - 기타,승용,남,70세,기타불명,자전거,여,19세,중상
택시사고,2022052000100434,2022년 5월 20일 17시,금요일,부산광역시 북구 만덕동,경상사고,0,0,1,0,차대차 - 기타,기타,건조,맑음,단일로 - 기타,승용,남,80세,상해없음,이륜,남,35세,경상
택시사고,2.02205E+15,2022년 5월 20일 20시,금요일,부산광역시 북구 구포동,중상사고,0,1,0,0,차대사람 - 횡단중,신호위반,건조,맑음,단일로 - 기타,승용,남,61세,상해없음,보행자,여,58세,중상
택시사고,2022052000100641,2022년 5월 20일 22시,금요일,부산광역시 동구 초량동,중상사고,0,1,1,0,차대차 - 기타,신호위반,건조,맑음,단일로 - 기타,승용,남,64세,상해없음,승합,남,46세,상해없음
택시사고,2022052100100142,2022년 5월 21일 10시,토요일,부산광역시 부산진구 초읍동,중상사고,0,7,3,2,차대차 - 기타,신호위반,건조,맑음,교차로 - 교차로안,승용,남,71세,기타불명,승합,남,38세,경상
택시사고,2022052100100314,2022년 5월 21일 14시,토요일,부산광역시 부산진구 부전동,중상사고,0,1,0,0,차대차 - 기타,기타,건조,맑음,단일로 - 기타,승용,남,74세,상해없음,이륜,남,64세,중상
택시사고,2022052100100397,2022년 5월 21일 16시,토요일,부산광역시 동래구 명륜동,경상사고,0,0,1,0,차대차 - 추돌,안전운전불이행,건조,맑음,교차로 - 교차로부근,승용,남,69세,상해없음,승용,남,51세,경상
택시사고,2022052100100559,2022년 5월 21일 21시,토요일,부산광역시 부산진구 부전동,경상사고,0,0,1,0,차대사람 - 횡단중,안전운전불이행,건조,맑음,단일로 - 기타,승용,남,68세,상해없음,보행자,남,5세,경상
택시사고,2022052200100445,2022년 5월 22일 21시,일요일,부산광역시 금정구 부곡동,경상사고,0,0,1,0,차대차 - 측면충돌,중앙선침범,건조,맑음,단일로 - 기타,승용,남,56세,상해없음,이륜,남,40세,경상
택시사고,2022052300100039,2022년 5월 23일 06시,월요일,부산광역시 동래구 온천동,경상사고,0,0,1,0,차대차 - 기타,신호위반,건조,맑음,단일로 - 기타,승용,남,66세,상해없음,이륜,남,58세,경상
택시사고,2022052300100384,2022년 5월 23일 16시,월요일,부산광역시 동래구 사직동,경상사고,0,0,1,0,차대사람 - 기타,안전운전불이행,건조,맑음,교차로 - 교차로부근,승용,남,72세,상해없음,보행자,남,38세,경상
택시사고,2022052300100579,2022년 5월 23일 21시,월요일,부산광역시 사하구 괴정동,경상사고,0,0,1,0,차대사람 - 기타,안전운전불이행,건조,맑음,단일로 - 기타,승용,남,59세,상해없음,보행자,남,44세,경상
택시사고,2022052300100616,2022년 5월 23일 23시,월요일,부산광역시 해운대구 우동,경상사고,0,0,1,0,차대차 - 측면충돌,안전운전불이행,건조,맑음,단일로 - 기타,승용,남,75세,상해없음,승용,남,27세,경상
택시사고,2022052400100069,2022년 5월 24일 08시,화요일,부산광역시 동구 초량동,경상사고,0,0,1,0,차대사람 - 차도통행중,안전운전불이행,건조,맑음,단일로 - 기타,승용,남,68세,상해없음,보행자,여,25세,경상
택시사고,2022052500100008,2022년 5월 25일 01시,수요일,부산광역시 동구 초량동,경상사고,0,0,2,0,차대차 - 측면충돌,불법유턴,건조,맑음,교차로 - 교차로안,승용,남,49세,상해없음,승용,남,34세,경상
택시사고,2022052500100082,2022년 5월 25일 08시,수요일,부산광역시 북구 금곡동,경상사고,0,0,1,1,차대차 - 기타,기타,건조,맑음,교차로 - 교차로안,승용,남,69세,상해없음,승용,남,56세,경상
택시사고,2022052500100528,2022년 5월 25일 19시,수요일,부산광역시 사하구 하단동,중상사고,0,1,0,0,차대차 - 기타,교차로운행방법위반,건조,맑음,단일로 - 기타,승용,남,62세,상해없음,자전거,남,67세,중상
택시사고,2022052600100214,2022년 5월 26일 11시,목요일,부산광역시 부산진구 전포동,경상사고,0,0,1,0,차대사람 - 횡단중,불법유턴,건조,맑음,단일로 - 기타,승용,남,57세,상해없음,보행자,남,32세,경상
택시사고,2022052600100275,2022년 5월 26일 13시,목요일,부산광역시 부산진구 가야동,경상사고,0,0,1,0,차대차 - 추돌,안전운전불이행,건조,맑음,단일로 - 터널,승용,남,72세,상해없음,승용,남,62세,경상
택시사고,2022052600100607,2022년 5월 26일 21시,목요일,부산광역시 남구 대연동,중상사고,0,1,0,0,차대차 - 기타,안전거리미확보,건조,맑음,단일로 - 기타,승용,남,72세,상해없음,승합,남,51세,상해없음
택시사고,2.02205E+15,2022년 5월 27일 01시,금요일,부산광역시 수영구 망미동,경상사고,0,0,2,0,차대차 - 측면충돌,신호위반,건조,맑음,교차로 - 교차로안,승용,남,73세,상해없음,승용,남,29세,경상
택시사고,2022052700100204,2022년 5월 27일 11시,금요일,부산광역시 금정구 금사동,경상사고,0,0,1,0,차대사람 - 횡단중,안전운전불이행,건조,맑음,교차로 - 교차로안,승용,남,61세,상해없음,보행자,남,22세,경상
택시사고,2022052700100234,2022년 5월 27일 12시,금요일,부산광역시 강서구 송정동,경상사고,0,0,1,0,차대차 - 측면충돌,안전운전불이행,건조,맑음,교차로 - 교차로부근,승용,남,73세,경상,승용,남,48세,상해없음
택시사고,2022052800100008,2022년 5월 28일 01시,토요일,부산광역시 수영구 광안동,경상사고,0,0,1,0,차대차 - 측면충돌,안전운전불이행,건조,맑음,교차로 - 교차로안,승용,남,66세,상해없음,화물,남,28세,경상
택시사고,2022052800100144,2022년 5월 28일 10시,토요일,부산광역시 부산진구 연지동,경상사고,0,0,1,0,차대차 - 측면충돌,차로위반,건조,맑음,교차로 - 교차로부근,승용,남,63세,상해없음,승용,남,36세,경상
택시사고,2022052800100222,2022년 5월 28일 12시,토요일,부산광역시 사하구 하단동,중상사고,0,1,0,0,차대차 - 측면충돌,교차로운행방법위반,건조,맑음,교차로 - 교차로안,승용,남,42세,상해없음,이륜,남,42세,중상
택시사고,2022052800100223,2022년 5월 28일 12시,토요일,부산광역시 강서구 녹산동,경상사고,0,0,2,0,차대차 - 추돌,안전운전불이행,건조,맑음,단일로 - 기타,승용,남,75세,상해없음,승용,남,31세,경상
택시사고,2022052800100492,2022년 5월 28일 19시,토요일,부산광역시 사상구 모라동,중상사고,0,1,0,0,차대차 - 측면충돌,안전운전불이행,건조,맑음,교차로 - 교차로안,승용,남,61세,상해없음,이륜,남,22세,중상
택시사고,2022052800100589,2022년 5월 28일 22시,토요일,부산광역시 영도구 영선동2가,중상사고,0,1,0,0,차대사람 - 기타,안전운전불이행,건조,맑음,교차로 - 교차로안,승용,남,77세,상해없음,보행자,남,53세,중상
택시사고,2022052900100138,2022년 5월 29일 11시,일요일,부산광역시 동구 초량동,경상사고,0,0,1,0,차량단독 - 기타,안전운전불이행,건조,맑음,단일로 - 기타,승용,남,69세,상해없음,,,,
택시사고,2022052900100286,2022년 5월 29일 16시,일요일,부산광역시 부산진구 당감동,중상사고,0,1,6,0,차대차 - 기타,안전운전불이행,건조,맑음,단일로 - 고가도로위,승용,남,62세,상해없음,승용,남,28세,경상
택시사고,2022053000100187,2022년 5월 30일 12시,월요일,부산광역시 남구 대연동,중상사고,0,1,0,0,차대차 - 기타,안전운전불이행,건조,맑음,단일로 - 기타,승용,남,64세,상해없음,자전거,여,19세,중상
택시사고,2022053000100214,2022년 5월 30일 13시,월요일,부산광역시 동구 초량동,중상사고,0,1,0,0,차대사람 - 보도통행중,보행자보호의무위반,건조,맑음,교차로 - 교차로안,승용,남,69세,상해없음,보행자,여,52세,중상
택시사고,2022053000100481,2022년 5월 30일 20시,월요일,부산광역시 수영구 망미동,경상사고,0,0,1,0,차대사람 - 기타,안전운전불이행,건조,맑음,단일로 - 기타,승용,남,61세,상해없음,보행자,남,55세,경상
택시사고,2022053000100522,2022년 5월 30일 22시,월요일,부산광역시 기장군 철마면,중상사고,0,1,0,0,차대차 - 기타,신호위반,건조,맑음,교차로 - 교차로부근,승용,남,69세,상해없음,승용,남,34세,중상
택시사고,2022053100100521,2022년 5월 31일 18시,화요일,부산광역시 동구 수정동,경상사고,0,0,1,0,차대사람 - 차도통행중,안전운전불이행,건조,맑음,단일로 - 지하차도(도로)내,승용,남,65세,상해없음,보행자,남,42세,경상
택시사고,2022053100100578,2022년 5월 31일 19시,화요일,부산광역시 해운대구 재송동,경상사고,0,0,1,0,차대차 - 추돌,안전운전불이행,건조,맑음,교차로 - 교차로부근,승용,남,67세,상해없음,승용,남,34세,경상
택시사고,2022053100100642,2022년 5월 31일 21시,화요일,부산광역시 북구 덕천동,경상사고,0,0,3,0,차대차 - 추돌,안전운전불이행,건조,맑음,단일로 - 지하차도(도로)내,승용,남,70세,상해없음,승용,남,63세,경상
택시사고,2022060100100293,2022년 6월 1일 14시,수요일,부산광역시 기장군 기장읍,경상사고,0,0,1,0,차대차 - 추돌,안전운전불이행,건조,맑음,단일로 - 기타,승용,남,52세,상해없음,이륜,남,30세,경상
택시사고,2.02206E+15,2022년 6월 1일 20시,수요일,부산광역시 부산진구 전포동,경상사고,0,0,1,0,차대차 - 측면충돌,중앙선침범,건조,맑음,교차로 - 교차로부근,승용,남,63세,상해없음,원동기,남,39세,경상
택시사고,2022060200100547,2022년 6월 2일 21시,목요일,부산광역시 부산진구 부전동,경상사고,0,0,4,0,차대차 - 기타,안전거리미확보,건조,기타,교차로 - 교차로안,승용,남,66세,상해없음,승용,남,24세,경상
택시사고,2022060300100014,2022년 6월 3일 01시,금요일,부산광역시 연제구 연산동,중상사고,0,1,0,0,차대차 - 기타,기타,건조,맑음,단일로 - 기타,승용,남,70세,상해없음,승용,남,52세,상해없음
택시사고,2022060300100608,2022년 6월 3일 22시,금요일,부산광역시 부산진구 범천동,경상사고,0,0,1,0,차대차 - 기타,안전운전불이행,건조,맑음,단일로 - 기타,승용,남,64세,상해없음,승용,남,65세,경상
택시사고,2022060400100029,2022년 6월 4일 01시,토요일,부산광역시 중구 중앙동2가,경상사고,0,0,1,0,차대사람 - 기타,안전운전불이행,건조,맑음,단일로 - 기타,승용,남,55세,상해없음,보행자,여,26세,경상
택시사고,2022060400100351,2022년 6월 4일 15시,토요일,부산광역시 동래구 온천동,중상사고,0,1,2,0,차대차 - 측면충돌,안전거리미확보,건조,맑음,단일로 - 기타,승용,남,72세,상해없음,화물,남,28세,경상
택시사고,2.02206E+15,2022년 6월 4일 17시,토요일,부산광역시 수영구 수영동,경상사고,0,0,1,0,차대사람 - 기타,안전운전불이행,건조,맑음,단일로 - 기타,승용,남,65세,상해없음,보행자,남,44세,경상