사고부문,사고번호,사고일시,요일,시군구,사고내용,사망자수,중상자수,경상자수,부상신고자수,사고유형,법규위반,노면상태,기상상태,도로형태,가해운전자 차종,가해운전자 성별,가해운전자 연령,가해운전자 상해정도,피해운전자 차종,피해운전자 성별,피해운전자 연령,피해운전자 상해정도
택시사고,2022100600100035,2022년 10월 6일 06시,목요일,부산광역시 사하구 하단동,부상신고사고,0,0,0,1,차대차 - 측면충돌,직진우회전진행방해,건조,맑음,교차로 - 교차로안,승용,남,65세,상해없음,승용,남,62세,상해없음
택시사고,2022100700100004,2022년 10월 7일 00시,금요일,부산광역시 북구 구포동,중상사고,0,1,0,0,차대사람 - 횡단중,안전운전불이행,건조,맑음,단일로 - 기타,승용,남,51세,상해없음,보행자,여,38세,중상
택시사고,2022100700100029,2022년 10월 7일 04시,금요일,부산광역시 서구 초장동,중상사고,0,1,0,0,차대사람 - 횡단중,신호위반,젖음/습기,비,교차로 - 교차로안,승용,남,69세,상해없음,보행자,여,72세,중상
택시사고,2022100700100039,2022년 10월 7일 05시,금요일,부산광역시 부산진구 부전동,경상사고,0,0,3,0,차대차 - 측면충돌,신호위반,건조,맑음,교차로 - 교차로안,승용,남,73세,상해없음,승합,남,63세,경상
택시사고,2022100700100506,2022년 10월 7일 18시,금요일,부산광역시 부산진구 부전동,경상사고,0,0,4,1,차대차 - 측면충돌,교차로운행방법위반,건조,맑음,교차로 - 교차로안,승용,남,46세,상해없음,승용,남,30세,경상
택시사고,2022100700100638,2022년 10월 7일 21시,금요일,부산광역시 사하구 괴정동,경상사고,0,0,1,0,차량단독 - 기타,안전운전불이행,건조,맑음,단일로 - 기타,승용,여,61세,상해없음,,,,
택시사고,2022100800100035,2022년 10월 8일 02시,토요일,부산광역시 동래구 명륜동,경상사고,0,0,1,0,차대차 - 기타,안전운전불이행,건조,맑음,교차로 - 교차로안,승용,남,69세,상해없음,승용,남,51세,경상
택시사고,2022100800100402,2022년 10월 8일 16시,토요일,부산광역시 서구 토성동3가,경상사고,0,0,1,0,차대차 - 측면충돌,교차로운행방법위반,건조,맑음,교차로 - 교차로안,승용,남,76세,상해없음,이륜,남,83세,경상
택시사고,2022100800100613,2022년 10월 8일 21시,토요일,부산광역시 강서구 지사동,부상신고사고,0,0,0,1,차량단독 - 공작물충돌,안전운전불이행,건조,맑음,교차로 - 교차로부근,승용,남,73세,상해없음,,,,
택시사고,2022100900100127,2022년 10월 9일 11시,일요일,부산광역시 금정구 장전동,경상사고,0,0,1,0,차대차 - 측면충돌,안전거리미확보,건조,맑음,교차로 - 교차로부근,승용,남,67세,상해없음,승용,남,25세,경상
택시사고,2022101000100025,2022년 10월 10일 03시,월요일,부산광역시 금정구 남산동,중상사고,0,1,0,0,차대차 - 기타,신호위반,건조,맑음,교차로 - 교차로안,승용,남,54세,기타불명,이륜,남,33세,중상
택시사고,2022101000100318,2022년 10월 10일 17시,월요일,부산광역시 동래구 안락동,경상사고,0,0,1,0,차대차 - 추돌,안전운전불이행,건조,맑음,단일로 - 교량,승용,남,66세,상해없음,승합,남,57세,상해없음
택시사고,2022101000100319,2022년 10월 10일 17시,월요일,부산광역시 금정구 남산동,경상사고,0,0,1,0,차대차 - 측면충돌,안전운전불이행,건조,맑음,단일로 - 기타,승용,남,73세,상해없음,이륜,남,54세,경상
택시사고,2022101100100027,2022년 10월 11일 05시,화요일,부산광역시 동구 좌천동,경상사고,0,0,1,0,차대차 - 추돌,기타,건조,맑음,단일로 - 기타,승용,남,50세,상해없음,승용,남,64세,경상
택시사고,2.0221E+15,2022년 10월 11일 07시,화요일,부산광역시 강서구 화전동,중상사고,0,1,1,0,차대차 - 측면충돌,신호위반,건조,맑음,교차로 - 교차로안,승용,남,69세,상해없음,승용,남,56세,중상
택시사고,2022101100100092,2022년 10월 11일 08시,화요일,부산광역시 동구 초량동,경상사고,0,0,1,0,차대차 - 기타,안전거리미확보,건조,맑음,단일로 - 기타,승용,남,73세,상해없음,승용,여,44세,경상
택시사고,2022101100100323,2022년 10월 11일 14시,화요일,부산광역시 해운대구 우동,경상사고,0,0,1,0,차대차 - 측면충돌,안전거리미확보,건조,맑음,단일로 - 기타,승용,남,71세,상해없음,이륜,남,45세,경상
택시사고,2022101200100099,2022년 10월 12일 08시,수요일,부산광역시 동구 좌천동,중상사고,0,1,0,0,차대차 - 측면충돌,안전운전불이행,건조,맑음,단일로 - 기타,승용,남,64세,상해없음,승용,여,50세,상해없음
택시사고,2022101200100431,2022년 10월 12일 17시,수요일,부산광역시 사상구 덕포동,경상사고,0,0,1,0,차대차 - 추돌,기타,건조,맑음,단일로 - 지하차도(도로)내,승용,남,61세,상해없음,이륜,남,49세,경상
택시사고,2022101300100019,2022년 10월 13일 02시,목요일,부산광역시 사하구 당리동,중상사고,0,1,0,0,차량단독 - 기타,안전운전불이행,건조,맑음,단일로 - 기타,승용,남,64세,상해없음,,,,
택시사고,2022101300100051,2022년 10월 13일 06시,목요일,부산광역시 동래구 안락동,중상사고,0,1,0,0,차대차 - 측면충돌,안전운전불이행,건조,맑음,교차로 - 교차로안,승용,남,69세,상해없음,이륜,여,60세,중상
택시사고,2022101300100052,2022년 10월 13일 06시,목요일,부산광역시 부산진구 개금동,경상사고,0,0,1,0,차대차 - 기타,신호위반,건조,맑음,교차로 - 교차로횡단보도내,승용,남,71세,상해없음,자전거,남,53세,경상
택시사고,2022101400100217,2022년 10월 14일 12시,금요일,부산광역시 동구 범일동,경상사고,0,0,1,0,차대차 - 측면충돌,안전거리미확보,건조,맑음,단일로 - 기타,승용,남,58세,상해없음,승합,남,53세,경상
택시사고,2022101400100386,2022년 10월 14일 16시,금요일,부산광역시 부산진구 연지동,경상사고,0,0,2,0,차대차 - 측면충돌,안전거리미확보,건조,맑음,단일로 - 기타,승용,남,71세,상해없음,승용,여,46세,경상
택시사고,2022101500100033,2022년 10월 15일 02시,토요일,부산광역시 북구 만덕동,경상사고,0,0,1,0,차대차 - 기타,신호위반,건조,맑음,단일로 - 터널,승용,남,59세,상해없음,승용,남,65세,상해없음
택시사고,2022101500100076,2022년 10월 15일 08시,토요일,부산광역시 중구 남포동6가,경상사고,0,0,7,0,차대차 - 측면충돌,신호위반,건조,맑음,단일로 - 기타,승용,남,80세,상해없음,승합,남,59세,경상
택시사고,2022101500100368,2022년 10월 15일 16시,토요일,부산광역시 금정구 구서동,경상사고,0,0,1,0,차대차 - 측면충돌,교차로운행방법위반,건조,맑음,교차로 - 교차로안,승용,남,67세,상해없음,이륜,남,30세,경상
택시사고,2022101500100586,2022년 10월 15일 22시,토요일,부산광역시 부산진구 범천동,경상사고,0,0,1,0,차대사람 - 기타,안전운전불이행,건조,맑음,교차로 - 교차로안,승용,남,73세,상해없음,보행자,남,63세,경상
택시사고,2022101600100007,2022년 10월 16일 00시,일요일,부산광역시 부산진구 부암동,중상사고,0,1,0,0,차대사람 - 횡단중,신호위반,건조,맑음,교차로 - 교차로횡단보도내,승용,남,51세,상해없음,보행자,여,31세,중상
택시사고,2.0221E+15,2022년 10월 17일 21시,월요일,부산광역시 해운대구 우동,중상사고,0,1,0,0,차대차 - 기타,신호위반,건조,맑음,교차로 - 교차로안,승용,남,65세,상해없음,이륜,남,60세,중상
택시사고,2022101800100203,2022년 10월 18일 11시,화요일,부산광역시 동구 범일동,경상사고,0,0,3,0,차대차 - 측면충돌,안전운전불이행,건조,맑음,단일로 - 기타,승용,남,75세,경상,승용,여,32세,경상
택시사고,2022101800100411,2022년 10월 18일 16시,화요일,부산광역시 강서구 대저2동,경상사고,0,0,2,0,차대차 - 측면충돌,안전운전불이행,건조,맑음,단일로 - 기타,승용,남,65세,상해없음,승용,남,33세,경상
택시사고,2.0221E+15,2022년 10월 19일 01시,수요일,부산광역시 부산진구 양정동,중상사고,0,1,0,0,차대사람 - 횡단중,보행자보호의무위반,건조,맑음,단일로 - 기타,승용,남,66세,상해없음,보행자,남,55세,중상
택시사고,2022101900100049,2022년 10월 19일 07시,수요일,부산광역시 동래구 명장동,경상사고,0,0,1,0,차대차 - 측면충돌,안전운전불이행,건조,맑음,단일로 - 기타,승용,여,62세,상해없음,이륜,남,35세,경상
택시사고,2022101900100651,2022년 10월 19일 23시,수요일,부산광역시 서구 서대신동1가,경상사고,0,0,2,0,차대차 - 기타,안전거리미확보,건조,맑음,교차로 - 교차로부근,승용,여,67세,상해없음,승용,남,24세,경상
택시사고,2022102000100056,2022년 10월 20일 07시,목요일,부산광역시 수영구 광안동,경상사고,0,0,1,0,차대차 - 측면충돌,안전운전불이행,건조,맑음,단일로 - 기타,승용,남,74세,상해없음,승용,남,28세,경상
택시사고,2022102000100565,2022년 10월 20일 19시,목요일,부산광역시 사하구 신평동,중상사고,0,1,0,0,차대차 - 기타,안전운전불이행,건조,맑음,교차로 - 교차로부근,승용,남,66세,기타불명,이륜,남,62세,중상
택시사고,2022102000100688,2022년 10월 20일 23시,목요일,부산광역시 연제구 연산동,경상사고,0,0,1,0,차대차 - 측면충돌,기타,건조,맑음,교차로 - 교차로부근,승용,남,62세,상해없음,이륜,남,29세,경상
택시사고,2022102100100048,2022년 10월 21일 06시,금요일,부산광역시 부산진구 부전동,경상사고,0,0,2,0,차대차 - 측면충돌,신호위반,건조,맑음,교차로 - 교차로안,승용,남,67세,상해없음,승합,남,60세,경상
택시사고,2022102100100049,2022년 10월 21일 06시,금요일,부산광역시 사하구 신평동,경상사고,0,0,1,0,차대차 - 기타,안전거리미확보,건조,맑음,단일로 - 기타,승용,남,79세,상해없음,승용,남,32세,경상
택시사고,2022102100100296,2022년 10월 21일 14시,금요일,부산광역시 동래구 온천동,경상사고,0,0,2,0,차대차 - 기타,신호위반,건조,맑음,교차로 - 교차로안,승용,남,72세,상해없음,승용,여,29세,경상
택시사고,2022102300100148,2022년 10월 23일 12시,일요일,부산광역시 부산진구 부전동,부상신고사고,0,0,0,1,차대사람 - 차도통행중,안전운전불이행,건조,맑음,단일로 - 기타,승용,남,64세,상해없음,보행자,남,60세,부상신고
택시사고,2022102300100411,2022년 10월 23일 21시,일요일,부산광역시 부산진구 범천동,경상사고,0,0,2,0,차대차 - 추돌,안전운전불이행,건조,맑음,단일로 - 기타,승용,남,65세,상해없음,승용,여,44세,경상
택시사고,2022102400100275,2022년 10월 24일 12시,월요일,부산광역시 서구 서대신동2가,경상사고,0,0,1,0,차대차 - 기타,기타,건조,맑음,단일로 - 지하차도(도로)내,승용,남,69세,상해없음,이륜,남,34세,경상
택시사고,2.0221E+15,2022년 10월 24일 14시,월요일,부산광역시 부산진구 양정동,중상사고,0,1,0,0,차대차 - 기타,안전운전불이행,건조,맑음,교차로 - 교차로안,승용,남,69세,상해없음,승합,남,63세,상해없음
택시사고,2022102400100421,2022년 10월 24일 16시,월요일,부산광역시 중구 부평동3가,중상사고,0,1,0,0,차대차 - 측면충돌,안전거리미확보,건조,맑음,교차로 - 교차로부근,승용,남,58세,기타불명,이륜,남,61세,중상
택시사고,2022102500100003,2022년 10월 25일 00시,화요일,부산광역시 수영구 광안동,경상사고,0,0,1,1,차대차 - 추돌,안전운전불이행,건조,맑음,교차로 - 교차로안,승용,남,43세,기타불명,승용,남,65세,경상
택시사고,2022102500100004,2022년 10월 25일 00시,화요일,부산광역시 부산진구 부암동,경상사고,0,0,2,0,차대차 - 기타,안전운전불이행,건조,맑음,단일로 - 기타,승용,남,58세,상해없음,승용,남,35세,경상
택시사고,2022102500100327,2022년 10월 25일 15시,화요일,부산광역시 동래구 안락동,경상사고,0,0,1,0,차대차 - 추돌,안전거리미확보,건조,맑음,단일로 - 기타,승용,남,73세,상해없음,이륜,남,41세,경상
택시사고,2022102500100555,2022년 10월 25일 19시,화요일,부산광역시 부산진구 전포동,중상사고,0,1,0,0,차대차 - 기타,기타,건조,맑음,단일로 - 기타,승용,남,72세,상해없음,이륜,여,27세,중상
택시사고,2022102500100621,2022년 10월 25일 21시,화요일,부산광역시 금정구 부곡동,경상사고,0,0,1,0,차대차 - 정면충돌,교차로운행방법위반,건조,맑음,교차로 - 교차로안,승용,남,64세,상해없음,승용,여,47세,경상
택시사고,2022102600100069,2022년 10월 26일 07시,수요일,부산광역시 사하구 구평동,경상사고,0,0,1,0,차대차 - 기타,안전거리미확보,건조,맑음,단일로 - 기타,승용,남,65세,상해없음,이륜,남,31세,경상
택시사고,2022102600100291,2022년 10월 26일 14시,수요일,부산광역시 사하구 신평동,중상사고,0,1,0,0,차대차 - 추돌,안전운전불이행,건조,맑음,단일로 - 기타,승용,남,71세,상해없음,승합,남,58세,상해없음
택시사고,2022102600100396,2022년 10월 26일 17시,수요일,부산광역시 부산진구 부암동,경상사고,0,0,1,0,차량단독 - 기타,안전운전불이행,건조,맑음,단일로 - 기타,승용,남,68세,상해없음,,,,
택시사고,2022102600100502,2022년 10월 26일 19시,수요일,부산광역시 수영구 광안동,경상사고,0,0,1,0,차대사람 - 기타,안전운전불이행,건조,맑음,단일로 - 기타,승용,남,65세,상해없음,보행자,여,63세,경상
택시사고,2022102600100625,2022년 10월 26일 23시,수요일,부산광역시 부산진구 개금동,경상사고,0,0,1,0,차량단독 - 기타,안전운전불이행,건조,맑음,단일로 - 기타,승용,남,67세,상해없음,,,,
택시사고,2022102700100104,2022년 10월 27일 08시,목요일,부산광역시 부산진구 양정동,경상사고,0,0,2,0,차대차 - 측면충돌,신호위반,건조,맑음,교차로 - 교차로안,승용,남,76세,기타불명,승용,여,30세,경상
택시사고,2022102700100189,2022년 10월 27일 10시,목요일,부산광역시 동구 좌천동,경상사고,0,0,1,0,차대차 - 측면충돌,기타,건조,맑음,단일로 - 기타,승용,남,72세,상해없음,자전거,남,78세,경상
택시사고,2.0221E+15,2022년 10월 27일 10시,목요일,부산광역시 부산진구 개금동,중상사고,0,1,0,0,차대사람 - 기타,신호위반,건조,맑음,교차로 - 교차로안,승용,남,69세,상해없음,보행자,여,74세,중상
택시사고,2022102700100444,2022년 10월 27일 17시,목요일,부산광역시 부산진구 양정동,경상사고,0,0,1,0,차대차 - 기타,신호위반,건조,맑음,교차로 - 교차로안,승용,남,65세,상해없음,이륜,남,25세,경상
택시사고,2022102800100292,2022년 10월 28일 13시,금요일,부산광역시 동구 범일동,경상사고,0,0,4,0,차대차 - 측면충돌,안전거리미확보,건조,맑음,단일로 - 기타,승용,남,53세,상해없음,승용,남,29세,경상
택시사고,2022102800100619,2022년 10월 28일 19시,금요일,부산광역시 북구 구포동,부상신고사고,0,0,0,1,차대차 - 측면충돌,안전운전불이행,건조,맑음,교차로 - 교차로안,승용,남,57세,상해없음,이륜,남,42세,부상신고
택시사고,2022102800100671,2022년 10월 28일 20시,금요일,부산광역시 수영구 남천동,경상사고,0,0,1,0,차대차 - 기타,안전거리미확보,건조,맑음,단일로 - 기타,승용,남,43세,기타불명,승합,남,66세,상해없음
택시사고,2022102800100706,2022년 10월 28일 21시,금요일,부산광역시 동구 좌천동,중상사고,0,1,0,0,차대차 - 기타,기타,젖음/습기,흐림,교차로 - 교차로안,승용,남,70세,상해없음,이륜,남,64세,중상
택시사고,2022102900100041,2022년 10월 29일 04시,토요일,부산광역시 부산진구 부전동,경상사고,0,0,2,0,차대차 - 기타,안전거리미확보,건조,맑음,단일로 - 기타,승용,남,65세,상해없음,승용,여,57세,상해없음
택시사고,2022102900100175,2022년 10월 29일 11시,토요일,부산광역시 사상구 주례동,중상사고,0,1,0,0,차대사람 - 기타,안전운전불이행,건조,맑음,교차로 - 교차로안,승용,남,63세,상해없음,보행자,여,67세,중상
택시사고,2022102900100538,2022년 10월 29일 20시,토요일,부산광역시 서구 암남동,경상사고,0,0,1,0,차대사람 - 기타,기타,건조,맑음,단일로 - 지하차도(도로)내,승용,남,61세,상해없음,보행자,여,59세,경상
택시사고,2022102900100539,2022년 10월 29일 20시,토요일,부산광역시 부산진구 전포동,경상사고,0,0,1,0,차대차 - 측면충돌,신호위반,건조,맑음,교차로 - 교차로부근,승용,남,73세,상해없음,승용,남,26세,경상
택시사고,2022102900100613,2022년 10월 29일 22시,토요일,부산광역시 남구 대연동,경상사고,0,0,1,0,차대차 - 기타,안전거리미확보,건조,맑음,단일로 - 기타,승용,남,69세,상해없음,승합,남,67세,상해없음
택시사고,2022102900100643,2022년 10월 29일 23시,토요일,부산광역시 사하구 당리동,중상사고,0,1,0,0,차대사람 - 기타,안전운전불이행,건조,맑음,단일로 - 기타,승용,남,66세,상해없음,보행자,남,48세,중상
택시사고,2022103000100216,2022년 10월 30일 13시,일요일,부산광역시 수영구 수영동,경상사고,0,0,1,0,차대차 - 추돌,교차로운행방법위반,건조,맑음,교차로 - 교차로안,승용,남,72세,상해없음,승용,남,33세,상해없음
택시사고,2.0221E+15,2022년 10월 31일 17시,월요일,부산광역시 기장군 기장읍,경상사고,0,0,1,0,차대차 - 기타,안전운전불이행,건조,맑음,단일로 - 기타,승용,남,60세,상해없음,승용,여,40세,경상
택시사고,2022103100100453,2022년 10월 31일 18시,월요일,부산광역시 수영구 남천동,중상사고,0,1,0,0,차대사람 - 횡단중,보행자보호의무위반,건조,맑음,단일로 - 기타,승용,남,60세,상해없음,보행자,여,50세,중상
택시사고,2022103100100454,2022년 10월 31일 18시,월요일,부산광역시 해운대구 재송동,경상사고,0,0,2,0,차대차 - 측면충돌,신호위반,건조,맑음,교차로 - 교차로부근,승용,남,69세,상해없음,승용,여,36세,경상
택시사고,2022110100100033,2022년 11월 1일 04시,화요일,부산광역시 사하구 당리동,중상사고,0,1,0,0,차대사람 - 횡단중,신호위반,건조,맑음,단일로 - 기타,승용,남,69세,상해없음,보행자,여,66세,중상
택시사고,2022110200100013,2022년 11월 2일 02시,수요일,부산광역시 연제구 연산동,경상사고,0,0,1,0,차대차 - 기타,중앙선침범,건조,맑음,교차로 - 교차로부근,승용,남,58세,상해없음,승용,남,54세,경상
택시사고,2022110300100569,2022년 11월 3일 23시,목요일,부산광역시 수영구 광안동,경상사고,0,0,1,0,차대차 - 측면충돌,안전운전불이행,건조,맑음,단일로 - 기타,승용,남,56세,상해없음,승용,여,34세,경상
택시사고,2022110400100021,2022년 11월 4일 02시,금요일,부산광역시 해운대구 반송동,경상사고,0,0,4,0,차대차 - 기타,안전운전불이행,건조,맑음,교차로 - 교차로안,승용,남,67세,상해없음,승용,남,60세,상해없음
택시사고,2022110400100024,2022년 11월 4일 03시,금요일,부산광역시 북구 덕천동,중상사고,0,1,0,0,차대사람 - 기타,안전운전불이행,건조,맑음,단일로 - 기타,승용,남,61세,상해없음,보행자,남,83세,중상
택시사고,2022110400100088,2022년 11월 4일 08시,금요일,부산광역시 영도구 청학동,중상사고,0,1,1,0,차대차 - 측면충돌,교차로운행방법위반,건조,맑음,교차로 - 교차로부근,승용,남,71세,경상,이륜,남,52세,중상
택시사고,2022110400100348,2022년 11월 4일 14시,금요일,부산광역시 부산진구 전포동,경상사고,0,0,2,0,차대차 - 추돌,안전운전불이행,건조,맑음,단일로 - 기타,승용,남,66세,상해없음,승용,남,77세,상해없음
택시사고,2022110400100489,2022년 11월 4일 17시,금요일,부산광역시 연제구 연산동,경상사고,0,0,1,0,차대차 - 기타,교차로운행방법위반,건조,맑음,교차로 - 교차로안,승용,남,68세,상해없음,이륜,남,22세,경상
택시사고,2022110500100004,2022년 11월 5일 00시,토요일,부산광역시 동구 범일동,경상사고,0,0,1,0,차대차 - 기타,차로위반,건조,맑음,단일로 - 기타,승용,남,67세,상해없음,승용,남,43세,경상
택시사고,2022110500100059,2022년 11월 5일 07시,토요일,부산광역시 부산진구 부전동,경상사고,0,0,1,0,차대차 - 기타,안전운전불이행,건조,맑음,단일로 - 기타,승용,남,72세,상해없음,이륜,남,43세,경상
택시사고,2022110500100306,2022년 11월 5일 14시,토요일,부산광역시 금정구 구서동,경상사고,0,0,1,0,차대사람 - 횡단중,안전운전불이행,건조,맑음,단일로 - 기타,승용,남,74세,상해없음,보행자,남,9세,경상
택시사고,2.02211E+15,2022년 11월 5일 17시,토요일,부산광역시 금정구 장전동,중상사고,0,1,0,0,차대사람 - 횡단중,교차로운행방법위반,건조,맑음,교차로 - 교차로안,승용,남,71세,상해없음,보행자,여,82세,중상
택시사고,2022110600100151,2022년 11월 6일 11시,일요일,부산광역시 남구 대연동,중상사고,0,1,3,0,차대차 - 측면충돌,안전운전불이행,건조,맑음,단일로 - 기타,승용,남,55세,기타불명,승용,남,40세,경상
택시사고,2022110600100384,2022년 11월 6일 18시,일요일,부산광역시 동구 초량동,경상사고,0,0,1,0,차대사람 - 횡단중,보행자보호의무위반,건조,맑음,단일로 - 기타,승용,남,66세,상해없음,보행자,남,5세,경상
택시사고,2022110700100131,2022년 11월 7일 09시,월요일,부산광역시 사상구 덕포동,경상사고,0,0,1,0,차대사람 - 횡단중,안전운전불이행,건조,맑음,교차로 - 교차로부근,승용,남,72세,상해없음,보행자,남,72세,경상
택시사고,2022110700100212,2022년 11월 7일 11시,월요일,부산광역시 동구 범일동,경상사고,0,0,1,0,차대차 - 추돌,안전운전불이행,건조,맑음,교차로 - 교차로부근,승용,남,74세,상해없음,승용,여,50세,경상
택시사고,2022110700100275,2022년 11월 7일 13시,월요일,부산광역시 연제구 연산동,경상사고,0,0,1,0,차대차 - 측면충돌,교차로운행방법위반,건조,맑음,교차로 - 교차로안,승용,남,70세,상해없음,승용,남,64세,경상
택시사고,2022110700100603,2022년 11월 7일 22시,월요일,부산광역시 중구 창선동1가,경상사고,0,0,1,0,차대사람 - 차도통행중,안전운전불이행,건조,맑음,단일로 - 기타,승용,남,66세,상해없음,보행자,남,28세,경상
택시사고,2022110900100303,2022년 11월 9일 15시,수요일,부산광역시 해운대구 우동,경상사고,0,0,2,0,차대차 - 측면충돌,안전거리미확보,건조,맑음,교차로 - 교차로안,승용,남,62세,상해없음,승용,남,26세,경상
택시사고,2022110900100384,2022년 11월 9일 17시,수요일,부산광역시 수영구 남천동,경상사고,0,0,1,0,차대사람 - 길가장자리구역통행중,안전운전불이행,건조,맑음,단일로 - 기타,승용,남,63세,상해없음,보행자,남,56세,경상
택시사고,2022110900100611,2022년 11월 9일 22시,수요일,부산광역시 부산진구 개금동,중상사고,0,1,0,0,차대사람 - 횡단중,안전운전불이행,건조,맑음,단일로 - 기타,승용,남,62세,상해없음,보행자,남,42세,중상
택시사고,2022111000100006,2022년 11월 10일 00시,목요일,부산광역시 부산진구 가야동,중상사고,0,1,1,0,차대차 - 측면충돌,교차로운행방법위반,건조,맑음,교차로 - 교차로안,승용,남,55세,경상,승용,남,64세,중상
택시사고,2022111000100625,2022년 11월 10일 23시,목요일,부산광역시 수영구 광안동,중상사고,0,1,0,0,차대사람 - 횡단중,안전운전불이행,건조,맑음,단일로 - 지하차도(도로)내,승용,남,58세,상해없음,보행자,여,23세,중상
택시사고,2022111100100015,2022년 11월 11일 01시,금요일,부산광역시 금정구 서동,경상사고,0,0,1,0,차대차 - 기타,안전운전불이행,건조,맑음,교차로 - 교차로부근,승용,남,72세,상해없음,승용,남,63세,상해없음
택시사고,2022111100100158,2022년 11월 11일 10시,금요일,부산광역시 강서구 명지동,경상사고,0,0,1,0,차대차 - 추돌,안전운전불이행,건조,맑음,단일로 - 기타,승용,남,59세,상해없음,화물,남,50세,상해없음
택시사고,2022111100100424,2022년 11월 11일 17시,금요일,부산광역시 북구 금곡동,사망사고,1,0,0,0,차대사람 - 기타,안전운전불이행,건조,맑음,기타 - 기타,승용,남,61세,상해없음,보행자,여,76세,사망
택시사고,2.02211E+15,2022년 11월 12일 12시,토요일,부산광역시 부산진구 부전동,중상사고,0,1,0,0,차대차 - 기타,기타,건조,맑음,단일로 - 기타,승용,여,63세,상해없음,이륜,남,52세,중상
택시사고,2022111200100452,2022년 11월 12일 18시,토요일,부산광역시 동구 범일동,경상사고,0,0,2,0,차대차 - 측면충돌,안전거리미확보,건조,맑음,교차로 - 교차로부근,승용,남,80세,상해없음,승용,남,45세,경상
택시사고,2.02211E+15,2022년 11월 12일 20시,토요일,부산광역시 동래구 안락동,경상사고,0,0,2,0,차대차 - 기타,신호위반,젖음/습기,비,교차로 - 교차로안,승용,남,67세,상해없음,승용,남,28세,경상
택시사고,2022111300100097,2022년 11월 13일 09시,일요일,부산광역시 수영구 광안동,경상사고,0,0,1,0,차대사람 - 길가장자리구역통행중,안전운전불이행,젖음/습기,맑음,단일로 - 기타,승용,남,74세,상해없음,보행자,여,15세,경상
택시사고,2022111300100179,2022년 11월 13일 13시,일요일,부산광역시 동구 초량동,경상사고,0,0,2,0,차대차 - 측면충돌,교차로운행방법위반,건조,맑음,교차로 - 교차로안,승용,남,78세,기타불명,승용,남,48세,경상
택시사고,2022111300100438,2022년 11월 13일 22시,일요일,부산광역시 남구 문현동,경상사고,0,0,1,0,차대차 - 기타,안전거리미확보,건조,맑음,단일로 - 기타,승용,남,51세,상해없음,승용,남,34세,경상
택시사고,2022111400100209,2022년 11월 14일 12시,월요일,부산광역시 서구 서대신동3가,경상사고,0,0,1,0,차대차 - 측면충돌,안전거리미확보,건조,맑음,단일로 - 기타,승용,남,78세,상해없음,원동기,남,41세,경상
택시사고,2.02211E+15,2022년 11월 14일 12시,월요일,부산광역시 서구 남부민동,경상사고,0,0,1,0,차대사람 - 횡단중,안전운전불이행,건조,맑음,단일로 - 기타,승용,남,76세,상해없음,보행자,여,62세,경상
택시사고,2022111400100489,2022년 11월 14일 19시,월요일,부산광역시 북구 덕천동,중상사고,0,1,0,0,차대차 - 측면충돌,안전운전불이행,건조,맑음,교차로 - 교차로안,승용,남,64세,상해없음,원동기,남,41세,중상
택시사고,2022111400100526,2022년 11월 14일 20시,월요일,부산광역시 사하구 신평동,경상사고,0,0,1,0,차대차 - 추돌,안전거리미확보,건조,맑음,단일로 - 기타,승용,남,62세,상해없음,이륜,남,31세,경상
택시사고,2022111500100176,2022년 11월 15일 10시,화요일,부산광역시 동래구 온천동,경상사고,0,0,1,0,차대차 - 측면충돌,차로위반,건조,맑음,단일로 - 기타,승용,남,69세,상해없음,승용,남,35세,경상
택시사고,2022111500100315,2022년 11월 15일 14시,화요일,부산광역시 서구 동대신동3가,중상사고,0,1,0,0,차대차 - 기타,중앙선침범,건조,맑음,단일로 - 기타,승용,남,67세,상해없음,이륜,남,51세,중상
택시사고,2022111500100533,2022년 11월 15일 19시,화요일,부산광역시 사하구 신평동,경상사고,0,0,1,0,차대차 - 추돌,안전운전불이행,건조,맑음,단일로 - 기타,승용,남,79세,상해없음,승용,여,38세,경상
택시사고,2022111500100618,2022년 11월 15일 22시,화요일,부산광역시 해운대구 좌동,중상사고,0,1,0,0,차대차 - 측면충돌,안전운전불이행,건조,맑음,교차로 - 교차로안,승용,남,64세,상해없음,이륜,남,23세,중상
택시사고,2022111600100069,2022년 11월 16일 07시,수요일,부산광역시 동래구 사직동,경상사고,0,0,2,0,차대차 - 기타,교차로운행방법위반,건조,맑음,교차로 - 교차로부근,승용,남,73세,상해없음,승용,남,30세,경상
택시사고,2022111600100214,2022년 11월 16일 11시,수요일,부산광역시 사하구 하단동,경상사고,0,0,1,0,차대차 - 기타,안전운전불이행,건조,맑음,단일로 - 기타,승용,남,56세,상해없음,건설기계,남,51세,경상
택시사고,2022111600100256,2022년 11월 16일 12시,수요일,부산광역시 연제구 연산동,경상사고,0,0,1,0,차대사람 - 기타,안전운전불이행,건조,맑음,교차로 - 교차로부근,승용,남,80세,상해없음,보행자,남,42세,경상
택시사고,2022111600100522,2022년 11월 16일 18시,수요일,부산광역시 중구 남포동2가,경상사고,0,0,1,0,차대차 - 측면충돌,안전거리미확보,건조,맑음,기타 - 기타,승용,남,62세,기타불명,승용,남,41세,경상