사고부문,사고번호,사고일시,요일,시군구,사고내용,사망자수,중상자수,경상자수,부상신고자수,사고유형,법규위반,노면상태,기상상태,도로형태,가해운전자 차종,가해운전자 성별,가해운전자 연령,가해운전자 상해정도,피해운전자 차종,피해운전자 성별,피해운전자 연령,피해운전자 상해정도
택시사고,2022111600100653,2022년 11월 16일 21시,수요일,부산광역시 동구 초량동,경상사고,0,0,1,0,차대차 - 추돌,안전운전불이행,건조,맑음,단일로 - 기타,승용,남,63세,상해없음,승용,여,34세,경상
택시사고,2.02211E+15,2022년 11월 16일 22시,수요일,부산광역시 금정구 부곡동,경상사고,0,0,1,0,차대사람 - 기타,안전운전불이행,건조,맑음,기타 - 기타,승용,남,64세,기타불명,보행자,여,35세,경상
택시사고,2022111700100346,2022년 11월 17일 16시,목요일,부산광역시 해운대구 반여동,경상사고,0,0,1,0,차대차 - 추돌,안전운전불이행,건조,맑음,단일로 - 기타,승용,남,65세,상해없음,승용,여,32세,경상
택시사고,2022111700100383,2022년 11월 17일 17시,목요일,부산광역시 동구 좌천동,경상사고,0,0,1,0,차대차 - 측면충돌,안전거리미확보,건조,맑음,단일로 - 기타,승용,남,66세,상해없음,승용,남,48세,경상
택시사고,2022111700100552,2022년 11월 17일 20시,목요일,부산광역시 부산진구 범천동,중상사고,0,1,0,0,차대사람 - 횡단중,보행자보호의무위반,건조,맑음,교차로 - 교차로부근,승용,남,68세,상해없음,보행자,남,22세,중상
택시사고,2022111800100027,2022년 11월 18일 03시,금요일,부산광역시 부산진구 범전동,중상사고,0,1,0,0,차대사람 - 횡단중,안전운전불이행,건조,맑음,단일로 - 기타,승용,남,63세,상해없음,보행자,여,78세,중상
택시사고,2022111800100496,2022년 11월 18일 18시,금요일,부산광역시 사하구 장림동,경상사고,0,0,1,0,차대차 - 추돌,안전운전불이행,건조,맑음,단일로 - 기타,승용,남,42세,상해없음,승용,여,33세,경상
택시사고,2022111800100497,2022년 11월 18일 18시,금요일,부산광역시 기장군 일광읍,경상사고,0,0,1,0,차대사람 - 기타,안전운전불이행,건조,맑음,단일로 - 기타,승용,남,62세,상해없음,보행자,남,62세,경상
택시사고,2.02211E+15,2022년 11월 18일 20시,금요일,부산광역시 서구 암남동,경상사고,0,0,3,0,차대차 - 측면충돌,신호위반,건조,맑음,교차로 - 교차로안,승용,남,61세,상해없음,승용,남,30세,경상
택시사고,2022111900100381,2022년 11월 19일 17시,토요일,부산광역시 수영구 수영동,중상사고,0,1,0,0,차대차 - 측면충돌,직진우회전진행방해,젖음/습기,비,교차로 - 교차로안,승용,남,64세,상해없음,이륜,여,21세,중상
택시사고,2022111900100478,2022년 11월 19일 19시,토요일,부산광역시 동구 초량동,경상사고,0,0,2,0,차대사람 - 횡단중,보행자보호의무위반,건조,맑음,교차로 - 교차로횡단보도내,승용,남,60세,상해없음,보행자,남,35세,경상
택시사고,2022111900100482,2022년 11월 19일 19시,토요일,부산광역시 해운대구 우동,경상사고,0,0,2,0,차대차 - 추돌,교차로운행방법위반,건조,맑음,교차로 - 교차로안,승용,남,52세,상해없음,승용,남,59세,상해없음
택시사고,2022112000100169,2022년 11월 20일 13시,일요일,부산광역시 강서구 대저2동,중상사고,0,1,1,0,차량단독 - 도로외이탈 - 추락,안전운전불이행,건조,맑음,단일로 - 기타,승용,남,67세,기타불명,,,,
택시사고,2022112100100435,2022년 11월 21일 18시,월요일,부산광역시 남구 대연동,중상사고,0,1,2,0,차대차 - 추돌,안전운전불이행,건조,맑음,교차로 - 교차로안,승용,남,50세,상해없음,승용,남,68세,중상
택시사고,2022112200100052,2022년 11월 22일 07시,화요일,부산광역시 동래구 명장동,경상사고,0,0,1,0,차대차 - 측면충돌,교차로운행방법위반,건조,맑음,교차로 - 교차로안,승용,남,65세,상해없음,승용,여,36세,경상
택시사고,2022112200100252,2022년 11월 22일 14시,화요일,부산광역시 동래구 안락동,경상사고,0,0,1,0,차대차 - 측면충돌,직진우회전진행방해,건조,맑음,교차로 - 교차로안,승용,남,62세,상해없음,화물,남,53세,경상
택시사고,2022112300100001,2022년 11월 23일 00시,수요일,부산광역시 남구 문현동,중상사고,0,1,1,0,차대차 - 측면충돌,중앙선침범,건조,맑음,단일로 - 기타,승용,남,51세,상해없음,이륜,남,26세,중상
택시사고,2022112300100551,2022년 11월 23일 22시,수요일,부산광역시 해운대구 반여동,중상사고,0,1,0,0,차대차 - 측면충돌,교차로운행방법위반,건조,맑음,교차로 - 교차로안,승용,남,46세,상해없음,개인형이동수단(PM),남,35세,중상
택시사고,2022112300100569,2022년 11월 23일 23시,수요일,부산광역시 사상구 주례동,중상사고,0,1,0,0,차대차 - 기타,차로위반,기타,맑음,교차로 - 교차로부근,승용,남,69세,상해없음,이륜,남,32세,중상
택시사고,2.02211E+15,2022년 11월 24일 08시,목요일,부산광역시 중구 중앙동4가,중상사고,0,1,0,0,차대차 - 측면충돌,교차로운행방법위반,건조,맑음,교차로 - 교차로안,승용,남,69세,상해없음,자전거,남,34세,중상
택시사고,2022112400100083,2022년 11월 24일 08시,목요일,부산광역시 수영구 민락동,경상사고,0,0,1,0,차대사람 - 횡단중,안전운전불이행,건조,맑음,단일로 - 기타,승용,남,69세,상해없음,보행자,남,34세,경상
택시사고,2022112400100292,2022년 11월 24일 14시,목요일,부산광역시 사상구 학장동,경상사고,0,0,1,0,차대사람 - 횡단중,신호위반,건조,맑음,교차로 - 교차로안,승용,남,82세,상해없음,보행자,남,11세,경상
택시사고,2022112500100036,2022년 11월 25일 04시,금요일,부산광역시 부산진구 가야동,경상사고,0,0,1,1,차량단독 - 공작물충돌,안전운전불이행,건조,기타,단일로 - 기타,승용,남,64세,부상신고,,,,
택시사고,2022112500100067,2022년 11월 25일 07시,금요일,부산광역시 중구 중앙동6가,경상사고,0,0,1,0,차대차 - 측면충돌,신호위반,건조,맑음,교차로 - 교차로부근,승용,남,73세,상해없음,승합,남,44세,경상
택시사고,2022112500100148,2022년 11월 25일 10시,금요일,부산광역시 중구 중앙동6가,경상사고,0,0,2,0,차대차 - 기타,신호위반,건조,맑음,교차로 - 교차로부근,승용,남,67세,상해없음,승합,남,35세,경상
택시사고,2022112500100382,2022년 11월 25일 17시,금요일,부산광역시 동래구 명륜동,경상사고,0,0,1,0,차대차 - 추돌,안전운전불이행,건조,맑음,단일로 - 기타,승용,남,61세,상해없음,승용,남,39세,경상
택시사고,2022112600100005,2022년 11월 26일 00시,토요일,부산광역시 서구 서대신동2가,경상사고,0,0,2,0,차대차 - 측면충돌,직진우회전진행방해,건조,맑음,교차로 - 교차로안,승용,남,76세,경상,승용,남,47세,경상
택시사고,2022112600100025,2022년 11월 26일 01시,토요일,부산광역시 중구 중앙동5가,경상사고,0,0,1,0,차대차 - 추돌,안전운전불이행,건조,맑음,단일로 - 기타,승용,남,65세,상해없음,승용,여,46세,경상
택시사고,2022112600100032,2022년 11월 26일 02시,토요일,부산광역시 서구 토성동2가,경상사고,0,0,1,0,차대차 - 측면충돌,안전운전불이행,건조,맑음,단일로 - 기타,승용,남,72세,상해없음,이륜,남,20세,경상
택시사고,2022112600100158,2022년 11월 26일 11시,토요일,부산광역시 동래구 명륜동,경상사고,0,0,1,0,차대사람 - 횡단중,보행자보호의무위반,건조,맑음,단일로 - 기타,승용,남,67세,상해없음,보행자,여,32세,경상
택시사고,2022112600100188,2022년 11월 26일 12시,토요일,부산광역시 연제구 거제동,부상신고사고,0,0,0,1,차대사람 - 기타,안전운전불이행,건조,맑음,단일로 - 기타,승용,남,69세,상해없음,보행자,남,62세,부상신고
택시사고,2022112600100356,2022년 11월 26일 17시,토요일,부산광역시 수영구 수영동,경상사고,0,0,1,0,차대사람 - 기타,안전운전불이행,건조,맑음,단일로 - 기타,승용,남,68세,상해없음,보행자,남,62세,경상
택시사고,2022112700100004,2022년 11월 27일 00시,일요일,부산광역시 영도구 영선동1가,경상사고,0,0,1,0,차량단독 - 기타,안전운전불이행,건조,맑음,단일로 - 기타,승용,남,67세,기타불명,,,,
택시사고,2022112700100015,2022년 11월 27일 01시,일요일,부산광역시 서구 동대신동2가,경상사고,0,0,1,0,차대차 - 기타,안전운전불이행,건조,맑음,단일로 - 기타,승용,남,67세,상해없음,이륜,남,22세,경상
택시사고,2022112700100396,2022년 11월 27일 22시,일요일,부산광역시 중구 중앙동4가,경상사고,0,0,1,0,차대차 - 측면충돌,교차로운행방법위반,건조,맑음,교차로 - 교차로안,승용,남,54세,상해없음,승용,남,57세,상해없음
택시사고,2022112800100381,2022년 11월 28일 17시,월요일,부산광역시 부산진구 범천동,경상사고,0,0,1,0,차대차 - 기타,안전거리미확보,젖음/습기,비,단일로 - 기타,승용,남,62세,상해없음,이륜,여,51세,경상
택시사고,2022112900100001,2022년 11월 29일 00시,화요일,부산광역시 금정구 오륜동,중상사고,0,1,1,0,차량단독 - 공작물충돌,안전운전불이행,젖음/습기,비,단일로 - 기타,승용,남,66세,상해없음,,,,
택시사고,2.02211E+15,2022년 11월 29일 04시,화요일,부산광역시 동구 좌천동,경상사고,0,0,1,0,차대차 - 추돌,안전운전불이행,젖음/습기,비,단일로 - 기타,승용,남,50세,상해없음,이륜,여,50세,경상
택시사고,2022112900100054,2022년 11월 29일 06시,화요일,부산광역시 서구 암남동,경상사고,0,0,2,0,차대차 - 측면충돌,신호위반,젖음/습기,비,교차로 - 교차로안,승용,남,71세,상해없음,승합,남,46세,경상
택시사고,2022120100100373,2022년 12월 1일 17시,목요일,부산광역시 연제구 거제동,경상사고,0,0,1,0,차대차 - 측면충돌,안전거리미확보,건조,맑음,단일로 - 기타,승용,남,73세,상해없음,승용,남,28세,경상
택시사고,2022120200100018,2022년 12월 2일 01시,금요일,부산광역시 해운대구 좌동,경상사고,0,0,1,0,차대차 - 측면충돌,중앙선침범,건조,맑음,교차로 - 교차로안,승용,남,68세,상해없음,이륜,남,19세,경상
택시사고,2022120200100577,2022년 12월 2일 20시,금요일,부산광역시 중구 대청동4가,경상사고,0,0,1,0,차대차 - 측면충돌,안전운전불이행,건조,맑음,교차로 - 교차로안,승용,남,62세,상해없음,이륜,남,22세,경상
택시사고,2022120200100602,2022년 12월 2일 21시,금요일,부산광역시 금정구 장전동,경상사고,0,0,1,0,차대사람 - 횡단중,보행자보호의무위반,건조,맑음,교차로 - 교차로횡단보도내,승용,남,67세,상해없음,보행자,남,57세,경상
택시사고,2022120200100639,2022년 12월 2일 23시,금요일,부산광역시 부산진구 가야동,경상사고,0,0,1,0,차대차 - 추돌,안전거리미확보,건조,맑음,단일로 - 기타,승용,남,80세,상해없음,이륜,남,27세,경상
택시사고,2022120300100228,2022년 12월 3일 13시,토요일,부산광역시 연제구 연산동,경상사고,0,0,1,0,차대차 - 기타,안전운전불이행,건조,맑음,단일로 - 기타,승용,남,68세,상해없음,화물,남,48세,경상
택시사고,2022120300100478,2022년 12월 3일 20시,토요일,부산광역시 부산진구 부암동,경상사고,0,0,1,0,차대차 - 추돌,안전운전불이행,건조,맑음,교차로 - 교차로안,승용,남,62세,상해없음,승용,여,35세,경상
택시사고,2022120300100479,2022년 12월 3일 20시,토요일,부산광역시 부산진구 범천동,경상사고,0,0,1,0,차대차 - 기타,안전운전불이행,건조,맑음,교차로 - 교차로안,승용,남,74세,상해없음,승용,남,52세,경상
택시사고,2022120300100535,2022년 12월 3일 22시,토요일,부산광역시 북구 만덕동,경상사고,0,0,1,0,차대차 - 추돌,안전운전불이행,건조,맑음,교차로 - 교차로안,승용,남,59세,상해없음,이륜,남,41세,경상
택시사고,2022120400100069,2022년 12월 4일 09시,일요일,부산광역시 강서구 명지동,경상사고,0,0,1,0,차대차 - 기타,신호위반,건조,맑음,교차로 - 교차로안,승용,남,78세,상해없음,승용,남,57세,경상
택시사고,2022120400100297,2022년 12월 4일 18시,일요일,부산광역시 부산진구 가야동,중상사고,0,1,0,0,차대차 - 기타,중앙선침범,건조,맑음,단일로 - 기타,승용,남,64세,상해없음,이륜,남,53세,중상
택시사고,2022120500100024,2022년 12월 5일 06시,월요일,부산광역시 수영구 광안동,경상사고,0,0,1,0,차대사람 - 기타,안전운전불이행,건조,맑음,교차로 - 교차로부근,승용,남,58세,상해없음,보행자,여,77세,경상
택시사고,2022120500100053,2022년 12월 5일 08시,월요일,부산광역시 사하구 괴정동,경상사고,0,0,2,0,차대차 - 추돌,안전거리미확보,건조,맑음,교차로 - 교차로안,승용,남,60세,상해없음,승용,여,42세,경상
택시사고,2022120500100145,2022년 12월 5일 11시,월요일,부산광역시 영도구 신선동1가,경상사고,0,0,1,0,차대차 - 추돌,안전거리미확보,건조,맑음,단일로 - 지하차도(도로)내,승용,여,61세,상해없음,이륜,남,62세,경상
택시사고,2022120500100477,2022년 12월 5일 21시,월요일,부산광역시 기장군 기장읍,경상사고,0,0,2,0,차대차 - 기타,안전거리미확보,건조,맑음,교차로 - 교차로부근,승용,남,69세,상해없음,승용,남,23세,경상
택시사고,2022120600100387,2022년 12월 6일 16시,화요일,부산광역시 서구 서대신동3가,경상사고,0,0,1,0,차대차 - 측면충돌,안전운전불이행,건조,맑음,교차로 - 교차로부근,승용,남,67세,상해없음,승용,여,50세,경상
택시사고,2022120600100568,2022년 12월 6일 20시,화요일,부산광역시 사하구 하단동,부상신고사고,0,0,0,1,차대차 - 측면충돌,안전운전불이행,건조,맑음,단일로 - 기타,승용,남,53세,상해없음,이륜,남,18세,부상신고
택시사고,2022120600100595,2022년 12월 6일 21시,화요일,부산광역시 수영구 망미동,중상사고,0,1,0,0,차대차 - 측면충돌,안전운전불이행,건조,맑음,단일로 - 기타,승용,남,56세,상해없음,승합,남,42세,상해없음
택시사고,2022120700100128,2022년 12월 7일 09시,수요일,부산광역시 부산진구 범천동,경상사고,0,0,1,0,차대차 - 추돌,안전운전불이행,건조,맑음,단일로 - 기타,승용,남,66세,상해없음,원동기,남,32세,경상
택시사고,2.02212E+15,2022년 12월 7일 11시,수요일,부산광역시 북구 덕천동,경상사고,0,0,1,0,차대차 - 기타,안전거리미확보,건조,맑음,단일로 - 기타,승용,남,65세,경상,화물,남,74세,상해없음
택시사고,2.02212E+15,2022년 12월 8일 17시,목요일,부산광역시 사하구 괴정동,경상사고,0,0,1,0,차대차 - 기타,안전거리미확보,건조,맑음,교차로 - 교차로안,승용,남,65세,상해없음,승용,남,38세,경상
택시사고,2022120900100483,2022년 12월 9일 19시,금요일,부산광역시 남구 대연동,경상사고,0,0,1,0,차대사람 - 횡단중,보행자보호의무위반,건조,맑음,교차로 - 교차로횡단보도내,승용,남,66세,상해없음,보행자,남,19세,경상
택시사고,2022121000100396,2022년 12월 10일 18시,토요일,부산광역시 수영구 수영동,경상사고,0,0,2,0,차대차 - 측면충돌,교차로운행방법위반,건조,맑음,교차로 - 교차로안,승용,남,66세,상해없음,승용,남,66세,상해없음
택시사고,2022121000100437,2022년 12월 10일 19시,토요일,부산광역시 부산진구 가야동,중상사고,0,1,0,0,차대차 - 측면충돌,기타,건조,맑음,교차로 - 교차로부근,승용,남,70세,상해없음,이륜,남,19세,중상
택시사고,2022121200100034,2022년 12월 12일 06시,월요일,부산광역시 강서구 대저1동,중상사고,0,1,0,0,차대차 - 추돌,안전운전불이행,건조,맑음,교차로 - 교차로부근,승용,남,59세,기타불명,승용,남,39세,중상
택시사고,2022121200100124,2022년 12월 12일 10시,월요일,부산광역시 북구 덕천동,경상사고,0,0,1,0,차대사람 - 길가장자리구역통행중,기타,건조,맑음,단일로 - 기타,승용,남,80세,상해없음,보행자,여,24세,경상
택시사고,2022121300100139,2022년 12월 13일 10시,화요일,부산광역시 해운대구 중동,중상사고,0,1,0,0,차대차 - 측면충돌,교차로운행방법위반,건조,맑음,교차로 - 교차로부근,승용,남,73세,상해없음,승용,여,62세,중상
택시사고,2022121300100488,2022년 12월 13일 21시,화요일,부산광역시 동구 좌천동,경상사고,0,0,2,0,차대차 - 측면충돌,안전거리미확보,건조,맑음,단일로 - 교량,승용,남,64세,상해없음,승용,남,46세,경상
택시사고,2022121400100028,2022년 12월 14일 04시,수요일,부산광역시 사상구 괘법동,중상사고,0,1,0,0,차량단독 - 공작물충돌,안전운전불이행,건조,맑음,단일로 - 기타,승용,남,62세,기타불명,,,,
택시사고,2022121400100187,2022년 12월 14일 10시,수요일,부산광역시 수영구 남천동,중상사고,0,1,0,0,차대사람 - 차도통행중,안전운전불이행,건조,맑음,기타 - 기타,승용,남,67세,상해없음,보행자,남,26세,중상
택시사고,2022121400100358,2022년 12월 14일 15시,수요일,부산광역시 서구 암남동,중상사고,0,1,4,0,차대차 - 정면충돌,중앙선침범,건조,맑음,단일로 - 기타,승용,남,59세,상해없음,승합,남,49세,경상
택시사고,2022121400100442,2022년 12월 14일 17시,수요일,부산광역시 강서구 신호동,중상사고,0,1,0,0,차대차 - 추돌,안전거리미확보,건조,맑음,단일로 - 기타,승용,남,58세,상해없음,이륜,남,42세,중상
택시사고,2022121400100564,2022년 12월 14일 19시,수요일,부산광역시 중구 중앙동5가,중상사고,0,1,0,0,차대차 - 기타,안전운전불이행,건조,맑음,교차로 - 교차로횡단보도내,승용,남,62세,상해없음,자전거,남,29세,중상
택시사고,2022121400100679,2022년 12월 14일 23시,수요일,부산광역시 남구 대연동,경상사고,0,0,1,0,차대차 - 기타,기타,건조,맑음,교차로 - 교차로부근,승용,남,66세,상해없음,이륜,남,40세,경상
택시사고,2022121500100549,2022년 12월 15일 22시,목요일,부산광역시 부산진구 전포동,경상사고,0,0,1,0,차대차 - 기타,기타,건조,맑음,단일로 - 기타,승용,남,40세,상해없음,이륜,남,52세,경상
택시사고,2022121600100528,2022년 12월 16일 21시,금요일,부산광역시 사하구 감천동,경상사고,0,0,2,0,차대차 - 추돌,안전운전불이행,건조,맑음,단일로 - 기타,승용,남,65세,상해없음,승용,여,41세,경상
택시사고,2022121600100582,2022년 12월 16일 23시,금요일,부산광역시 동래구 사직동,경상사고,0,0,4,0,차대차 - 정면충돌,신호위반,건조,맑음,교차로 - 교차로안,승용,남,71세,상해없음,승용,남,59세,경상
택시사고,2022121700100238,2022년 12월 17일 13시,토요일,부산광역시 동래구 온천동,경상사고,0,0,1,0,차대차 - 측면충돌,신호위반,건조,맑음,교차로 - 교차로안,승용,남,64세,상해없음,승용,남,45세,경상
택시사고,2022121700100506,2022년 12월 17일 21시,토요일,부산광역시 부산진구 당감동,경상사고,0,0,1,0,차대사람 - 횡단중,신호위반,건조,맑음,단일로 - 기타,승용,남,69세,상해없음,보행자,여,34세,경상
택시사고,2022121700100531,2022년 12월 17일 22시,토요일,부산광역시 동래구 사직동,중상사고,0,2,0,0,차대차 - 측면충돌,안전운전불이행,건조,맑음,단일로 - 기타,승용,남,66세,상해없음,이륜,남,23세,중상
택시사고,2022121800100093,2022년 12월 18일 10시,일요일,부산광역시 동구 좌천동,중상사고,0,1,0,0,차대차 - 추돌,안전운전불이행,건조,맑음,단일로 - 기타,승용,남,67세,상해없음,승용,여,47세,중상
택시사고,2022121800100368,2022년 12월 18일 20시,일요일,부산광역시 중구 보수동3가,경상사고,0,0,1,0,차대차 - 측면충돌,안전운전불이행,건조,맑음,단일로 - 기타,승용,남,54세,상해없음,이륜,남,22세,경상
택시사고,2022121900100063,2022년 12월 19일 07시,월요일,부산광역시 부산진구 범천동,경상사고,0,0,1,0,차대차 - 기타,안전거리미확보,건조,맑음,기타 - 기타,승용,남,60세,상해없음,화물,남,25세,경상
택시사고,2022121900100227,2022년 12월 19일 12시,월요일,부산광역시 동구 범일동,경상사고,0,0,3,0,차대차 - 측면충돌,신호위반,건조,맑음,교차로 - 교차로안,승용,남,55세,경상,승합,남,70세,경상
택시사고,2022121900100435,2022년 12월 19일 18시,월요일,부산광역시 부산진구 전포동,경상사고,0,0,1,0,차대차 - 기타,안전거리미확보,건조,맑음,단일로 - 기타,승용,남,75세,경상,승용,남,69세,상해없음
택시사고,2022121900100524,2022년 12월 19일 21시,월요일,부산광역시 동구 범일동,중상사고,0,1,0,0,차대차 - 측면충돌,교차로운행방법위반,건조,맑음,교차로 - 교차로안,승용,남,65세,상해없음,승합,남,61세,상해없음
택시사고,2022121900100525,2022년 12월 19일 21시,월요일,부산광역시 부산진구 연지동,경상사고,0,0,1,0,차대차 - 측면충돌,교차로운행방법위반,건조,맑음,교차로 - 교차로안,승용,남,64세,상해없음,이륜,남,40세,경상
택시사고,2022122000100586,2022년 12월 20일 20시,화요일,부산광역시 강서구 명지동,경상사고,0,0,1,0,차대차 - 기타,안전운전불이행,건조,맑음,교차로 - 교차로부근,승용,남,65세,상해없음,자전거,남,74세,경상
택시사고,2022122100100064,2022년 12월 21일 07시,수요일,부산광역시 금정구 부곡동,중상사고,0,1,1,0,차대차 - 기타,안전운전불이행,건조,맑음,교차로 - 교차로안,승용,남,74세,경상,승용,남,51세,중상
택시사고,2022122100100412,2022년 12월 21일 19시,수요일,부산광역시 수영구 남천동,경상사고,0,0,1,0,차대차 - 측면충돌,신호위반,젖음/습기,흐림,단일로 - 기타,승용,남,69세,상해없음,승용,남,58세,경상
택시사고,2022122100100442,2022년 12월 21일 20시,수요일,부산광역시 남구 대연동,중상사고,0,1,0,0,차대차 - 기타,안전거리미확보,건조,맑음,단일로 - 기타,승용,남,67세,상해없음,이륜,남,57세,중상
택시사고,2022122200100039,2022년 12월 22일 05시,목요일,부산광역시 사상구 학장동,경상사고,0,0,1,0,차대사람 - 횡단중,신호위반,건조,맑음,단일로 - 기타,승용,남,77세,상해없음,보행자,여,70세,경상
택시사고,2.02212E+15,2022년 12월 22일 05시,목요일,부산광역시 사상구 학장동,중상사고,0,1,0,0,차대차 - 기타,신호위반,건조,맑음,교차로 - 교차로안,승용,남,67세,상해없음,자전거,남,64세,중상
택시사고,2022122200100045,2022년 12월 22일 06시,목요일,부산광역시 중구 부평동2가,경상사고,0,0,2,0,차대차 - 측면충돌,신호위반,건조,맑음,단일로 - 기타,승용,남,69세,상해없음,화물,남,42세,경상
택시사고,2022122300100003,2022년 12월 23일 00시,금요일,부산광역시 남구 용호동,중상사고,0,1,0,0,차대차 - 기타,신호위반,건조,맑음,교차로 - 교차로안,승용,남,65세,상해없음,이륜,남,24세,중상
택시사고,2022122300100106,2022년 12월 23일 09시,금요일,부산광역시 동구 좌천동,중상사고,0,1,0,0,차대사람 - 횡단중,보행자보호의무위반,건조,맑음,교차로 - 교차로횡단보도내,승용,남,58세,상해없음,보행자,여,85세,중상
택시사고,2022122300100136,2022년 12월 23일 10시,금요일,부산광역시 서구 암남동,경상사고,0,0,1,0,차대차 - 측면충돌,안전운전불이행,건조,맑음,단일로 - 기타,승용,남,63세,상해없음,승용,남,38세,경상
택시사고,2022122300100191,2022년 12월 23일 12시,금요일,부산광역시 강서구 명지동,경상사고,0,0,1,0,차대사람 - 횡단중,보행자보호의무위반,건조,맑음,교차로 - 교차로횡단보도내,승용,남,66세,상해없음,보행자,남,23세,경상
택시사고,2.02212E+15,2022년 12월 23일 21시,금요일,부산광역시 동래구 명륜동,경상사고,0,0,1,0,차대차 - 측면충돌,신호위반,건조,맑음,교차로 - 교차로안,승용,남,66세,상해없음,이륜,남,30세,경상
택시사고,2022122300100502,2022년 12월 23일 21시,금요일,부산광역시 연제구 연산동,경상사고,0,0,1,0,차대사람 - 기타,안전운전불이행,건조,맑음,단일로 - 기타,승용,남,68세,상해없음,보행자,남,66세,경상
택시사고,2022122400100129,2022년 12월 24일 11시,토요일,부산광역시 해운대구 중동,경상사고,0,0,1,0,차대차 - 기타,교차로운행방법위반,건조,맑음,교차로 - 교차로안,승용,남,63세,상해없음,원동기,남,37세,경상
택시사고,2022122400100131,2022년 12월 24일 11시,토요일,부산광역시 부산진구 개금동,경상사고,0,0,1,0,차대차 - 추돌,안전운전불이행,건조,맑음,교차로 - 교차로부근,승용,남,54세,상해없음,승합,여,49세,경상
택시사고,2022122400100208,2022년 12월 24일 13시,토요일,부산광역시 수영구 광안동,경상사고,0,0,1,0,차량단독 - 기타,안전운전불이행,건조,맑음,교차로 - 교차로안,승용,남,71세,상해없음,,,,
택시사고,2022122600100267,2022년 12월 26일 14시,월요일,부산광역시 연제구 연산동,부상신고사고,0,0,0,1,차대차 - 기타,안전운전불이행,건조,맑음,교차로 - 교차로부근,승용,남,65세,상해없음,승용,남,25세,부상신고
택시사고,2022122600100353,2022년 12월 26일 17시,월요일,부산광역시 부산진구 범천동,경상사고,0,0,2,0,차대차 - 추돌,안전거리미확보,건조,맑음,단일로 - 기타,승용,남,67세,상해없음,승용,여,26세,경상
택시사고,2022122600100354,2022년 12월 26일 17시,월요일,부산광역시 부산진구 전포동,경상사고,0,0,1,0,차대차 - 기타,안전운전불이행,건조,맑음,교차로 - 교차로부근,승용,남,73세,상해없음,이륜,남,33세,경상
택시사고,2022122600100542,2022년 12월 26일 23시,월요일,부산광역시 금정구 구서동,경상사고,0,0,2,0,차대차 - 기타,안전운전불이행,건조,맑음,단일로 - 기타,승용,남,63세,상해없음,승용,남,32세,경상
택시사고,2022122700100422,2022년 12월 27일 18시,화요일,부산광역시 사하구 괴정동,중상사고,0,1,0,0,차대차 - 기타,안전운전불이행,건조,맑음,교차로 - 교차로부근,승용,남,67세,상해없음,이륜,남,41세,중상
택시사고,2022122700100537,2022년 12월 27일 21시,화요일,부산광역시 남구 대연동,중상사고,0,1,0,0,차대차 - 측면충돌,안전운전불이행,건조,맑음,교차로 - 교차로부근,승용,남,69세,상해없음,개인형이동수단(PM),남,29세,중상
택시사고,2022122800100026,2022년 12월 28일 03시,수요일,부산광역시 부산진구 부전동,중상사고,0,1,0,0,차대사람 - 횡단중,기타,건조,맑음,교차로 - 교차로안,승용,남,51세,상해없음,보행자,남,23세,중상
택시사고,2022122800100428,2022년 12월 28일 18시,수요일,부산광역시 금정구 부곡동,경상사고,0,0,1,0,차대차 - 기타,기타,건조,맑음,교차로 - 교차로부근,승용,남,53세,상해없음,승합,남,58세,경상
택시사고,2022122800100554,2022년 12월 28일 21시,수요일,부산광역시 영도구 봉래동3가,경상사고,0,0,1,0,차량단독 - 기타,안전운전불이행,건조,기타,단일로 - 기타,승용,남,43세,상해없음,,,,
택시사고,2022122900100615,2022년 12월 29일 23시,목요일,부산광역시 수영구 광안동,경상사고,0,0,1,0,차대차 - 추돌,안전운전불이행,건조,맑음,교차로 - 교차로안,승용,남,62세,상해없음,이륜,남,23세,경상
택시사고,2022122900100616,2022년 12월 29일 23시,목요일,부산광역시 해운대구 좌동,경상사고,0,0,1,0,차대차 - 정면충돌,교차로운행방법위반,건조,맑음,교차로 - 교차로안,승용,남,57세,상해없음,이륜,남,53세,경상
택시사고,2022123000100197,2022년 12월 30일 12시,금요일,부산광역시 해운대구 우동,경상사고,0,0,2,0,차대차 - 추돌,안전운전불이행,건조,맑음,단일로 - 기타,승용,남,56세,상해없음,승용,남,29세,경상
택시사고,2022123000100242,2022년 12월 30일 13시,금요일,부산광역시 중구 남포동1가,경상사고,0,0,1,0,차대차 - 추돌,안전운전불이행,건조,맑음,단일로 - 기타,승용,남,80세,상해없음,승용,남,67세,경상
택시사고,2022123100100382,2022년 12월 31일 18시,토요일,부산광역시 중구 남포동2가,경상사고,0,0,1,0,차대차 - 추돌,기타,건조,맑음,단일로 - 기타,승용,남,74세,상해없음,이륜,남,22세,경상
택시사고,2022123100100452,2022년 12월 31일 20시,토요일,부산광역시 북구 구포동,경상사고,0,0,1,0,차대사람 - 기타,기타,건조,맑음,단일로 - 기타,승용,남,69세,상해없음,보행자,남,37세,경상